[00:18:46] PowerScaler Labs Native Causal Probe Foundation started.
[00:18:46] Legacy guided overlay, generic recording, candidate ranking, and broad scanner UI are retired.
[00:18:46] The managed Runtime remains external/read-only; ProbeHost is a separate explicit-attach privilege lane.
[00:18:47] Started isolated ProbeHost PID 24416; no game attachment was requested.
[00:18:48] Started external research runtime PID 1312.
[00:18:48] Connected to the isolated causal ProbeHost.
[00:18:48] Connected to the external research runtime.
[00:23:38] Fighter acquired
[00:23:38] Fighter acquired
[00:23:53] Probe attached to DBXV2 PID 20872.
[00:23:55] Armed · DR0 write/4 · 71 threads · trace 639214175255927292 · watch 639214175255927293
[00:23:55] HP TRACE ARMED
Slot: 0
Generation: 1
BattleInstanceId: 1
IdentityKey: bbbb6e68fb6047df915bf5cd8ba4efda:battle-1:slot-0:generation-1
ActorAddress: 0x0000019869C77AB0
CurrentHealthOffset: 0x100
WatchedAddress: 0x0000019869C77BB0
HP at arm: 333.03891
Max HP: 333.03891
Health percent: 100.00%
Arm QPC: 212878102017
TraceSessionId: 639214175255927292
WatchId: 639214175255927293
Eligible threads: 71
Instrumented threads: 71
Conflict threads: 0
[00:24:08] HARDWARE WRITE TRAP
Sequence: 1
TraceSessionId: 639214175255927292
WatchId: 639214175255927293
ThreadId: 18620
TrapRip: 0x00007FF68FAFCC99
NormalizedTrapRip / code context: NativeProbe | DBXV2.exe+0xBCC99 | code[-32,+16]=0085C075580F57D20F2FF27250F30F58B3000100000F2FF2F30F11B300010000720FF30F108304010000F30F5DC60F28
WatchedAddress: 0x0000019869C77BB0
AccessWidth: 4
AccessType: Write
XMM0.scalar: 0 (0x00000000)
XMM6.scalar: 333.03891 (0x43A684FB)
DR6: 0x00000000FFFF0FF1
DR7: 0x00000000000D0401
RAX: 0x0000000000000000
RBX: 0x0000019869C77AB0
RCX: 0x0000019869C77AB0
RDX: 0x0000000000000000
RSI: 0x0000000000000000
RDI: 0x0000019869C77AB0
RBP: 0x0000006D39CDF600
R8: 0x0000000000000000
R9: 0x000000000000000E
R10: 0x00007FF690A2AA98
R11: 0x0000006D39CDF4E0
R12: 0x0000000000000000
R13: 0x0000000000500000
R14: 0x0000000000000000
R15: 0x0000000000000000
Fighter correlations:
RCX -> Slot 0 / Gen 1
RDX -> —
[00:24:08] HARDWARE WRITE TRAP
Sequence: 2
TraceSessionId: 639214175255927292
WatchId: 639214175255927293
ThreadId: 18620
TrapRip: 0x00007FF68FAFCCC5
NormalizedTrapRip / code context: NativeProbe | DBXV2.exe+0xBCCC5 | code[-32,+16]=5DC60F28D0F30F108B040100000F28C2F30F588308010000F30F1193000100000F2FC1760CF30F5CCAF30F118B080100
WatchedAddress: 0x0000019869C77BB0
AccessWidth: 4
AccessType: Write
XMM0.scalar: 333.03891 (0x43A684FB)
XMM6.scalar: 333.03891 (0x43A684FB)
DR6: 0x00000000FFFF0FF1
DR7: 0x00000000000D0401
RAX: 0x0000000000000000
RBX: 0x0000019869C77AB0
RCX: 0x0000019869C77AB0
RDX: 0x0000000000000000
RSI: 0x0000000000000000
RDI: 0x0000019869C77AB0
RBP: 0x0000006D39CDF600
R8: 0x0000000000000000
R9: 0x000000000000000E
R10: 0x00007FF690A2AA98
R11: 0x0000006D39CDF4E0
R12: 0x0000000000000000
R13: 0x0000000000500000
R14: 0x0000000000000000
R15: 0x0000000000000000
Fighter correlations:
RCX -> Slot 0 / Gen 1
RDX -> —
[00:24:08] HARDWARE WRITE TRAP
Sequence: 3
TraceSessionId: 639214175255927292
WatchId: 639214175255927293
ThreadId: 17612
TrapRip: 0x00007FF68FAFCC99
NormalizedTrapRip / code context: NativeProbe | DBXV2.exe+0xBCC99 | code[-32,+16]=0085C075580F57D20F2FF27250F30F58B3000100000F2FF2F30F11B300010000720FF30F108304010000F30F5DC60F28
WatchedAddress: 0x0000019869C77BB0
AccessWidth: 4
AccessType: Write
XMM0.scalar: 0 (0x00000000)
XMM6.scalar: 333.03891 (0x43A684FB)
DR6: 0x00000000FFFF0FF1
DR7: 0x00000000000D0401
RAX: 0x0000000000000000
RBX: 0x0000019869C77AB0
RCX: 0x0000019869C77AB0
RDX: 0x0000000000000000
RSI: 0x0000000000000000
RDI: 0x0000019869C77AB0
RBP: 0x0000006D39EDFAA0
R8: 0x0000000000000000
R9: 0x000000000000000E
R10: 0x00007FF690A2AA98
R11: 0x0000006D39EDF980
R12: 0x0000000000000000
R13: 0x0000000000500000
R14: 0x0000000000000000
R15: 0x0000000000000000
Fighter correlations:
RCX -> Slot 0 / Gen 1
RDX -> —
[00:24:08] HARDWARE WRITE TRAP
Sequence: 4
TraceSessionId: 639214175255927292
WatchId: 639214175255927293
ThreadId: 17612
TrapRip: 0x00007FF68FAFCCC5
NormalizedTrapRip / code context: NativeProbe | DBXV2.exe+0xBCCC5 | code[-32,+16]=5DC60F28D0F30F108B040100000F28C2F30F588308010000F30F1193000100000F2FC1760CF30F5CCAF30F118B080100
WatchedAddress: 0x0000019869C77BB0
AccessWidth: 4
AccessType: Write
XMM0.scalar: 333.03891 (0x43A684FB)
XMM6.scalar: 333.03891 (0x43A684FB)
DR6: 0x00000000FFFF0FF1
DR7: 0x00000000000D0401
RAX: 0x0000000000000000
RBX: 0x0000019869C77AB0
RCX: 0x0000019869C77AB0
RDX: 0x0000000000000000
RSI: 0x0000000000000000
RDI: 0x0000019869C77AB0
RBP: 0x0000006D39EDFAA0
R8: 0x0000000000000000
R9: 0x000000000000000E
R10: 0x00007FF690A2AA98
R11: 0x0000006D39EDF980
R12: 0x0000000000000000
R13: 0x0000000000500000
R14: 0x0000000000000000
R15: 0x0000000000000000
Fighter correlations:
RCX -> Slot 0 / Gen 1
RDX -> —
[00:24:08] HARDWARE WRITE TRAP
Sequence: 5
TraceSessionId: 639214175255927292
WatchId: 639214175255927293
ThreadId: 18620
TrapRip: 0x00007FF68FAFCC99
NormalizedTrapRip / code context: NativeProbe | DBXV2.exe+0xBCC99 | code[-32,+16]=0085C075580F57D20F2FF27250F30F58B3000100000F2FF2F30F11B300010000720FF30F108304010000F30F5DC60F28
WatchedAddress: 0x0000019869C77BB0
AccessWidth: 4
AccessType: Write
XMM0.scalar: 0 (0x00000000)
XMM6.scalar: 333.03891 (0x43A684FB)
DR6: 0x00000000FFFF0FF1
DR7: 0x00000000000D0401
RAX: 0x0000000000000000
RBX: 0x0000019869C77AB0
RCX: 0x0000019869C77AB0
RDX: 0x0000000000000000
RSI: 0x0000000000000000
RDI: 0x0000019869C77AB0
RBP: 0x0000006D39CDF600
R8: 0x0000000000000000
R9: 0x000000000000000E
R10: 0x00007FF690A2AA98
R11: 0x0000006D39CDF4E0
R12: 0x0000000000000000
R13: 0x0000000000500000
R14: 0x0000000000000000
R15: 0x0000000000000000
Fighter correlations:
RCX -> Slot 0 / Gen 1
RDX -> —
[00:24:08] HARDWARE WRITE TRAP
Sequence: 6
TraceSessionId: 639214175255927292
WatchId: 639214175255927293
ThreadId: 18620
TrapRip: 0x00007FF68FAFCCC5
NormalizedTrapRip / code context: NativeProbe | DBXV2.exe+0xBCCC5 | code[-32,+16]=5DC60F28D0F30F108B040100000F28C2F30F588308010000F30F1193000100000F2FC1760CF30F5CCAF30F118B080100
WatchedAddress: 0x0000019869C77BB0
AccessWidth: 4
AccessType: Write
XMM0.scalar: 333.03891 (0x43A684FB)
XMM6.scalar: 333.03891 (0x43A684FB)
DR6: 0x00000000FFFF0FF1
DR7: 0x00000000000D0401
RAX: 0x0000000000000000
RBX: 0x0000019869C77AB0
RCX: 0x0000019869C77AB0
RDX: 0x0000000000000000
RSI: 0x0000000000000000
RDI: 0x0000019869C77AB0
RBP: 0x0000006D39CDF600
R8: 0x0000000000000000
R9: 0x000000000000000E
R10: 0x00007FF690A2AA98
R11: 0x0000006D39CDF4E0
R12: 0x0000000000000000
R13: 0x0000000000500000
R14: 0x0000000000000000
R15: 0x0000000000000000
Fighter correlations:
RCX -> Slot 0 / Gen 1
RDX -> —
[00:24:08] HARDWARE WRITE TRAP
Sequence: 7
TraceSessionId: 639214175255927292
WatchId: 639214175255927293
ThreadId: 17612
TrapRip: 0x00007FF68FAFCC99
NormalizedTrapRip / code context: NativeProbe | DBXV2.exe+0xBCC99 | code[-32,+16]=0085C075580F57D20F2FF27250F30F58B3000100000F2FF2F30F11B300010000720FF30F108304010000F30F5DC60F28
WatchedAddress: 0x0000019869C77BB0
AccessWidth: 4
AccessType: Write
XMM0.scalar: 0 (0x00000000)
XMM6.scalar: 333.03891 (0x43A684FB)
DR6: 0x00000000FFFF0FF1
DR7: 0x00000000000D0401
RAX: 0x0000000000000000
RBX: 0x0000019869C77AB0
RCX: 0x0000019869C77AB0
RDX: 0x0000000000000000
RSI: 0x0000000000000000
RDI: 0x0000019869C77AB0
RBP: 0x0000006D39EDFAA0
R8: 0x0000000000000000
R9: 0x000000000000000E
R10: 0x00007FF690A2AA98
R11: 0x0000006D39EDF980
R12: 0x0000000000000000
R13: 0x0000000000500000
R14: 0x0000000000000000
R15: 0x0000000000000000
Fighter correlations:
RCX -> Slot 0 / Gen 1
RDX -> —
[00:24:08] HARDWARE WRITE TRAP
Sequence: 8
TraceSessionId: 639214175255927292
WatchId: 639214175255927293
ThreadId: 17612
TrapRip: 0x00007FF68FAFCCC5
NormalizedTrapRip / code context: NativeProbe | DBXV2.exe+0xBCCC5 | code[-32,+16]=5DC60F28D0F30F108B040100000F28C2F30F588308010000F30F1193000100000F2FC1760CF30F5CCAF30F118B080100
WatchedAddress: 0x0000019869C77BB0
AccessWidth: 4
AccessType: Write
XMM0.scalar: 333.03891 (0x43A684FB)
XMM6.scalar: 333.03891 (0x43A684FB)
DR6: 0x00000000FFFF0FF1
DR7: 0x00000000000D0401
RAX: 0x0000000000000000
RBX: 0x0000019869C77AB0
RCX: 0x0000019869C77AB0
RDX: 0x0000000000000000
RSI: 0x0000000000000000
RDI: 0x0000019869C77AB0
RBP: 0x0000006D39EDFAA0
R8: 0x0000000000000000
R9: 0x000000000000000E
R10: 0x00007FF690A2AA98
R11: 0x0000006D39EDF980
R12: 0x0000000000000000
R13: 0x0000000000500000
R14: 0x0000000000000000
R15: 0x0000000000000000
Fighter correlations:
RCX -> Slot 0 / Gen 1
RDX -> —
[00:24:08] HARDWARE WRITE TRAP
Sequence: 9
TraceSessionId: 639214175255927292
WatchId: 639214175255927293
ThreadId: 16992
TrapRip: 0x00007FF68FAFCC99
NormalizedTrapRip / code context: NativeProbe | DBXV2.exe+0xBCC99 | code[-32,+16]=0085C075580F57D20F2FF27250F30F58B3000100000F2FF2F30F11B300010000720FF30F108304010000F30F5DC60F28
WatchedAddress: 0x0000019869C77BB0
AccessWidth: 4
AccessType: Write
XMM0.scalar: 0 (0x00000000)
XMM6.scalar: 333.03891 (0x43A684FB)
DR6: 0x00000000FFFF0FF1
DR7: 0x00000000000D0401
RAX: 0x0000000000000000
RBX: 0x0000019869C77AB0
RCX: 0x0000019869C77AB0
RDX: 0x0000000000000000
RSI: 0x0000000000000000
RDI: 0x0000019869C77AB0
RBP: 0x0000006D398DFA20
R8: 0x0000000000000000
R9: 0x000000000000000E
R10: 0x00007FF690A2AA98
R11: 0x0000006D398DF900
R12: 0x0000000000000000
R13: 0x0000000000500000
R14: 0x0000000000000000
R15: 0x0000000000000000
Fighter correlations:
RCX -> Slot 0 / Gen 1
RDX -> —
[00:24:08] HARDWARE WRITE TRAP
Sequence: 10
TraceSessionId: 639214175255927292
WatchId: 639214175255927293
ThreadId: 16992
TrapRip: 0x00007FF68FAFCCC5
NormalizedTrapRip / code context: NativeProbe | DBXV2.exe+0xBCCC5 | code[-32,+16]=5DC60F28D0F30F108B040100000F28C2F30F588308010000F30F1193000100000F2FC1760CF30F5CCAF30F118B080100
WatchedAddress: 0x0000019869C77BB0
AccessWidth: 4
AccessType: Write
XMM0.scalar: 333.03891 (0x43A684FB)
XMM6.scalar: 333.03891 (0x43A684FB)
DR6: 0x00000000FFFF0FF1
DR7: 0x00000000000D0401
RAX: 0x0000000000000000
RBX: 0x0000019869C77AB0
RCX: 0x0000019869C77AB0
RDX: 0x0000000000000000
RSI: 0x0000000000000000
RDI: 0x0000019869C77AB0
RBP: 0x0000006D398DFA20
R8: 0x0000000000000000
R9: 0x000000000000000E
R10: 0x00007FF690A2AA98
R11: 0x0000006D398DF900
R12: 0x0000000000000000
R13: 0x0000000000500000
R14: 0x0000000000000000
R15: 0x0000000000000000
Fighter correlations:
RCX -> Slot 0 / Gen 1
RDX -> —
[00:24:08] HARDWARE WRITE TRAP
Sequence: 11
TraceSessionId: 639214175255927292
WatchId: 639214175255927293
ThreadId: 18620
TrapRip: 0x00007FF68FAFCC99
NormalizedTrapRip / code context: NativeProbe | DBXV2.exe+0xBCC99 | code[-32,+16]=0085C075580F57D20F2FF27250F30F58B3000100000F2FF2F30F11B300010000720FF30F108304010000F30F5DC60F28
WatchedAddress: 0x0000019869C77BB0
AccessWidth: 4
AccessType: Write
XMM0.scalar: 0 (0x00000000)
XMM6.scalar: 333.03891 (0x43A684FB)
DR6: 0x00000000FFFF0FF1
DR7: 0x00000000000D0401
RAX: 0x0000000000000000
RBX: 0x0000019869C77AB0
RCX: 0x0000019869C77AB0
RDX: 0x0000000000000000
RSI: 0x0000000000000000
RDI: 0x0000019869C77AB0
RBP: 0x0000006D39CDF600
R8: 0x0000000000000000
R9: 0x000000000000000E
R10: 0x00007FF690A2AA98
R11: 0x0000006D39CDF4E0
R12: 0x0000000000000000
R13: 0x0000000000500000
R14: 0x0000000000000000
R15: 0x0000000000000000
Fighter correlations:
RCX -> Slot 0 / Gen 1
RDX -> —
[00:24:08] HARDWARE WRITE TRAP
Sequence: 12
TraceSessionId: 639214175255927292
WatchId: 639214175255927293
ThreadId: 18620
TrapRip: 0x00007FF68FAFCCC5
NormalizedTrapRip / code context: NativeProbe | DBXV2.exe+0xBCCC5 | code[-32,+16]=5DC60F28D0F30F108B040100000F28C2F30F588308010000F30F1193000100000F2FC1760CF30F5CCAF30F118B080100
WatchedAddress: 0x0000019869C77BB0
AccessWidth: 4
AccessType: Write
XMM0.scalar: 333.03891 (0x43A684FB)
XMM6.scalar: 333.03891 (0x43A684FB)
DR6: 0x00000000FFFF0FF1
DR7: 0x00000000000D0401
RAX: 0x0000000000000000
RBX: 0x0000019869C77AB0
RCX: 0x0000019869C77AB0
RDX: 0x0000000000000000
RSI: 0x0000000000000000
RDI: 0x0000019869C77AB0
RBP: 0x0000006D39CDF600
R8: 0x0000000000000000
R9: 0x000000000000000E
R10: 0x00007FF690A2AA98
R11: 0x0000006D39CDF4E0
R12: 0x0000000000000000
R13: 0x0000000000500000
R14: 0x0000000000000000
R15: 0x0000000000000000
Fighter correlations:
RCX -> Slot 0 / Gen 1
RDX -> —
[00:24:08] HARDWARE WRITE TRAP
Sequence: 13
TraceSessionId: 639214175255927292
WatchId: 639214175255927293
ThreadId: 24252
TrapRip: 0x00007FF68FAFCC99
NormalizedTrapRip / code context: NativeProbe | DBXV2.exe+0xBCC99 | code[-32,+16]=0085C075580F57D20F2FF27250F30F58B3000100000F2FF2F30F11B300010000720FF30F108304010000F30F5DC60F28
WatchedAddress: 0x0000019869C77BB0
AccessWidth: 4
AccessType: Write
XMM0.scalar: 0 (0x00000000)
XMM6.scalar: 333.03891 (0x43A684FB)
DR6: 0x00000000FFFF0FF1
DR7: 0x00000000000D0401
RAX: 0x0000000000000000
RBX: 0x0000019869C77AB0
RCX: 0x0000019869C77AB0
RDX: 0x0000000000000000
RSI: 0x0000000000000000
RDI: 0x0000019869C77AB0
RBP: 0x0000006D39FDF6D0
R8: 0x0000000000000000
R9: 0x000000000000000E
R10: 0x00007FF690A2AA98
R11: 0x0000006D39FDF5B0
R12: 0x0000000000000000
R13: 0x0000000000500000
R14: 0x0000000000000000
R15: 0x0000000000000000
Fighter correlations:
RCX -> Slot 0 / Gen 1
RDX -> —
[00:24:08] HARDWARE WRITE TRAP
Sequence: 14
TraceSessionId: 639214175255927292
WatchId: 639214175255927293
ThreadId: 24252
TrapRip: 0x00007FF68FAFCCC5
NormalizedTrapRip / code context: NativeProbe | DBXV2.exe+0xBCCC5 | code[-32,+16]=5DC60F28D0F30F108B040100000F28C2F30F588308010000F30F1193000100000F2FC1760CF30F5CCAF30F118B080100
WatchedAddress: 0x0000019869C77BB0
AccessWidth: 4
AccessType: Write
XMM0.scalar: 333.03891 (0x43A684FB)
XMM6.scalar: 333.03891 (0x43A684FB)
DR6: 0x00000000FFFF0FF1
DR7: 0x00000000000D0401
RAX: 0x0000000000000000
RBX: 0x0000019869C77AB0
RCX: 0x0000019869C77AB0
RDX: 0x0000000000000000
RSI: 0x0000000000000000
RDI: 0x0000019869C77AB0
RBP: 0x0000006D39FDF6D0
R8: 0x0000000000000000
R9: 0x000000000000000E
R10: 0x00007FF690A2AA98
R11: 0x0000006D39FDF5B0
R12: 0x0000000000000000
R13: 0x0000000000500000
R14: 0x0000000000000000
R15: 0x0000000000000000
Fighter correlations:
RCX -> Slot 0 / Gen 1
RDX -> —
[00:24:08] HARDWARE WRITE TRAP
Sequence: 15
TraceSessionId: 639214175255927292
WatchId: 639214175255927293
ThreadId: 17612
TrapRip: 0x00007FF68FAFCC99
NormalizedTrapRip / code context: NativeProbe | DBXV2.exe+0xBCC99 | code[-32,+16]=0085C075580F57D20F2FF27250F30F58B3000100000F2FF2F30F11B300010000720FF30F108304010000F30F5DC60F28
WatchedAddress: 0x0000019869C77BB0
AccessWidth: 4
AccessType: Write
XMM0.scalar: 0 (0x00000000)
XMM6.scalar: 333.03891 (0x43A684FB)
DR6: 0x00000000FFFF0FF1
DR7: 0x00000000000D0401
RAX: 0x0000000000000000
RBX: 0x0000019869C77AB0
RCX: 0x0000019869C77AB0
RDX: 0x0000000000000000
RSI: 0x0000000000000000
RDI: 0x0000019869C77AB0
RBP: 0x0000006D39EDFAA0
R8: 0x0000000000000000
R9: 0x000000000000000E
R10: 0x00007FF690A2AA98
R11: 0x0000006D39EDF980
R12: 0x0000000000000000
R13: 0x0000000000500000
R14: 0x0000000000000000
R15: 0x0000000000000000
Fighter correlations:
RCX -> Slot 0 / Gen 1
RDX -> —
[00:24:08] HARDWARE WRITE TRAP
Sequence: 16
TraceSessionId: 639214175255927292
WatchId: 639214175255927293
ThreadId: 17612
TrapRip: 0x00007FF68FAFCCC5
NormalizedTrapRip / code context: NativeProbe | DBXV2.exe+0xBCCC5 | code[-32,+16]=5DC60F28D0F30F108B040100000F28C2F30F588308010000F30F1193000100000F2FC1760CF30F5CCAF30F118B080100
WatchedAddress: 0x0000019869C77BB0
AccessWidth: 4
AccessType: Write
XMM0.scalar: 333.03891 (0x43A684FB)
XMM6.scalar: 333.03891 (0x43A684FB)
DR6: 0x00000000FFFF0FF1
DR7: 0x00000000000D0401
RAX: 0x0000000000000000
RBX: 0x0000019869C77AB0
RCX: 0x0000019869C77AB0
RDX: 0x0000000000000000
RSI: 0x0000000000000000
RDI: 0x0000019869C77AB0
RBP: 0x0000006D39EDFAA0
R8: 0x0000000000000000
R9: 0x000000000000000E
R10: 0x00007FF690A2AA98
R11: 0x0000006D39EDF980
R12: 0x0000000000000000
R13: 0x0000000000500000
R14: 0x0000000000000000
R15: 0x0000000000000000
Fighter correlations:
RCX -> Slot 0 / Gen 1
RDX -> —
[00:24:08] HARDWARE WRITE TRAP
Sequence: 17
TraceSessionId: 639214175255927292
WatchId: 639214175255927293
ThreadId: 18620
TrapRip: 0x00007FF68FAFCC99
NormalizedTrapRip / code context: NativeProbe | DBXV2.exe+0xBCC99 | code[-32,+16]=0085C075580F57D20F2FF27250F30F58B3000100000F2FF2F30F11B300010000720FF30F108304010000F30F5DC60F28
WatchedAddress: 0x0000019869C77BB0
AccessWidth: 4
AccessType: Write
XMM0.scalar: 0 (0x00000000)
XMM6.scalar: 333.03891 (0x43A684FB)
DR6: 0x00000000FFFF0FF1
DR7: 0x00000000000D0401
RAX: 0x0000000000000000
RBX: 0x0000019869C77AB0
RCX: 0x0000019869C77AB0
RDX: 0x0000000000000000
RSI: 0x0000000000000000
RDI: 0x0000019869C77AB0
RBP: 0x0000006D39CDF600
R8: 0x0000000000000000
R9: 0x000000000000000E
R10: 0x00007FF690A2AA98
R11: 0x0000006D39CDF4E0
R12: 0x0000000000000000
R13: 0x0000000000500000
R14: 0x0000000000000000
R15: 0x0000000000000000
Fighter correlations:
RCX -> Slot 0 / Gen 1
RDX -> —
[00:24:08] HARDWARE WRITE TRAP
Sequence: 18
TraceSessionId: 639214175255927292
WatchId: 639214175255927293
ThreadId: 18620
TrapRip: 0x00007FF68FAFCCC5
NormalizedTrapRip / code context: NativeProbe | DBXV2.exe+0xBCCC5 | code[-32,+16]=5DC60F28D0F30F108B040100000F28C2F30F588308010000F30F1193000100000F2FC1760CF30F5CCAF30F118B080100
WatchedAddress: 0x0000019869C77BB0
AccessWidth: 4
AccessType: Write
XMM0.scalar: 333.03891 (0x43A684FB)
XMM6.scalar: 333.03891 (0x43A684FB)
DR6: 0x00000000FFFF0FF1
DR7: 0x00000000000D0401
RAX: 0x0000000000000000
RBX: 0x0000019869C77AB0
RCX: 0x0000019869C77AB0
RDX: 0x0000000000000000
RSI: 0x0000000000000000
RDI: 0x0000019869C77AB0
RBP: 0x0000006D39CDF600
R8: 0x0000000000000000
R9: 0x000000000000000E
R10: 0x00007FF690A2AA98
R11: 0x0000006D39CDF4E0
R12: 0x0000000000000000
R13: 0x0000000000500000
R14: 0x0000000000000000
R15: 0x0000000000000000
Fighter correlations:
RCX -> Slot 0 / Gen 1
RDX -> —
[00:24:08] HARDWARE WRITE TRAP
Sequence: 19
TraceSessionId: 639214175255927292
WatchId: 639214175255927293
ThreadId: 18620
TrapRip: 0x00007FF68FAFCC99
NormalizedTrapRip / code context: NativeProbe | DBXV2.exe+0xBCC99 | code[-32,+16]=0085C075580F57D20F2FF27250F30F58B3000100000F2FF2F30F11B300010000720FF30F108304010000F30F5DC60F28
WatchedAddress: 0x0000019869C77BB0
AccessWidth: 4
AccessType: Write
XMM0.scalar: 0 (0x00000000)
XMM6.scalar: 333.03891 (0x43A684FB)
DR6: 0x00000000FFFF0FF1
DR7: 0x00000000000D0401
RAX: 0x0000000000000000
RBX: 0x0000019869C77AB0
RCX: 0x0000019869C77AB0
RDX: 0x0000000000000000
RSI: 0x0000000000000000
RDI: 0x0000019869C77AB0
RBP: 0x0000006D39CDF600
R8: 0x0000000000000000
R9: 0x000000000000000E
R10: 0x00007FF690A2AA98
R11: 0x0000006D39CDF4E0
R12: 0x0000000000000000
R13: 0x0000000000500000
R14: 0x0000000000000000
R15: 0x0000000000000000
Fighter correlations:
RCX -> Slot 0 / Gen 1
RDX -> —
[00:24:08] HARDWARE WRITE TRAP
Sequence: 20
TraceSessionId: 639214175255927292
WatchId: 639214175255927293
ThreadId: 18620
TrapRip: 0x00007FF68FAFCCC5
NormalizedTrapRip / code context: NativeProbe | DBXV2.exe+0xBCCC5 | code[-32,+16]=5DC60F28D0F30F108B040100000F28C2F30F588308010000F30F1193000100000F2FC1760CF30F5CCAF30F118B080100
WatchedAddress: 0x0000019869C77BB0
AccessWidth: 4
AccessType: Write
XMM0.scalar: 333.03891 (0x43A684FB)
XMM6.scalar: 333.03891 (0x43A684FB)
DR6: 0x00000000FFFF0FF1
DR7: 0x00000000000D0401
RAX: 0x0000000000000000
RBX: 0x0000019869C77AB0
RCX: 0x0000019869C77AB0
RDX: 0x0000000000000000
RSI: 0x0000000000000000
RDI: 0x0000019869C77AB0
RBP: 0x0000006D39CDF600
R8: 0x0000000000000000
R9: 0x000000000000000E
R10: 0x00007FF690A2AA98
R11: 0x0000006D39CDF4E0
R12: 0x0000000000000000
R13: 0x0000000000500000
R14: 0x0000000000000000
R15: 0x0000000000000000
Fighter correlations:
RCX -> Slot 0 / Gen 1
RDX -> —
[00:24:08] HARDWARE WRITE TRAP
Sequence: 21
TraceSessionId: 639214175255927292
WatchId: 639214175255927293
ThreadId: 11196
TrapRip: 0x00007FF68FAFCC99
NormalizedTrapRip / code context: NativeProbe | DBXV2.exe+0xBCC99 | code[-32,+16]=0085C075580F57D20F2FF27250F30F58B3000100000F2FF2F30F11B300010000720FF30F108304010000F30F5DC60F28
WatchedAddress: 0x0000019869C77BB0
AccessWidth: 4
AccessType: Write
XMM0.scalar: 0 (0x00000000)
XMM6.scalar: 333.03891 (0x43A684FB)
DR6: 0x00000000FFFF0FF1
DR7: 0x00000000000D0401
RAX: 0x0000000000000000
RBX: 0x0000019869C77AB0
RCX: 0x0000019869C77AB0
RDX: 0x0000000000000000
RSI: 0x0000000000000000
RDI: 0x0000019869C77AB0
RBP: 0x0000006D399DFA10
R8: 0x0000000000000000
R9: 0x000000000000000E
R10: 0x00007FF690A2AA98
R11: 0x0000006D399DF8F0
R12: 0x0000000000000000
R13: 0x0000000000500000
R14: 0x0000000000000000
R15: 0x0000000000000000
Fighter correlations:
RCX -> Slot 0 / Gen 1
RDX -> —
[00:24:08] HARDWARE WRITE TRAP
Sequence: 22
TraceSessionId: 639214175255927292
WatchId: 639214175255927293
ThreadId: 11196
TrapRip: 0x00007FF68FAFCCC5
NormalizedTrapRip / code context: NativeProbe | DBXV2.exe+0xBCCC5 | code[-32,+16]=5DC60F28D0F30F108B040100000F28C2F30F588308010000F30F1193000100000F2FC1760CF30F5CCAF30F118B080100
WatchedAddress: 0x0000019869C77BB0
AccessWidth: 4
AccessType: Write
XMM0.scalar: 333.03891 (0x43A684FB)
XMM6.scalar: 333.03891 (0x43A684FB)
DR6: 0x00000000FFFF0FF1
DR7: 0x00000000000D0401
RAX: 0x0000000000000000
RBX: 0x0000019869C77AB0
RCX: 0x0000019869C77AB0
RDX: 0x0000000000000000
RSI: 0x0000000000000000
RDI: 0x0000019869C77AB0
RBP: 0x0000006D399DFA10
R8: 0x0000000000000000
R9: 0x000000000000000E
R10: 0x00007FF690A2AA98
R11: 0x0000006D399DF8F0
R12: 0x0000000000000000
R13: 0x0000000000500000
R14: 0x0000000000000000
R15: 0x0000000000000000
Fighter correlations:
RCX -> Slot 0 / Gen 1
RDX -> —
[00:24:08] HARDWARE WRITE TRAP
Sequence: 23
TraceSessionId: 639214175255927292
WatchId: 639214175255927293
ThreadId: 18620
TrapRip: 0x00007FF68FAFCC99
NormalizedTrapRip / code context: NativeProbe | DBXV2.exe+0xBCC99 | code[-32,+16]=0085C075580F57D20F2FF27250F30F58B3000100000F2FF2F30F11B300010000720FF30F108304010000F30F5DC60F28
WatchedAddress: 0x0000019869C77BB0
AccessWidth: 4
AccessType: Write
XMM0.scalar: 0 (0x00000000)
XMM6.scalar: 333.03891 (0x43A684FB)
DR6: 0x00000000FFFF0FF1
DR7: 0x00000000000D0401
RAX: 0x0000000000000000
RBX: 0x0000019869C77AB0
RCX: 0x0000019869C77AB0
RDX: 0x0000000000000000
RSI: 0x0000000000000000
RDI: 0x0000019869C77AB0
RBP: 0x0000006D39CDF600
R8: 0x0000000000000000
R9: 0x000000000000000E
R10: 0x00007FF690A2AA98
R11: 0x0000006D39CDF4E0
R12: 0x0000000000000000
R13: 0x0000000000500000
R14: 0x0000000000000000
R15: 0x0000000000000000
Fighter correlations:
RCX -> Slot 0 / Gen 1
RDX -> —
[00:24:08] HARDWARE WRITE TRAP
Sequence: 24
TraceSessionId: 639214175255927292
WatchId: 639214175255927293
ThreadId: 18620
TrapRip: 0x00007FF68FAFCCC5
NormalizedTrapRip / code context: NativeProbe | DBXV2.exe+0xBCCC5 | code[-32,+16]=5DC60F28D0F30F108B040100000F28C2F30F588308010000F30F1193000100000F2FC1760CF30F5CCAF30F118B080100
WatchedAddress: 0x0000019869C77BB0
AccessWidth: 4
AccessType: Write
XMM0.scalar: 333.03891 (0x43A684FB)
XMM6.scalar: 333.03891 (0x43A684FB)
DR6: 0x00000000FFFF0FF1
DR7: 0x00000000000D0401
RAX: 0x0000000000000000
RBX: 0x0000019869C77AB0
RCX: 0x0000019869C77AB0
RDX: 0x0000000000000000
RSI: 0x0000000000000000
RDI: 0x0000019869C77AB0
RBP: 0x0000006D39CDF600
R8: 0x0000000000000000
R9: 0x000000000000000E
R10: 0x00007FF690A2AA98
R11: 0x0000006D39CDF4E0
R12: 0x0000000000000000
R13: 0x0000000000500000
R14: 0x0000000000000000
R15: 0x0000000000000000
Fighter correlations:
RCX -> Slot 0 / Gen 1
RDX -> —
[00:24:08] HARDWARE WRITE TRAP
Sequence: 25
TraceSessionId: 639214175255927292
WatchId: 639214175255927293
ThreadId: 16992
TrapRip: 0x00007FF68FAFCC99
NormalizedTrapRip / code context: NativeProbe | DBXV2.exe+0xBCC99 | code[-32,+16]=0085C075580F57D20F2FF27250F30F58B3000100000F2FF2F30F11B300010000720FF30F108304010000F30F5DC60F28
WatchedAddress: 0x0000019869C77BB0
AccessWidth: 4
AccessType: Write
XMM0.scalar: 0 (0x00000000)
XMM6.scalar: 333.03891 (0x43A684FB)
DR6: 0x00000000FFFF0FF1
DR7: 0x00000000000D0401
RAX: 0x0000000000000000
RBX: 0x0000019869C77AB0
RCX: 0x0000019869C77AB0
RDX: 0x0000000000000000
RSI: 0x0000000000000000
RDI: 0x0000019869C77AB0
RBP: 0x0000006D398DFA20
R8: 0x0000000000000000
R9: 0x000000000000000E
R10: 0x00007FF690A2AA98
R11: 0x0000006D398DF900
R12: 0x0000000000000000
R13: 0x0000000000500000
R14: 0x0000000000000000
R15: 0x0000000000000000
Fighter correlations:
RCX -> Slot 0 / Gen 1
RDX -> —
[00:24:08] HARDWARE WRITE TRAP
Sequence: 26
TraceSessionId: 639214175255927292
WatchId: 639214175255927293
ThreadId: 16992
TrapRip: 0x00007FF68FAFCCC5
NormalizedTrapRip / code context: NativeProbe | DBXV2.exe+0xBCCC5 | code[-32,+16]=5DC60F28D0F30F108B040100000F28C2F30F588308010000F30F1193000100000F2FC1760CF30F5CCAF30F118B080100
WatchedAddress: 0x0000019869C77BB0
AccessWidth: 4
AccessType: Write
XMM0.scalar: 333.03891 (0x43A684FB)
XMM6.scalar: 333.03891 (0x43A684FB)
DR6: 0x00000000FFFF0FF1
DR7: 0x00000000000D0401
RAX: 0x0000000000000000
RBX: 0x0000019869C77AB0
RCX: 0x0000019869C77AB0
RDX: 0x0000000000000000
RSI: 0x0000000000000000
RDI: 0x0000019869C77AB0
RBP: 0x0000006D398DFA20
R8: 0x0000000000000000
R9: 0x000000000000000E
R10: 0x00007FF690A2AA98
R11: 0x0000006D398DF900
R12: 0x0000000000000000
R13: 0x0000000000500000
R14: 0x0000000000000000
R15: 0x0000000000000000
Fighter correlations:
RCX -> Slot 0 / Gen 1
RDX -> —
[00:24:08] HARDWARE WRITE TRAP
Sequence: 27
TraceSessionId: 639214175255927292
WatchId: 639214175255927293
ThreadId: 11196
TrapRip: 0x00007FF68FAFCC99
NormalizedTrapRip / code context: NativeProbe | DBXV2.exe+0xBCC99 | code[-32,+16]=0085C075580F57D20F2FF27250F30F58B3000100000F2FF2F30F11B300010000720FF30F108304010000F30F5DC60F28
WatchedAddress: 0x0000019869C77BB0
AccessWidth: 4
AccessType: Write
XMM0.scalar: 0 (0x00000000)
XMM6.scalar: 333.03891 (0x43A684FB)
DR6: 0x00000000FFFF0FF1
DR7: 0x00000000000D0401
RAX: 0x0000000000000000
RBX: 0x0000019869C77AB0
RCX: 0x0000019869C77AB0
RDX: 0x0000000000000000
RSI: 0x0000000000000000
RDI: 0x0000019869C77AB0
RBP: 0x0000006D399DFA10
R8: 0x0000000000000000
R9: 0x000000000000000E
R10: 0x00007FF690A2AA98
R11: 0x0000006D399DF8F0
R12: 0x0000000000000000
R13: 0x0000000000500000
R14: 0x0000000000000000
R15: 0x0000000000000000
Fighter correlations:
RCX -> Slot 0 / Gen 1
RDX -> —
[00:24:08] HARDWARE WRITE TRAP
Sequence: 28
TraceSessionId: 639214175255927292
WatchId: 639214175255927293
ThreadId: 11196
TrapRip: 0x00007FF68FAFCCC5
NormalizedTrapRip / code context: NativeProbe | DBXV2.exe+0xBCCC5 | code[-32,+16]=5DC60F28D0F30F108B040100000F28C2F30F588308010000F30F1193000100000F2FC1760CF30F5CCAF30F118B080100
WatchedAddress: 0x0000019869C77BB0
AccessWidth: 4
AccessType: Write
XMM0.scalar: 333.03891 (0x43A684FB)
XMM6.scalar: 333.03891 (0x43A684FB)
DR6: 0x00000000FFFF0FF1
DR7: 0x00000000000D0401
RAX: 0x0000000000000000
RBX: 0x0000019869C77AB0
RCX: 0x0000019869C77AB0
RDX: 0x0000000000000000
RSI: 0x0000000000000000
RDI: 0x0000019869C77AB0
RBP: 0x0000006D399DFA10
R8: 0x0000000000000000
R9: 0x000000000000000E
R10: 0x00007FF690A2AA98
R11: 0x0000006D399DF8F0
R12: 0x0000000000000000
R13: 0x0000000000500000
R14: 0x0000000000000000
R15: 0x0000000000000000
Fighter correlations:
RCX -> Slot 0 / Gen 1
RDX -> —
[00:24:08] HARDWARE WRITE TRAP
Sequence: 29
TraceSessionId: 639214175255927292
WatchId: 639214175255927293
ThreadId: 11196
TrapRip: 0x00007FF68FAFCC99
NormalizedTrapRip / code context: NativeProbe | DBXV2.exe+0xBCC99 | code[-32,+16]=0085C075580F57D20F2FF27250F30F58B3000100000F2FF2F30F11B300010000720FF30F108304010000F30F5DC60F28
WatchedAddress: 0x0000019869C77BB0
AccessWidth: 4
AccessType: Write
XMM0.scalar: 0 (0x00000000)
XMM6.scalar: 333.03891 (0x43A684FB)
DR6: 0x00000000FFFF0FF1
DR7: 0x00000000000D0401
RAX: 0x0000000000000000
RBX: 0x0000019869C77AB0
RCX: 0x0000019869C77AB0
RDX: 0x0000000000000000
RSI: 0x0000000000000000
RDI: 0x0000019869C77AB0
RBP: 0x0000006D399DFA10
R8: 0x0000000000000000
R9: 0x000000000000000E
R10: 0x00007FF690A2AA98
R11: 0x0000006D399DF8F0
R12: 0x0000000000000000
R13: 0x0000000000500000
R14: 0x0000000000000000
R15: 0x0000000000000000
Fighter correlations:
RCX -> Slot 0 / Gen 1
RDX -> —
[00:24:08] HARDWARE WRITE TRAP
Sequence: 30
TraceSessionId: 639214175255927292
WatchId: 639214175255927293
ThreadId: 11196
TrapRip: 0x00007FF68FAFCCC5
NormalizedTrapRip / code context: NativeProbe | DBXV2.exe+0xBCCC5 | code[-32,+16]=5DC60F28D0F30F108B040100000F28C2F30F588308010000F30F1193000100000F2FC1760CF30F5CCAF30F118B080100
WatchedAddress: 0x0000019869C77BB0
AccessWidth: 4
AccessType: Write
XMM0.scalar: 333.03891 (0x43A684FB)
XMM6.scalar: 333.03891 (0x43A684FB)
DR6: 0x00000000FFFF0FF1
DR7: 0x00000000000D0401
RAX: 0x0000000000000000
RBX: 0x0000019869C77AB0
RCX: 0x0000019869C77AB0
RDX: 0x0000000000000000
RSI: 0x0000000000000000
RDI: 0x0000019869C77AB0
RBP: 0x0000006D399DFA10
R8: 0x0000000000000000
R9: 0x000000000000000E
R10: 0x00007FF690A2AA98
R11: 0x0000006D399DF8F0
R12: 0x0000000000000000
R13: 0x0000000000500000
R14: 0x0000000000000000
R15: 0x0000000000000000
Fighter correlations:
RCX -> Slot 0 / Gen 1
RDX -> —
[00:24:08] HARDWARE WRITE TRAP
Sequence: 31
TraceSessionId: 639214175255927292
WatchId: 639214175255927293
ThreadId: 11196
TrapRip: 0x00007FF68FAFCC99
NormalizedTrapRip / code context: NativeProbe | DBXV2.exe+0xBCC99 | code[-32,+16]=0085C075580F57D20F2FF27250F30F58B3000100000F2FF2F30F11B300010000720FF30F108304010000F30F5DC60F28
WatchedAddress: 0x0000019869C77BB0
AccessWidth: 4
AccessType: Write
XMM0.scalar: 0 (0x00000000)
XMM6.scalar: 333.03891 (0x43A684FB)
DR6: 0x00000000FFFF0FF1
DR7: 0x00000000000D0401
RAX: 0x0000000000000000
RBX: 0x0000019869C77AB0
RCX: 0x0000019869C77AB0
RDX: 0x0000000000000000
RSI: 0x0000000000000000
RDI: 0x0000019869C77AB0
RBP: 0x0000006D399DFA10
R8: 0x0000000000000000
R9: 0x000000000000000E
R10: 0x00007FF690A2AA98
R11: 0x0000006D399DF8F0
R12: 0x0000000000000000
R13: 0x0000000000500000
R14: 0x0000000000000000
R15: 0x0000000000000000
Fighter correlations:
RCX -> Slot 0 / Gen 1
RDX -> —
[00:24:08] HARDWARE WRITE TRAP
Sequence: 32
TraceSessionId: 639214175255927292
WatchId: 639214175255927293
ThreadId: 11196
TrapRip: 0x00007FF68FAFCCC5
NormalizedTrapRip / code context: NativeProbe | DBXV2.exe+0xBCCC5 | code[-32,+16]=5DC60F28D0F30F108B040100000F28C2F30F588308010000F30F1193000100000F2FC1760CF30F5CCAF30F118B080100
WatchedAddress: 0x0000019869C77BB0
AccessWidth: 4
AccessType: Write
XMM0.scalar: 333.03891 (0x43A684FB)
XMM6.scalar: 333.03891 (0x43A684FB)
DR6: 0x00000000FFFF0FF1
DR7: 0x00000000000D0401
RAX: 0x0000000000000000
RBX: 0x0000019869C77AB0
RCX: 0x0000019869C77AB0
RDX: 0x0000000000000000
RSI: 0x0000000000000000
RDI: 0x0000019869C77AB0
RBP: 0x0000006D399DFA10
R8: 0x0000000000000000
R9: 0x000000000000000E
R10: 0x00007FF690A2AA98
R11: 0x0000006D399DF8F0
R12: 0x0000000000000000
R13: 0x0000000000500000
R14: 0x0000000000000000
R15: 0x0000000000000000
Fighter correlations:
RCX -> Slot 0 / Gen 1
RDX -> —
[00:24:08] HARDWARE WRITE TRAP
Sequence: 33
TraceSessionId: 639214175255927292
WatchId: 639214175255927293
ThreadId: 11196
TrapRip: 0x00007FF68FAFCC99
NormalizedTrapRip / code context: NativeProbe | DBXV2.exe+0xBCC99 | code[-32,+16]=0085C075580F57D20F2FF27250F30F58B3000100000F2FF2F30F11B300010000720FF30F108304010000F30F5DC60F28
WatchedAddress: 0x0000019869C77BB0
AccessWidth: 4
AccessType: Write
XMM0.scalar: 0 (0x00000000)
XMM6.scalar: 333.03891 (0x43A684FB)
DR6: 0x00000000FFFF0FF1
DR7: 0x00000000000D0401
RAX: 0x0000000000000000
RBX: 0x0000019869C77AB0
RCX: 0x0000019869C77AB0
RDX: 0x0000000000000000
RSI: 0x0000000000000000
RDI: 0x0000019869C77AB0
RBP: 0x0000006D399DFA10
R8: 0x0000000000000000
R9: 0x000000000000000E
R10: 0x00007FF690A2AA98
R11: 0x0000006D399DF8F0
R12: 0x0000000000000000
R13: 0x0000000000500000
R14: 0x0000000000000000
R15: 0x0000000000000000
Fighter correlations:
RCX -> Slot 0 / Gen 1
RDX -> —
[00:24:08] HARDWARE WRITE TRAP
Sequence: 34
TraceSessionId: 639214175255927292
WatchId: 639214175255927293
ThreadId: 11196
TrapRip: 0x00007FF68FAFCCC5
NormalizedTrapRip / code context: NativeProbe | DBXV2.exe+0xBCCC5 | code[-32,+16]=5DC60F28D0F30F108B040100000F28C2F30F588308010000F30F1193000100000F2FC1760CF30F5CCAF30F118B080100
WatchedAddress: 0x0000019869C77BB0
AccessWidth: 4
AccessType: Write
XMM0.scalar: 333.03891 (0x43A684FB)
XMM6.scalar: 333.03891 (0x43A684FB)
DR6: 0x00000000FFFF0FF1
DR7: 0x00000000000D0401
RAX: 0x0000000000000000
RBX: 0x0000019869C77AB0
RCX: 0x0000019869C77AB0
RDX: 0x0000000000000000
RSI: 0x0000000000000000
RDI: 0x0000019869C77AB0
RBP: 0x0000006D399DFA10
R8: 0x0000000000000000
R9: 0x000000000000000E
R10: 0x00007FF690A2AA98
R11: 0x0000006D399DF8F0
R12: 0x0000000000000000
R13: 0x0000000000500000
R14: 0x0000000000000000
R15: 0x0000000000000000
Fighter correlations:
RCX -> Slot 0 / Gen 1
RDX -> —
[00:24:08] HARDWARE WRITE TRAP
Sequence: 35
TraceSessionId: 639214175255927292
WatchId: 639214175255927293
ThreadId: 16992
TrapRip: 0x00007FF68FAFCC99
NormalizedTrapRip / code context: NativeProbe | DBXV2.exe+0xBCC99 | code[-32,+16]=0085C075580F57D20F2FF27250F30F58B3000100000F2FF2F30F11B300010000720FF30F108304010000F30F5DC60F28
WatchedAddress: 0x0000019869C77BB0
AccessWidth: 4
AccessType: Write
XMM0.scalar: 0 (0x00000000)
XMM6.scalar: 333.03891 (0x43A684FB)
DR6: 0x00000000FFFF0FF1
DR7: 0x00000000000D0401
RAX: 0x0000000000000000
RBX: 0x0000019869C77AB0
RCX: 0x0000019869C77AB0
RDX: 0x0000000000000000
RSI: 0x0000000000000000
RDI: 0x0000019869C77AB0
RBP: 0x0000006D398DFA20
R8: 0x0000000000000000
R9: 0x000000000000000E
R10: 0x00007FF690A2AA98
R11: 0x0000006D398DF900
R12: 0x0000000000000000
R13: 0x0000000000500000
R14: 0x0000000000000000
R15: 0x0000000000000000
Fighter correlations:
RCX -> Slot 0 / Gen 1
RDX -> —
[00:24:08] HARDWARE WRITE TRAP
Sequence: 36
TraceSessionId: 639214175255927292
WatchId: 639214175255927293
ThreadId: 16992
TrapRip: 0x00007FF68FAFCCC5
NormalizedTrapRip / code context: NativeProbe | DBXV2.exe+0xBCCC5 | code[-32,+16]=5DC60F28D0F30F108B040100000F28C2F30F588308010000F30F1193000100000F2FC1760CF30F5CCAF30F118B080100
WatchedAddress: 0x0000019869C77BB0
AccessWidth: 4
AccessType: Write
XMM0.scalar: 333.03891 (0x43A684FB)
XMM6.scalar: 333.03891 (0x43A684FB)
DR6: 0x00000000FFFF0FF1
DR7: 0x00000000000D0401
RAX: 0x0000000000000000
RBX: 0x0000019869C77AB0
RCX: 0x0000019869C77AB0
RDX: 0x0000000000000000
RSI: 0x0000000000000000
RDI: 0x0000019869C77AB0
RBP: 0x0000006D398DFA20
R8: 0x0000000000000000
R9: 0x000000000000000E
R10: 0x00007FF690A2AA98
R11: 0x0000006D398DF900
R12: 0x0000000000000000
R13: 0x0000000000500000
R14: 0x0000000000000000
R15: 0x0000000000000000
Fighter correlations:
RCX -> Slot 0 / Gen 1
RDX -> —
[00:24:08] HARDWARE WRITE TRAP
Sequence: 37
TraceSessionId: 639214175255927292
WatchId: 639214175255927293
ThreadId: 18620
TrapRip: 0x00007FF68FAFCC99
NormalizedTrapRip / code context: NativeProbe | DBXV2.exe+0xBCC99 | code[-32,+16]=0085C075580F57D20F2FF27250F30F58B3000100000F2FF2F30F11B300010000720FF30F108304010000F30F5DC60F28
WatchedAddress: 0x0000019869C77BB0
AccessWidth: 4
AccessType: Write
XMM0.scalar: 0 (0x00000000)
XMM6.scalar: 333.03891 (0x43A684FB)
DR6: 0x00000000FFFF0FF1
DR7: 0x00000000000D0401
RAX: 0x0000000000000000
RBX: 0x0000019869C77AB0
RCX: 0x0000019869C77AB0
RDX: 0x0000000000000000
RSI: 0x0000000000000000
RDI: 0x0000019869C77AB0
RBP: 0x0000006D39CDF600
R8: 0x0000000000000000
R9: 0x000000000000000E
R10: 0x00007FF690A2AA98
R11: 0x0000006D39CDF4E0
R12: 0x0000000000000000
R13: 0x0000000000500000
R14: 0x0000000000000000
R15: 0x0000000000000000
Fighter correlations:
RCX -> Slot 0 / Gen 1
RDX -> —
[00:24:08] HARDWARE WRITE TRAP
Sequence: 38
TraceSessionId: 639214175255927292
WatchId: 639214175255927293
ThreadId: 18620
TrapRip: 0x00007FF68FAFCCC5
NormalizedTrapRip / code context: NativeProbe | DBXV2.exe+0xBCCC5 | code[-32,+16]=5DC60F28D0F30F108B040100000F28C2F30F588308010000F30F1193000100000F2FC1760CF30F5CCAF30F118B080100
WatchedAddress: 0x0000019869C77BB0
AccessWidth: 4
AccessType: Write
XMM0.scalar: 333.03891 (0x43A684FB)
XMM6.scalar: 333.03891 (0x43A684FB)
DR6: 0x00000000FFFF0FF1
DR7: 0x00000000000D0401
RAX: 0x0000000000000000
RBX: 0x0000019869C77AB0
RCX: 0x0000019869C77AB0
RDX: 0x0000000000000000
RSI: 0x0000000000000000
RDI: 0x0000019869C77AB0
RBP: 0x0000006D39CDF600
R8: 0x0000000000000000
R9: 0x000000000000000E
R10: 0x00007FF690A2AA98
R11: 0x0000006D39CDF4E0
R12: 0x0000000000000000
R13: 0x0000000000500000
R14: 0x0000000000000000
R15: 0x0000000000000000
Fighter correlations:
RCX -> Slot 0 / Gen 1
RDX -> —
[00:24:08] HARDWARE WRITE TRAP
Sequence: 39
TraceSessionId: 639214175255927292
WatchId: 639214175255927293
ThreadId: 23268
TrapRip: 0x00007FF68FAFCC99
NormalizedTrapRip / code context: NativeProbe | DBXV2.exe+0xBCC99 | code[-32,+16]=0085C075580F57D20F2FF27250F30F58B3000100000F2FF2F30F11B300010000720FF30F108304010000F30F5DC60F28
WatchedAddress: 0x0000019869C77BB0
AccessWidth: 4
AccessType: Write
XMM0.scalar: 0 (0x00000000)
XMM6.scalar: 333.03891 (0x43A684FB)
DR6: 0x00000000FFFF0FF1
DR7: 0x00000000000D0401
RAX: 0x0000000000000000
RBX: 0x0000019869C77AB0
RCX: 0x0000019869C77AB0
RDX: 0x0000000000000000
RSI: 0x0000000000000000
RDI: 0x0000019869C77AB0
RBP: 0x0000006D39DDFB50
R8: 0x0000000000000000
R9: 0x000000000000000E
R10: 0x00007FF690A2AA98
R11: 0x0000006D39DDFA30
R12: 0x0000000000000000
R13: 0x0000000000500000
R14: 0x0000000000000000
R15: 0x0000000000000000
Fighter correlations:
RCX -> Slot 0 / Gen 1
RDX -> —
[00:24:08] HARDWARE WRITE TRAP
Sequence: 40
TraceSessionId: 639214175255927292
WatchId: 639214175255927293
ThreadId: 23268
TrapRip: 0x00007FF68FAFCCC5
NormalizedTrapRip / code context: NativeProbe | DBXV2.exe+0xBCCC5 | code[-32,+16]=5DC60F28D0F30F108B040100000F28C2F30F588308010000F30F1193000100000F2FC1760CF30F5CCAF30F118B080100
WatchedAddress: 0x0000019869C77BB0
AccessWidth: 4
AccessType: Write
XMM0.scalar: 333.03891 (0x43A684FB)
XMM6.scalar: 333.03891 (0x43A684FB)
DR6: 0x00000000FFFF0FF1
DR7: 0x00000000000D0401
RAX: 0x0000000000000000
RBX: 0x0000019869C77AB0
RCX: 0x0000019869C77AB0
RDX: 0x0000000000000000
RSI: 0x0000000000000000
RDI: 0x0000019869C77AB0
RBP: 0x0000006D39DDFB50
R8: 0x0000000000000000
R9: 0x000000000000000E
R10: 0x00007FF690A2AA98
R11: 0x0000006D39DDFA30
R12: 0x0000000000000000
R13: 0x0000000000500000
R14: 0x0000000000000000
R15: 0x0000000000000000
Fighter correlations:
RCX -> Slot 0 / Gen 1
RDX -> —
[00:24:08] HARDWARE WRITE TRAP
Sequence: 41
TraceSessionId: 639214175255927292
WatchId: 639214175255927293
ThreadId: 24252
TrapRip: 0x00007FF68FAFCC99
NormalizedTrapRip / code context: NativeProbe | DBXV2.exe+0xBCC99 | code[-32,+16]=0085C075580F57D20F2FF27250F30F58B3000100000F2FF2F30F11B300010000720FF30F108304010000F30F5DC60F28
WatchedAddress: 0x0000019869C77BB0
AccessWidth: 4
AccessType: Write
XMM0.scalar: 0 (0x00000000)
XMM6.scalar: 333.03891 (0x43A684FB)
DR6: 0x00000000FFFF0FF1
DR7: 0x00000000000D0401
RAX: 0x0000000000000000
RBX: 0x0000019869C77AB0
RCX: 0x0000019869C77AB0
RDX: 0x0000000000000000
RSI: 0x0000000000000000
RDI: 0x0000019869C77AB0
RBP: 0x0000006D39FDF6D0
R8: 0x0000000000000000
R9: 0x000000000000000E
R10: 0x00007FF690A2AA98
R11: 0x0000006D39FDF5B0
R12: 0x0000000000000000
R13: 0x0000000000500000
R14: 0x0000000000000000
R15: 0x0000000000000000
Fighter correlations:
RCX -> Slot 0 / Gen 1
RDX -> —
[00:24:08] HARDWARE WRITE TRAP
Sequence: 42
TraceSessionId: 639214175255927292
WatchId: 639214175255927293
ThreadId: 24252
TrapRip: 0x00007FF68FAFCCC5
NormalizedTrapRip / code context: NativeProbe | DBXV2.exe+0xBCCC5 | code[-32,+16]=5DC60F28D0F30F108B040100000F28C2F30F588308010000F30F1193000100000F2FC1760CF30F5CCAF30F118B080100
WatchedAddress: 0x0000019869C77BB0
AccessWidth: 4
AccessType: Write
XMM0.scalar: 333.03891 (0x43A684FB)
XMM6.scalar: 333.03891 (0x43A684FB)
DR6: 0x00000000FFFF0FF1
DR7: 0x00000000000D0401
RAX: 0x0000000000000000
RBX: 0x0000019869C77AB0
RCX: 0x0000019869C77AB0
RDX: 0x0000000000000000
RSI: 0x0000000000000000
RDI: 0x0000019869C77AB0
RBP: 0x0000006D39FDF6D0
R8: 0x0000000000000000
R9: 0x000000000000000E
R10: 0x00007FF690A2AA98
R11: 0x0000006D39FDF5B0
R12: 0x0000000000000000
R13: 0x0000000000500000
R14: 0x0000000000000000
R15: 0x0000000000000000
Fighter correlations:
RCX -> Slot 0 / Gen 1
RDX -> —
[00:24:08] HARDWARE WRITE TRAP
Sequence: 43
TraceSessionId: 639214175255927292
WatchId: 639214175255927293
ThreadId: 24252
TrapRip: 0x00007FF68FAFCC99
NormalizedTrapRip / code context: NativeProbe | DBXV2.exe+0xBCC99 | code[-32,+16]=0085C075580F57D20F2FF27250F30F58B3000100000F2FF2F30F11B300010000720FF30F108304010000F30F5DC60F28
WatchedAddress: 0x0000019869C77BB0
AccessWidth: 4
AccessType: Write
XMM0.scalar: 0 (0x00000000)
XMM6.scalar: 333.03891 (0x43A684FB)
DR6: 0x00000000FFFF0FF1
DR7: 0x00000000000D0401
RAX: 0x0000000000000000
RBX: 0x0000019869C77AB0
RCX: 0x0000019869C77AB0
RDX: 0x0000000000000000
RSI: 0x0000000000000000
RDI: 0x0000019869C77AB0
RBP: 0x0000006D39FDF6D0
R8: 0x0000000000000000
R9: 0x000000000000000E
R10: 0x00007FF690A2AA98
R11: 0x0000006D39FDF5B0
R12: 0x0000000000000000
R13: 0x0000000000500000
R14: 0x0000000000000000
R15: 0x0000000000000000
Fighter correlations:
RCX -> Slot 0 / Gen 1
RDX -> —
[00:24:08] HARDWARE WRITE TRAP
Sequence: 44
TraceSessionId: 639214175255927292
WatchId: 639214175255927293
ThreadId: 24252
TrapRip: 0x00007FF68FAFCCC5
NormalizedTrapRip / code context: NativeProbe | DBXV2.exe+0xBCCC5 | code[-32,+16]=5DC60F28D0F30F108B040100000F28C2F30F588308010000F30F1193000100000F2FC1760CF30F5CCAF30F118B080100
WatchedAddress: 0x0000019869C77BB0
AccessWidth: 4
AccessType: Write
XMM0.scalar: 333.03891 (0x43A684FB)
XMM6.scalar: 333.03891 (0x43A684FB)
DR6: 0x00000000FFFF0FF1
DR7: 0x00000000000D0401
RAX: 0x0000000000000000
RBX: 0x0000019869C77AB0
RCX: 0x0000019869C77AB0
RDX: 0x0000000000000000
RSI: 0x0000000000000000
RDI: 0x0000019869C77AB0
RBP: 0x0000006D39FDF6D0
R8: 0x0000000000000000
R9: 0x000000000000000E
R10: 0x00007FF690A2AA98
R11: 0x0000006D39FDF5B0
R12: 0x0000000000000000
R13: 0x0000000000500000
R14: 0x0000000000000000
R15: 0x0000000000000000
Fighter correlations:
RCX -> Slot 0 / Gen 1
RDX -> —
[00:24:08] HARDWARE WRITE TRAP
Sequence: 45
TraceSessionId: 639214175255927292
WatchId: 639214175255927293
ThreadId: 23268
TrapRip: 0x00007FF68FAFCC99
NormalizedTrapRip / code context: NativeProbe | DBXV2.exe+0xBCC99 | code[-32,+16]=0085C075580F57D20F2FF27250F30F58B3000100000F2FF2F30F11B300010000720FF30F108304010000F30F5DC60F28
WatchedAddress: 0x0000019869C77BB0
AccessWidth: 4
AccessType: Write
XMM0.scalar: 0 (0x00000000)
XMM6.scalar: 333.03891 (0x43A684FB)
DR6: 0x00000000FFFF0FF1
DR7: 0x00000000000D0401
RAX: 0x0000000000000000
RBX: 0x0000019869C77AB0
RCX: 0x0000019869C77AB0
RDX: 0x0000000000000000
RSI: 0x0000000000000000
RDI: 0x0000019869C77AB0
RBP: 0x0000006D39DDFB50
R8: 0x0000000000000000
R9: 0x000000000000000E
R10: 0x00007FF690A2AA98
R11: 0x0000006D39DDFA30
R12: 0x0000000000000000
R13: 0x0000000000500000
R14: 0x0000000000000000
R15: 0x0000000000000000
Fighter correlations:
RCX -> Slot 0 / Gen 1
RDX -> —
[00:24:08] HARDWARE WRITE TRAP
Sequence: 46
TraceSessionId: 639214175255927292
WatchId: 639214175255927293
ThreadId: 23268
TrapRip: 0x00007FF68FAFCCC5
NormalizedTrapRip / code context: NativeProbe | DBXV2.exe+0xBCCC5 | code[-32,+16]=5DC60F28D0F30F108B040100000F28C2F30F588308010000F30F1193000100000F2FC1760CF30F5CCAF30F118B080100
WatchedAddress: 0x0000019869C77BB0
AccessWidth: 4
AccessType: Write
XMM0.scalar: 333.03891 (0x43A684FB)
XMM6.scalar: 333.03891 (0x43A684FB)
DR6: 0x00000000FFFF0FF1
DR7: 0x00000000000D0401
RAX: 0x0000000000000000
RBX: 0x0000019869C77AB0
RCX: 0x0000019869C77AB0
RDX: 0x0000000000000000
RSI: 0x0000000000000000
RDI: 0x0000019869C77AB0
RBP: 0x0000006D39DDFB50
R8: 0x0000000000000000
R9: 0x000000000000000E
R10: 0x00007FF690A2AA98
R11: 0x0000006D39DDFA30
R12: 0x0000000000000000
R13: 0x0000000000500000
R14: 0x0000000000000000
R15: 0x0000000000000000
Fighter correlations:
RCX -> Slot 0 / Gen 1
RDX -> —
[00:24:08] HARDWARE WRITE TRAP
Sequence: 47
TraceSessionId: 639214175255927292
WatchId: 639214175255927293
ThreadId: 16992
TrapRip: 0x00007FF68FAFCC99
NormalizedTrapRip / code context: NativeProbe | DBXV2.exe+0xBCC99 | code[-32,+16]=0085C075580F57D20F2FF27250F30F58B3000100000F2FF2F30F11B300010000720FF30F108304010000F30F5DC60F28
WatchedAddress: 0x0000019869C77BB0
AccessWidth: 4
AccessType: Write
XMM0.scalar: 0 (0x00000000)
XMM6.scalar: 333.03891 (0x43A684FB)
DR6: 0x00000000FFFF0FF1
DR7: 0x00000000000D0401
RAX: 0x0000000000000000
RBX: 0x0000019869C77AB0
RCX: 0x0000019869C77AB0
RDX: 0x0000000000000000
RSI: 0x0000000000000000
RDI: 0x0000019869C77AB0
RBP: 0x0000006D398DFA20
R8: 0x0000000000000000
R9: 0x000000000000000E
R10: 0x00007FF690A2AA98
R11: 0x0000006D398DF900
R12: 0x0000000000000000
R13: 0x0000000000500000
R14: 0x0000000000000000
R15: 0x0000000000000000
Fighter correlations:
RCX -> Slot 0 / Gen 1
RDX -> —
[00:24:08] HARDWARE WRITE TRAP
Sequence: 48
TraceSessionId: 639214175255927292
WatchId: 639214175255927293
ThreadId: 16992
TrapRip: 0x00007FF68FAFCCC5
NormalizedTrapRip / code context: NativeProbe | DBXV2.exe+0xBCCC5 | code[-32,+16]=5DC60F28D0F30F108B040100000F28C2F30F588308010000F30F1193000100000F2FC1760CF30F5CCAF30F118B080100
WatchedAddress: 0x0000019869C77BB0
AccessWidth: 4
AccessType: Write
XMM0.scalar: 333.03891 (0x43A684FB)
XMM6.scalar: 333.03891 (0x43A684FB)
DR6: 0x00000000FFFF0FF1
DR7: 0x00000000000D0401
RAX: 0x0000000000000000
RBX: 0x0000019869C77AB0
RCX: 0x0000019869C77AB0
RDX: 0x0000000000000000
RSI: 0x0000000000000000
RDI: 0x0000019869C77AB0
RBP: 0x0000006D398DFA20
R8: 0x0000000000000000
R9: 0x000000000000000E
R10: 0x00007FF690A2AA98
R11: 0x0000006D398DF900
R12: 0x0000000000000000
R13: 0x0000000000500000
R14: 0x0000000000000000
R15: 0x0000000000000000
Fighter correlations:
RCX -> Slot 0 / Gen 1
RDX -> —
[00:24:08] HARDWARE WRITE TRAP
Sequence: 49
TraceSessionId: 639214175255927292
WatchId: 639214175255927293
ThreadId: 11196
TrapRip: 0x00007FF68FAFCC99
NormalizedTrapRip / code context: NativeProbe | DBXV2.exe+0xBCC99 | code[-32,+16]=0085C075580F57D20F2FF27250F30F58B3000100000F2FF2F30F11B300010000720FF30F108304010000F30F5DC60F28
WatchedAddress: 0x0000019869C77BB0
AccessWidth: 4
AccessType: Write
XMM0.scalar: 0 (0x00000000)
XMM6.scalar: 333.03891 (0x43A684FB)
DR6: 0x00000000FFFF0FF1
DR7: 0x00000000000D0401
RAX: 0x0000000000000000
RBX: 0x0000019869C77AB0
RCX: 0x0000019869C77AB0
RDX: 0x0000000000000000
RSI: 0x0000000000000000
RDI: 0x0000019869C77AB0
RBP: 0x0000006D399DFA10
R8: 0x0000000000000000
R9: 0x000000000000000E
R10: 0x00007FF690A2AA98
R11: 0x0000006D399DF8F0
R12: 0x0000000000000000
R13: 0x0000000000500000
R14: 0x0000000000000000
R15: 0x0000000000000000
Fighter correlations:
RCX -> Slot 0 / Gen 1
RDX -> —
[00:24:08] HARDWARE WRITE TRAP
Sequence: 50
TraceSessionId: 639214175255927292
WatchId: 639214175255927293
ThreadId: 11196
TrapRip: 0x00007FF68FAFCCC5
NormalizedTrapRip / code context: NativeProbe | DBXV2.exe+0xBCCC5 | code[-32,+16]=5DC60F28D0F30F108B040100000F28C2F30F588308010000F30F1193000100000F2FC1760CF30F5CCAF30F118B080100
WatchedAddress: 0x0000019869C77BB0
AccessWidth: 4
AccessType: Write
XMM0.scalar: 333.03891 (0x43A684FB)
XMM6.scalar: 333.03891 (0x43A684FB)
DR6: 0x00000000FFFF0FF1
DR7: 0x00000000000D0401
RAX: 0x0000000000000000
RBX: 0x0000019869C77AB0
RCX: 0x0000019869C77AB0
RDX: 0x0000000000000000
RSI: 0x0000000000000000
RDI: 0x0000019869C77AB0
RBP: 0x0000006D399DFA10
R8: 0x0000000000000000
R9: 0x000000000000000E
R10: 0x00007FF690A2AA98
R11: 0x0000006D399DF8F0
R12: 0x0000000000000000
R13: 0x0000000000500000
R14: 0x0000000000000000
R15: 0x0000000000000000
Fighter correlations:
RCX -> Slot 0 / Gen 1
RDX -> —
[00:24:08] HARDWARE WRITE TRAP
Sequence: 51
TraceSessionId: 639214175255927292
WatchId: 639214175255927293
ThreadId: 17612
TrapRip: 0x00007FF68FAFCC99
NormalizedTrapRip / code context: NativeProbe | DBXV2.exe+0xBCC99 | code[-32,+16]=0085C075580F57D20F2FF27250F30F58B3000100000F2FF2F30F11B300010000720FF30F108304010000F30F5DC60F28
WatchedAddress: 0x0000019869C77BB0
AccessWidth: 4
AccessType: Write
XMM0.scalar: 0 (0x00000000)
XMM6.scalar: 333.03891 (0x43A684FB)
DR6: 0x00000000FFFF0FF1
DR7: 0x00000000000D0401
RAX: 0x0000000000000000
RBX: 0x0000019869C77AB0
RCX: 0x0000019869C77AB0
RDX: 0x0000000000000000
RSI: 0x0000000000000000
RDI: 0x0000019869C77AB0
RBP: 0x0000006D39EDFAA0
R8: 0x0000000000000000
R9: 0x000000000000000E
R10: 0x00007FF690A2AA98
R11: 0x0000006D39EDF980
R12: 0x0000000000000000
R13: 0x0000000000500000
R14: 0x0000000000000000
R15: 0x0000000000000000
Fighter correlations:
RCX -> Slot 0 / Gen 1
RDX -> —
[00:24:08] HARDWARE WRITE TRAP
Sequence: 52
TraceSessionId: 639214175255927292
WatchId: 639214175255927293
ThreadId: 17612
TrapRip: 0x00007FF68FAFCCC5
NormalizedTrapRip / code context: NativeProbe | DBXV2.exe+0xBCCC5 | code[-32,+16]=5DC60F28D0F30F108B040100000F28C2F30F588308010000F30F1193000100000F2FC1760CF30F5CCAF30F118B080100
WatchedAddress: 0x0000019869C77BB0
AccessWidth: 4
AccessType: Write
XMM0.scalar: 333.03891 (0x43A684FB)
XMM6.scalar: 333.03891 (0x43A684FB)
DR6: 0x00000000FFFF0FF1
DR7: 0x00000000000D0401
RAX: 0x0000000000000000
RBX: 0x0000019869C77AB0
RCX: 0x0000019869C77AB0
RDX: 0x0000000000000000
RSI: 0x0000000000000000
RDI: 0x0000019869C77AB0
RBP: 0x0000006D39EDFAA0
R8: 0x0000000000000000
R9: 0x000000000000000E
R10: 0x00007FF690A2AA98
R11: 0x0000006D39EDF980
R12: 0x0000000000000000
R13: 0x0000000000500000
R14: 0x0000000000000000
R15: 0x0000000000000000
Fighter correlations:
RCX -> Slot 0 / Gen 1
RDX -> —
[00:24:08] HARDWARE WRITE TRAP
Sequence: 53
TraceSessionId: 639214175255927292
WatchId: 639214175255927293
ThreadId: 11196
TrapRip: 0x00007FF68FAFCC99
NormalizedTrapRip / code context: NativeProbe | DBXV2.exe+0xBCC99 | code[-32,+16]=0085C075580F57D20F2FF27250F30F58B3000100000F2FF2F30F11B300010000720FF30F108304010000F30F5DC60F28
WatchedAddress: 0x0000019869C77BB0
AccessWidth: 4
AccessType: Write
XMM0.scalar: 0 (0x00000000)
XMM6.scalar: 333.03891 (0x43A684FB)
DR6: 0x00000000FFFF0FF1
DR7: 0x00000000000D0401
RAX: 0x0000000000000000
RBX: 0x0000019869C77AB0
RCX: 0x0000019869C77AB0
RDX: 0x0000000000000000
RSI: 0x0000000000000000
RDI: 0x0000019869C77AB0
RBP: 0x0000006D399DFA10
R8: 0x0000000000000000
R9: 0x000000000000000E
R10: 0x00007FF690A2AA98
R11: 0x0000006D399DF8F0
R12: 0x0000000000000000
R13: 0x0000000000500000
R14: 0x0000000000000000
R15: 0x0000000000000000
Fighter correlations:
RCX -> Slot 0 / Gen 1
RDX -> —
[00:24:08] HARDWARE WRITE TRAP
Sequence: 54
TraceSessionId: 639214175255927292
WatchId: 639214175255927293
ThreadId: 11196
TrapRip: 0x00007FF68FAFCCC5
NormalizedTrapRip / code context: NativeProbe | DBXV2.exe+0xBCCC5 | code[-32,+16]=5DC60F28D0F30F108B040100000F28C2F30F588308010000F30F1193000100000F2FC1760CF30F5CCAF30F118B080100
WatchedAddress: 0x0000019869C77BB0
AccessWidth: 4
AccessType: Write
XMM0.scalar: 333.03891 (0x43A684FB)
XMM6.scalar: 333.03891 (0x43A684FB)
DR6: 0x00000000FFFF0FF1
DR7: 0x00000000000D0401
RAX: 0x0000000000000000
RBX: 0x0000019869C77AB0
RCX: 0x0000019869C77AB0
RDX: 0x0000000000000000
RSI: 0x0000000000000000
RDI: 0x0000019869C77AB0
RBP: 0x0000006D399DFA10
R8: 0x0000000000000000
R9: 0x000000000000000E
R10: 0x00007FF690A2AA98
R11: 0x0000006D399DF8F0
R12: 0x0000000000000000
R13: 0x0000000000500000
R14: 0x0000000000000000
R15: 0x0000000000000000
Fighter correlations:
RCX -> Slot 0 / Gen 1
RDX -> —
[00:24:08] HARDWARE WRITE TRAP
Sequence: 55
TraceSessionId: 639214175255927292
WatchId: 639214175255927293
ThreadId: 17612
TrapRip: 0x00007FF68FAFCC99
NormalizedTrapRip / code context: NativeProbe | DBXV2.exe+0xBCC99 | code[-32,+16]=0085C075580F57D20F2FF27250F30F58B3000100000F2FF2F30F11B300010000720FF30F108304010000F30F5DC60F28
WatchedAddress: 0x0000019869C77BB0
AccessWidth: 4
AccessType: Write
XMM0.scalar: 0 (0x00000000)
XMM6.scalar: 333.03891 (0x43A684FB)
DR6: 0x00000000FFFF0FF1
DR7: 0x00000000000D0401
RAX: 0x0000000000000000
RBX: 0x0000019869C77AB0
RCX: 0x0000019869C77AB0
RDX: 0x0000000000000000
RSI: 0x0000000000000000
RDI: 0x0000019869C77AB0
RBP: 0x0000006D39EDFAA0
R8: 0x0000000000000000
R9: 0x000000000000000E
R10: 0x00007FF690A2AA98
R11: 0x0000006D39EDF980
R12: 0x0000000000000000
R13: 0x0000000000500000
R14: 0x0000000000000000
R15: 0x0000000000000000
Fighter correlations:
RCX -> Slot 0 / Gen 1
RDX -> —
[00:24:08] HARDWARE WRITE TRAP
Sequence: 56
TraceSessionId: 639214175255927292
WatchId: 639214175255927293
ThreadId: 17612
TrapRip: 0x00007FF68FAFCCC5
NormalizedTrapRip / code context: NativeProbe | DBXV2.exe+0xBCCC5 | code[-32,+16]=5DC60F28D0F30F108B040100000F28C2F30F588308010000F30F1193000100000F2FC1760CF30F5CCAF30F118B080100
WatchedAddress: 0x0000019869C77BB0
AccessWidth: 4
AccessType: Write
XMM0.scalar: 333.03891 (0x43A684FB)
XMM6.scalar: 333.03891 (0x43A684FB)
DR6: 0x00000000FFFF0FF1
DR7: 0x00000000000D0401
RAX: 0x0000000000000000
RBX: 0x0000019869C77AB0
RCX: 0x0000019869C77AB0
RDX: 0x0000000000000000
RSI: 0x0000000000000000
RDI: 0x0000019869C77AB0
RBP: 0x0000006D39EDFAA0
R8: 0x0000000000000000
R9: 0x000000000000000E
R10: 0x00007FF690A2AA98
R11: 0x0000006D39EDF980
R12: 0x0000000000000000
R13: 0x0000000000500000
R14: 0x0000000000000000
R15: 0x0000000000000000
Fighter correlations:
RCX -> Slot 0 / Gen 1
RDX -> —
[00:24:08] HARDWARE WRITE TRAP
Sequence: 57
TraceSessionId: 639214175255927292
WatchId: 639214175255927293
ThreadId: 11196
TrapRip: 0x00007FF68FAFCC99
NormalizedTrapRip / code context: NativeProbe | DBXV2.exe+0xBCC99 | code[-32,+16]=0085C075580F57D20F2FF27250F30F58B3000100000F2FF2F30F11B300010000720FF30F108304010000F30F5DC60F28
WatchedAddress: 0x0000019869C77BB0
AccessWidth: 4
AccessType: Write
XMM0.scalar: 0 (0x00000000)
XMM6.scalar: 333.03891 (0x43A684FB)
DR6: 0x00000000FFFF0FF1
DR7: 0x00000000000D0401
RAX: 0x0000000000000000
RBX: 0x0000019869C77AB0
RCX: 0x0000019869C77AB0
RDX: 0x0000000000000000
RSI: 0x0000000000000000
RDI: 0x0000019869C77AB0
RBP: 0x0000006D399DFA10
R8: 0x0000000000000000
R9: 0x000000000000000E
R10: 0x00007FF690A2AA98
R11: 0x0000006D399DF8F0
R12: 0x0000000000000000
R13: 0x0000000000500000
R14: 0x0000000000000000
R15: 0x0000000000000000
Fighter correlations:
RCX -> Slot 0 / Gen 1
RDX -> —
[00:24:08] HARDWARE WRITE TRAP
Sequence: 58
TraceSessionId: 639214175255927292
WatchId: 639214175255927293
ThreadId: 11196
TrapRip: 0x00007FF68FAFCCC5
NormalizedTrapRip / code context: NativeProbe | DBXV2.exe+0xBCCC5 | code[-32,+16]=5DC60F28D0F30F108B040100000F28C2F30F588308010000F30F1193000100000F2FC1760CF30F5CCAF30F118B080100
WatchedAddress: 0x0000019869C77BB0
AccessWidth: 4
AccessType: Write
XMM0.scalar: 333.03891 (0x43A684FB)
XMM6.scalar: 333.03891 (0x43A684FB)
DR6: 0x00000000FFFF0FF1
DR7: 0x00000000000D0401
RAX: 0x0000000000000000
RBX: 0x0000019869C77AB0
RCX: 0x0000019869C77AB0
RDX: 0x0000000000000000
RSI: 0x0000000000000000
RDI: 0x0000019869C77AB0
RBP: 0x0000006D399DFA10
R8: 0x0000000000000000
R9: 0x000000000000000E
R10: 0x00007FF690A2AA98
R11: 0x0000006D399DF8F0
R12: 0x0000000000000000
R13: 0x0000000000500000
R14: 0x0000000000000000
R15: 0x0000000000000000
Fighter correlations:
RCX -> Slot 0 / Gen 1
RDX -> —
[00:24:08] HARDWARE WRITE TRAP
Sequence: 59
TraceSessionId: 639214175255927292
WatchId: 639214175255927293
ThreadId: 16992
TrapRip: 0x00007FF68FAFCC99
NormalizedTrapRip / code context: NativeProbe | DBXV2.exe+0xBCC99 | code[-32,+16]=0085C075580F57D20F2FF27250F30F58B3000100000F2FF2F30F11B300010000720FF30F108304010000F30F5DC60F28
WatchedAddress: 0x0000019869C77BB0
AccessWidth: 4
AccessType: Write
XMM0.scalar: 0 (0x00000000)
XMM6.scalar: 333.03891 (0x43A684FB)
DR6: 0x00000000FFFF0FF1
DR7: 0x00000000000D0401
RAX: 0x0000000000000000
RBX: 0x0000019869C77AB0
RCX: 0x0000019869C77AB0
RDX: 0x0000000000000000
RSI: 0x0000000000000000
RDI: 0x0000019869C77AB0
RBP: 0x0000006D398DFA20
R8: 0x0000000000000000
R9: 0x000000000000000E
R10: 0x00007FF690A2AA98
R11: 0x0000006D398DF900
R12: 0x0000000000000000
R13: 0x0000000000500000
R14: 0x0000000000000000
R15: 0x0000000000000000
Fighter correlations:
RCX -> Slot 0 / Gen 1
RDX -> —
[00:24:08] HARDWARE WRITE TRAP
Sequence: 60
TraceSessionId: 639214175255927292
WatchId: 639214175255927293
ThreadId: 16992
TrapRip: 0x00007FF68FAFCCC5
NormalizedTrapRip / code context: NativeProbe | DBXV2.exe+0xBCCC5 | code[-32,+16]=5DC60F28D0F30F108B040100000F28C2F30F588308010000F30F1193000100000F2FC1760CF30F5CCAF30F118B080100
WatchedAddress: 0x0000019869C77BB0
AccessWidth: 4
AccessType: Write
XMM0.scalar: 333.03891 (0x43A684FB)
XMM6.scalar: 333.03891 (0x43A684FB)
DR6: 0x00000000FFFF0FF1
DR7: 0x00000000000D0401
RAX: 0x0000000000000000
RBX: 0x0000019869C77AB0
RCX: 0x0000019869C77AB0
RDX: 0x0000000000000000
RSI: 0x0000000000000000
RDI: 0x0000019869C77AB0
RBP: 0x0000006D398DFA20
R8: 0x0000000000000000
R9: 0x000000000000000E
R10: 0x00007FF690A2AA98
R11: 0x0000006D398DF900
R12: 0x0000000000000000
R13: 0x0000000000500000
R14: 0x0000000000000000
R15: 0x0000000000000000
Fighter correlations:
RCX -> Slot 0 / Gen 1
RDX -> —
[00:24:08] HARDWARE WRITE TRAP
Sequence: 61
TraceSessionId: 639214175255927292
WatchId: 639214175255927293
ThreadId: 17612
TrapRip: 0x00007FF68FAFCC99
NormalizedTrapRip / code context: NativeProbe | DBXV2.exe+0xBCC99 | code[-32,+16]=0085C075580F57D20F2FF27250F30F58B3000100000F2FF2F30F11B300010000720FF30F108304010000F30F5DC60F28
WatchedAddress: 0x0000019869C77BB0
AccessWidth: 4
AccessType: Write
XMM0.scalar: 0 (0x00000000)
XMM6.scalar: 333.03891 (0x43A684FB)
DR6: 0x00000000FFFF0FF1
DR7: 0x00000000000D0401
RAX: 0x0000000000000000
RBX: 0x0000019869C77AB0
RCX: 0x0000019869C77AB0
RDX: 0x0000000000000000
RSI: 0x0000000000000000
RDI: 0x0000019869C77AB0
RBP: 0x0000006D39EDFAA0
R8: 0x0000000000000000
R9: 0x000000000000000E
R10: 0x00007FF690A2AA98
R11: 0x0000006D39EDF980
R12: 0x0000000000000000
R13: 0x0000000000500000
R14: 0x0000000000000000
R15: 0x0000000000000000
Fighter correlations:
RCX -> Slot 0 / Gen 1
RDX -> —
[00:24:08] HARDWARE WRITE TRAP
Sequence: 62
TraceSessionId: 639214175255927292
WatchId: 639214175255927293
ThreadId: 17612
TrapRip: 0x00007FF68FAFCCC5
NormalizedTrapRip / code context: NativeProbe | DBXV2.exe+0xBCCC5 | code[-32,+16]=5DC60F28D0F30F108B040100000F28C2F30F588308010000F30F1193000100000F2FC1760CF30F5CCAF30F118B080100
WatchedAddress: 0x0000019869C77BB0
AccessWidth: 4
AccessType: Write
XMM0.scalar: 333.03891 (0x43A684FB)
XMM6.scalar: 333.03891 (0x43A684FB)
DR6: 0x00000000FFFF0FF1
DR7: 0x00000000000D0401
RAX: 0x0000000000000000
RBX: 0x0000019869C77AB0
RCX: 0x0000019869C77AB0
RDX: 0x0000000000000000
RSI: 0x0000000000000000
RDI: 0x0000019869C77AB0
RBP: 0x0000006D39EDFAA0
R8: 0x0000000000000000
R9: 0x000000000000000E
R10: 0x00007FF690A2AA98
R11: 0x0000006D39EDF980
R12: 0x0000000000000000
R13: 0x0000000000500000
R14: 0x0000000000000000
R15: 0x0000000000000000
Fighter correlations:
RCX -> Slot 0 / Gen 1
RDX -> —
[00:24:08] HARDWARE WRITE TRAP
Sequence: 63
TraceSessionId: 639214175255927292
WatchId: 639214175255927293
ThreadId: 23268
TrapRip: 0x00007FF68FAFCC99
NormalizedTrapRip / code context: NativeProbe | DBXV2.exe+0xBCC99 | code[-32,+16]=0085C075580F57D20F2FF27250F30F58B3000100000F2FF2F30F11B300010000720FF30F108304010000F30F5DC60F28
WatchedAddress: 0x0000019869C77BB0
AccessWidth: 4
AccessType: Write
XMM0.scalar: 0 (0x00000000)
XMM6.scalar: 333.03891 (0x43A684FB)
DR6: 0x00000000FFFF0FF1
DR7: 0x00000000000D0401
RAX: 0x0000000000000000
RBX: 0x0000019869C77AB0
RCX: 0x0000019869C77AB0
RDX: 0x0000000000000000
RSI: 0x0000000000000000
RDI: 0x0000019869C77AB0
RBP: 0x0000006D39DDFB50
R8: 0x0000000000000000
R9: 0x000000000000000E
R10: 0x00007FF690A2AA98
R11: 0x0000006D39DDFA30
R12: 0x0000000000000000
R13: 0x0000000000500000
R14: 0x0000000000000000
R15: 0x0000000000000000
Fighter correlations:
RCX -> Slot 0 / Gen 1
RDX -> —
[00:24:08] HARDWARE WRITE TRAP
Sequence: 64
TraceSessionId: 639214175255927292
WatchId: 639214175255927293
ThreadId: 23268
TrapRip: 0x00007FF68FAFCCC5
NormalizedTrapRip / code context: NativeProbe | DBXV2.exe+0xBCCC5 | code[-32,+16]=5DC60F28D0F30F108B040100000F28C2F30F588308010000F30F1193000100000F2FC1760CF30F5CCAF30F118B080100
WatchedAddress: 0x0000019869C77BB0
AccessWidth: 4
AccessType: Write
XMM0.scalar: 333.03891 (0x43A684FB)
XMM6.scalar: 333.03891 (0x43A684FB)
DR6: 0x00000000FFFF0FF1
DR7: 0x00000000000D0401
RAX: 0x0000000000000000
RBX: 0x0000019869C77AB0
RCX: 0x0000019869C77AB0
RDX: 0x0000000000000000
RSI: 0x0000000000000000
RDI: 0x0000019869C77AB0
RBP: 0x0000006D39DDFB50
R8: 0x0000000000000000
R9: 0x000000000000000E
R10: 0x00007FF690A2AA98
R11: 0x0000006D39DDFA30
R12: 0x0000000000000000
R13: 0x0000000000500000
R14: 0x0000000000000000
R15: 0x0000000000000000
Fighter correlations:
RCX -> Slot 0 / Gen 1
RDX -> —
[00:24:08] HARDWARE WRITE TRAP
Sequence: 65
TraceSessionId: 639214175255927292
WatchId: 639214175255927293
ThreadId: 24252
TrapRip: 0x00007FF68FAFCC99
NormalizedTrapRip / code context: NativeProbe | DBXV2.exe+0xBCC99 | code[-32,+16]=0085C075580F57D20F2FF27250F30F58B3000100000F2FF2F30F11B300010000720FF30F108304010000F30F5DC60F28
WatchedAddress: 0x0000019869C77BB0
AccessWidth: 4
AccessType: Write
XMM0.scalar: 0 (0x00000000)
XMM6.scalar: 333.03891 (0x43A684FB)
DR6: 0x00000000FFFF0FF1
DR7: 0x00000000000D0401
RAX: 0x0000000000000000
RBX: 0x0000019869C77AB0
RCX: 0x0000019869C77AB0
RDX: 0x0000000000000000
RSI: 0x0000000000000000
RDI: 0x0000019869C77AB0
RBP: 0x0000006D39FDF6D0
R8: 0x0000000000000000
R9: 0x000000000000000E
R10: 0x00007FF690A2AA98
R11: 0x0000006D39FDF5B0
R12: 0x0000000000000000
R13: 0x0000000000500000
R14: 0x0000000000000000
R15: 0x0000000000000000
Fighter correlations:
RCX -> Slot 0 / Gen 1
RDX -> —
[00:24:08] HARDWARE WRITE TRAP
Sequence: 66
TraceSessionId: 639214175255927292
WatchId: 639214175255927293
ThreadId: 24252
TrapRip: 0x00007FF68FAFCCC5
NormalizedTrapRip / code context: NativeProbe | DBXV2.exe+0xBCCC5 | code[-32,+16]=5DC60F28D0F30F108B040100000F28C2F30F588308010000F30F1193000100000F2FC1760CF30F5CCAF30F118B080100
WatchedAddress: 0x0000019869C77BB0
AccessWidth: 4
AccessType: Write
XMM0.scalar: 333.03891 (0x43A684FB)
XMM6.scalar: 333.03891 (0x43A684FB)
DR6: 0x00000000FFFF0FF1
DR7: 0x00000000000D0401
RAX: 0x0000000000000000
RBX: 0x0000019869C77AB0
RCX: 0x0000019869C77AB0
RDX: 0x0000000000000000
RSI: 0x0000000000000000
RDI: 0x0000019869C77AB0
RBP: 0x0000006D39FDF6D0
R8: 0x0000000000000000
R9: 0x000000000000000E
R10: 0x00007FF690A2AA98
R11: 0x0000006D39FDF5B0
R12: 0x0000000000000000
R13: 0x0000000000500000
R14: 0x0000000000000000
R15: 0x0000000000000000
Fighter correlations:
RCX -> Slot 0 / Gen 1
RDX -> —
[00:24:08] HARDWARE WRITE TRAP
Sequence: 67
TraceSessionId: 639214175255927292
WatchId: 639214175255927293
ThreadId: 11196
TrapRip: 0x00007FF68FAFCC99
NormalizedTrapRip / code context: NativeProbe | DBXV2.exe+0xBCC99 | code[-32,+16]=0085C075580F57D20F2FF27250F30F58B3000100000F2FF2F30F11B300010000720FF30F108304010000F30F5DC60F28
WatchedAddress: 0x0000019869C77BB0
AccessWidth: 4
AccessType: Write
XMM0.scalar: 0 (0x00000000)
XMM6.scalar: 333.03891 (0x43A684FB)
DR6: 0x00000000FFFF0FF1
DR7: 0x00000000000D0401
RAX: 0x0000000000000000
RBX: 0x0000019869C77AB0
RCX: 0x0000019869C77AB0
RDX: 0x0000000000000000
RSI: 0x0000000000000000
RDI: 0x0000019869C77AB0
RBP: 0x0000006D399DFA10
R8: 0x0000000000000000
R9: 0x000000000000000E
R10: 0x00007FF690A2AA98
R11: 0x0000006D399DF8F0
R12: 0x0000000000000000
R13: 0x0000000000500000
R14: 0x0000000000000000
R15: 0x0000000000000000
Fighter correlations:
RCX -> Slot 0 / Gen 1
RDX -> —
[00:24:08] HARDWARE WRITE TRAP
Sequence: 68
TraceSessionId: 639214175255927292
WatchId: 639214175255927293
ThreadId: 11196
TrapRip: 0x00007FF68FAFCCC5
NormalizedTrapRip / code context: NativeProbe | DBXV2.exe+0xBCCC5 | code[-32,+16]=5DC60F28D0F30F108B040100000F28C2F30F588308010000F30F1193000100000F2FC1760CF30F5CCAF30F118B080100
WatchedAddress: 0x0000019869C77BB0
AccessWidth: 4
AccessType: Write
XMM0.scalar: 333.03891 (0x43A684FB)
XMM6.scalar: 333.03891 (0x43A684FB)
DR6: 0x00000000FFFF0FF1
DR7: 0x00000000000D0401
RAX: 0x0000000000000000
RBX: 0x0000019869C77AB0
RCX: 0x0000019869C77AB0
RDX: 0x0000000000000000
RSI: 0x0000000000000000
RDI: 0x0000019869C77AB0
RBP: 0x0000006D399DFA10
R8: 0x0000000000000000
R9: 0x000000000000000E
R10: 0x00007FF690A2AA98
R11: 0x0000006D399DF8F0
R12: 0x0000000000000000
R13: 0x0000000000500000
R14: 0x0000000000000000
R15: 0x0000000000000000
Fighter correlations:
RCX -> Slot 0 / Gen 1
RDX -> —
[00:24:08] HARDWARE WRITE TRAP
Sequence: 69
TraceSessionId: 639214175255927292
WatchId: 639214175255927293
ThreadId: 11196
TrapRip: 0x00007FF68FAFCC99
NormalizedTrapRip / code context: NativeProbe | DBXV2.exe+0xBCC99 | code[-32,+16]=0085C075580F57D20F2FF27250F30F58B3000100000F2FF2F30F11B300010000720FF30F108304010000F30F5DC60F28
WatchedAddress: 0x0000019869C77BB0
AccessWidth: 4
AccessType: Write
XMM0.scalar: 0 (0x00000000)
XMM6.scalar: 333.03891 (0x43A684FB)
DR6: 0x00000000FFFF0FF1
DR7: 0x00000000000D0401
RAX: 0x0000000000000000
RBX: 0x0000019869C77AB0
RCX: 0x0000019869C77AB0
RDX: 0x0000000000000000
RSI: 0x0000000000000000
RDI: 0x0000019869C77AB0
RBP: 0x0000006D399DFA10
R8: 0x0000000000000000
R9: 0x000000000000000E
R10: 0x00007FF690A2AA98
R11: 0x0000006D399DF8F0
R12: 0x0000000000000000
R13: 0x0000000000500000
R14: 0x0000000000000000
R15: 0x0000000000000000
Fighter correlations:
RCX -> Slot 0 / Gen 1
RDX -> —
[00:24:08] HARDWARE WRITE TRAP
Sequence: 70
TraceSessionId: 639214175255927292
WatchId: 639214175255927293
ThreadId: 11196
TrapRip: 0x00007FF68FAFCCC5
NormalizedTrapRip / code context: NativeProbe | DBXV2.exe+0xBCCC5 | code[-32,+16]=5DC60F28D0F30F108B040100000F28C2F30F588308010000F30F1193000100000F2FC1760CF30F5CCAF30F118B080100
WatchedAddress: 0x0000019869C77BB0
AccessWidth: 4
AccessType: Write
XMM0.scalar: 333.03891 (0x43A684FB)
XMM6.scalar: 333.03891 (0x43A684FB)
DR6: 0x00000000FFFF0FF1
DR7: 0x00000000000D0401
RAX: 0x0000000000000000
RBX: 0x0000019869C77AB0
RCX: 0x0000019869C77AB0
RDX: 0x0000000000000000
RSI: 0x0000000000000000
RDI: 0x0000019869C77AB0
RBP: 0x0000006D399DFA10
R8: 0x0000000000000000
R9: 0x000000000000000E
R10: 0x00007FF690A2AA98
R11: 0x0000006D399DF8F0
R12: 0x0000000000000000
R13: 0x0000000000500000
R14: 0x0000000000000000
R15: 0x0000000000000000
Fighter correlations:
RCX -> Slot 0 / Gen 1
RDX -> —
[00:24:08] HARDWARE WRITE TRAP
Sequence: 71
TraceSessionId: 639214175255927292
WatchId: 639214175255927293
ThreadId: 16992
TrapRip: 0x00007FF68FAFCC99
NormalizedTrapRip / code context: NativeProbe | DBXV2.exe+0xBCC99 | code[-32,+16]=0085C075580F57D20F2FF27250F30F58B3000100000F2FF2F30F11B300010000720FF30F108304010000F30F5DC60F28
WatchedAddress: 0x0000019869C77BB0
AccessWidth: 4
AccessType: Write
XMM0.scalar: 0 (0x00000000)
XMM6.scalar: 333.03891 (0x43A684FB)
DR6: 0x00000000FFFF0FF1
DR7: 0x00000000000D0401
RAX: 0x0000000000000000
RBX: 0x0000019869C77AB0
RCX: 0x0000019869C77AB0
RDX: 0x0000000000000000
RSI: 0x0000000000000000
RDI: 0x0000019869C77AB0
RBP: 0x0000006D398DFA20
R8: 0x0000000000000000
R9: 0x000000000000000E
R10: 0x00007FF690A2AA98
R11: 0x0000006D398DF900
R12: 0x0000000000000000
R13: 0x0000000000500000
R14: 0x0000000000000000
R15: 0x0000000000000000
Fighter correlations:
RCX -> Slot 0 / Gen 1
RDX -> —
[00:24:08] HARDWARE WRITE TRAP
Sequence: 72
TraceSessionId: 639214175255927292
WatchId: 639214175255927293
ThreadId: 16992
TrapRip: 0x00007FF68FAFCCC5
NormalizedTrapRip / code context: NativeProbe | DBXV2.exe+0xBCCC5 | code[-32,+16]=5DC60F28D0F30F108B040100000F28C2F30F588308010000F30F1193000100000F2FC1760CF30F5CCAF30F118B080100
WatchedAddress: 0x0000019869C77BB0
AccessWidth: 4
AccessType: Write
XMM0.scalar: 333.03891 (0x43A684FB)
XMM6.scalar: 333.03891 (0x43A684FB)
DR6: 0x00000000FFFF0FF1
DR7: 0x00000000000D0401
RAX: 0x0000000000000000
RBX: 0x0000019869C77AB0
RCX: 0x0000019869C77AB0
RDX: 0x0000000000000000
RSI: 0x0000000000000000
RDI: 0x0000019869C77AB0
RBP: 0x0000006D398DFA20
R8: 0x0000000000000000
R9: 0x000000000000000E
R10: 0x00007FF690A2AA98
R11: 0x0000006D398DF900
R12: 0x0000000000000000
R13: 0x0000000000500000
R14: 0x0000000000000000
R15: 0x0000000000000000
Fighter correlations:
RCX -> Slot 0 / Gen 1
RDX -> —
[00:24:08] HARDWARE WRITE TRAP
Sequence: 73
TraceSessionId: 639214175255927292
WatchId: 639214175255927293
ThreadId: 24252
TrapRip: 0x00007FF68FAFCC99
NormalizedTrapRip / code context: NativeProbe | DBXV2.exe+0xBCC99 | code[-32,+16]=0085C075580F57D20F2FF27250F30F58B3000100000F2FF2F30F11B300010000720FF30F108304010000F30F5DC60F28
WatchedAddress: 0x0000019869C77BB0
AccessWidth: 4
AccessType: Write
XMM0.scalar: 0 (0x00000000)
XMM6.scalar: 333.03891 (0x43A684FB)
DR6: 0x00000000FFFF0FF1
DR7: 0x00000000000D0401
RAX: 0x0000000000000000
RBX: 0x0000019869C77AB0
RCX: 0x0000019869C77AB0
RDX: 0x0000000000000000
RSI: 0x0000000000000000
RDI: 0x0000019869C77AB0
RBP: 0x0000006D39FDF6D0
R8: 0x0000000000000000
R9: 0x000000000000000E
R10: 0x00007FF690A2AA98
R11: 0x0000006D39FDF5B0
R12: 0x0000000000000000
R13: 0x0000000000500000
R14: 0x0000000000000000
R15: 0x0000000000000000
Fighter correlations:
RCX -> Slot 0 / Gen 1
RDX -> —
[00:24:08] HARDWARE WRITE TRAP
Sequence: 74
TraceSessionId: 639214175255927292
WatchId: 639214175255927293
ThreadId: 24252
TrapRip: 0x00007FF68FAFCCC5
NormalizedTrapRip / code context: NativeProbe | DBXV2.exe+0xBCCC5 | code[-32,+16]=5DC60F28D0F30F108B040100000F28C2F30F588308010000F30F1193000100000F2FC1760CF30F5CCAF30F118B080100
WatchedAddress: 0x0000019869C77BB0
AccessWidth: 4
AccessType: Write
XMM0.scalar: 333.03891 (0x43A684FB)
XMM6.scalar: 333.03891 (0x43A684FB)
DR6: 0x00000000FFFF0FF1
DR7: 0x00000000000D0401
RAX: 0x0000000000000000
RBX: 0x0000019869C77AB0
RCX: 0x0000019869C77AB0
RDX: 0x0000000000000000
RSI: 0x0000000000000000
RDI: 0x0000019869C77AB0
RBP: 0x0000006D39FDF6D0
R8: 0x0000000000000000
R9: 0x000000000000000E
R10: 0x00007FF690A2AA98
R11: 0x0000006D39FDF5B0
R12: 0x0000000000000000
R13: 0x0000000000500000
R14: 0x0000000000000000
R15: 0x0000000000000000
Fighter correlations:
RCX -> Slot 0 / Gen 1
RDX -> —
[00:24:08] HARDWARE WRITE TRAP
Sequence: 75
TraceSessionId: 639214175255927292
WatchId: 639214175255927293
ThreadId: 11196
TrapRip: 0x00007FF68FAFCC99
NormalizedTrapRip / code context: NativeProbe | DBXV2.exe+0xBCC99 | code[-32,+16]=0085C075580F57D20F2FF27250F30F58B3000100000F2FF2F30F11B300010000720FF30F108304010000F30F5DC60F28
WatchedAddress: 0x0000019869C77BB0
AccessWidth: 4
AccessType: Write
XMM0.scalar: 0 (0x00000000)
XMM6.scalar: 333.03891 (0x43A684FB)
DR6: 0x00000000FFFF0FF1
DR7: 0x00000000000D0401
RAX: 0x0000000000000000
RBX: 0x0000019869C77AB0
RCX: 0x0000019869C77AB0
RDX: 0x0000000000000000
RSI: 0x0000000000000000
RDI: 0x0000019869C77AB0
RBP: 0x0000006D399DFA10
R8: 0x0000000000000000
R9: 0x000000000000000E
R10: 0x00007FF690A2AA98
R11: 0x0000006D399DF8F0
R12: 0x0000000000000000
R13: 0x0000000000500000
R14: 0x0000000000000000
R15: 0x0000000000000000
Fighter correlations:
RCX -> Slot 0 / Gen 1
RDX -> —
[00:24:08] HARDWARE WRITE TRAP
Sequence: 76
TraceSessionId: 639214175255927292
WatchId: 639214175255927293
ThreadId: 11196
TrapRip: 0x00007FF68FAFCCC5
NormalizedTrapRip / code context: NativeProbe | DBXV2.exe+0xBCCC5 | code[-32,+16]=5DC60F28D0F30F108B040100000F28C2F30F588308010000F30F1193000100000F2FC1760CF30F5CCAF30F118B080100
WatchedAddress: 0x0000019869C77BB0
AccessWidth: 4
AccessType: Write
XMM0.scalar: 333.03891 (0x43A684FB)
XMM6.scalar: 333.03891 (0x43A684FB)
DR6: 0x00000000FFFF0FF1
DR7: 0x00000000000D0401
RAX: 0x0000000000000000
RBX: 0x0000019869C77AB0
RCX: 0x0000019869C77AB0
RDX: 0x0000000000000000
RSI: 0x0000000000000000
RDI: 0x0000019869C77AB0
RBP: 0x0000006D399DFA10
R8: 0x0000000000000000
R9: 0x000000000000000E
R10: 0x00007FF690A2AA98
R11: 0x0000006D399DF8F0
R12: 0x0000000000000000
R13: 0x0000000000500000
R14: 0x0000000000000000
R15: 0x0000000000000000
Fighter correlations:
RCX -> Slot 0 / Gen 1
RDX -> —
[00:24:08] HARDWARE WRITE TRAP
Sequence: 77
TraceSessionId: 639214175255927292
WatchId: 639214175255927293
ThreadId: 18620
TrapRip: 0x00007FF68FAFCC99
NormalizedTrapRip / code context: NativeProbe | DBXV2.exe+0xBCC99 | code[-32,+16]=0085C075580F57D20F2FF27250F30F58B3000100000F2FF2F30F11B300010000720FF30F108304010000F30F5DC60F28
WatchedAddress: 0x0000019869C77BB0
AccessWidth: 4
AccessType: Write
XMM0.scalar: 0 (0x00000000)
XMM6.scalar: 333.03891 (0x43A684FB)
DR6: 0x00000000FFFF0FF1
DR7: 0x00000000000D0401
RAX: 0x0000000000000000
RBX: 0x0000019869C77AB0
RCX: 0x0000019869C77AB0
RDX: 0x0000000000000000
RSI: 0x0000000000000000
RDI: 0x0000019869C77AB0
RBP: 0x0000006D39CDF600
R8: 0x0000000000000000
R9: 0x000000000000000E
R10: 0x00007FF690A2AA98
R11: 0x0000006D39CDF4E0
R12: 0x0000000000000000
R13: 0x0000000000500000
R14: 0x0000000000000000
R15: 0x0000000000000000
Fighter correlations:
RCX -> Slot 0 / Gen 1
RDX -> —
[00:24:08] HARDWARE WRITE TRAP
Sequence: 78
TraceSessionId: 639214175255927292
WatchId: 639214175255927293
ThreadId: 18620
TrapRip: 0x00007FF68FAFCCC5
NormalizedTrapRip / code context: NativeProbe | DBXV2.exe+0xBCCC5 | code[-32,+16]=5DC60F28D0F30F108B040100000F28C2F30F588308010000F30F1193000100000F2FC1760CF30F5CCAF30F118B080100
WatchedAddress: 0x0000019869C77BB0
AccessWidth: 4
AccessType: Write
XMM0.scalar: 333.03891 (0x43A684FB)
XMM6.scalar: 333.03891 (0x43A684FB)
DR6: 0x00000000FFFF0FF1
DR7: 0x00000000000D0401
RAX: 0x0000000000000000
RBX: 0x0000019869C77AB0
RCX: 0x0000019869C77AB0
RDX: 0x0000000000000000
RSI: 0x0000000000000000
RDI: 0x0000019869C77AB0
RBP: 0x0000006D39CDF600
R8: 0x0000000000000000
R9: 0x000000000000000E
R10: 0x00007FF690A2AA98
R11: 0x0000006D39CDF4E0
R12: 0x0000000000000000
R13: 0x0000000000500000
R14: 0x0000000000000000
R15: 0x0000000000000000
Fighter correlations:
RCX -> Slot 0 / Gen 1
RDX -> —
[00:24:08] HARDWARE WRITE TRAP
Sequence: 79
TraceSessionId: 639214175255927292
WatchId: 639214175255927293
ThreadId: 23268
TrapRip: 0x00007FF68FAFCC99
NormalizedTrapRip / code context: NativeProbe | DBXV2.exe+0xBCC99 | code[-32,+16]=0085C075580F57D20F2FF27250F30F58B3000100000F2FF2F30F11B300010000720FF30F108304010000F30F5DC60F28
WatchedAddress: 0x0000019869C77BB0
AccessWidth: 4
AccessType: Write
XMM0.scalar: 0 (0x00000000)
XMM6.scalar: 333.03891 (0x43A684FB)
DR6: 0x00000000FFFF0FF1
DR7: 0x00000000000D0401
RAX: 0x0000000000000000
RBX: 0x0000019869C77AB0
RCX: 0x0000019869C77AB0
RDX: 0x0000000000000000
RSI: 0x0000000000000000
RDI: 0x0000019869C77AB0
RBP: 0x0000006D39DDFB50
R8: 0x0000000000000000
R9: 0x000000000000000E
R10: 0x00007FF690A2AA98
R11: 0x0000006D39DDFA30
R12: 0x0000000000000000
R13: 0x0000000000500000
R14: 0x0000000000000000
R15: 0x0000000000000000
Fighter correlations:
RCX -> Slot 0 / Gen 1
RDX -> —
[00:24:08] HARDWARE WRITE TRAP
Sequence: 80
TraceSessionId: 639214175255927292
WatchId: 639214175255927293
ThreadId: 23268
TrapRip: 0x00007FF68FAFCCC5
NormalizedTrapRip / code context: NativeProbe | DBXV2.exe+0xBCCC5 | code[-32,+16]=5DC60F28D0F30F108B040100000F28C2F30F588308010000F30F1193000100000F2FC1760CF30F5CCAF30F118B080100
WatchedAddress: 0x0000019869C77BB0
AccessWidth: 4
AccessType: Write
XMM0.scalar: 333.03891 (0x43A684FB)
XMM6.scalar: 333.03891 (0x43A684FB)
DR6: 0x00000000FFFF0FF1
DR7: 0x00000000000D0401
RAX: 0x0000000000000000
RBX: 0x0000019869C77AB0
RCX: 0x0000019869C77AB0
RDX: 0x0000000000000000
RSI: 0x0000000000000000
RDI: 0x0000019869C77AB0
RBP: 0x0000006D39DDFB50
R8: 0x0000000000000000
R9: 0x000000000000000E
R10: 0x00007FF690A2AA98
R11: 0x0000006D39DDFA30
R12: 0x0000000000000000
R13: 0x0000000000500000
R14: 0x0000000000000000
R15: 0x0000000000000000
Fighter correlations:
RCX -> Slot 0 / Gen 1
RDX -> —
[00:24:08] HARDWARE WRITE TRAP
Sequence: 81
TraceSessionId: 639214175255927292
WatchId: 639214175255927293
ThreadId: 11196
TrapRip: 0x00007FF68FAFCC99
NormalizedTrapRip / code context: NativeProbe | DBXV2.exe+0xBCC99 | code[-32,+16]=0085C075580F57D20F2FF27250F30F58B3000100000F2FF2F30F11B300010000720FF30F108304010000F30F5DC60F28
WatchedAddress: 0x0000019869C77BB0
AccessWidth: 4
AccessType: Write
XMM0.scalar: 0 (0x00000000)
XMM6.scalar: 333.03891 (0x43A684FB)
DR6: 0x00000000FFFF0FF1
DR7: 0x00000000000D0401
RAX: 0x0000000000000000
RBX: 0x0000019869C77AB0
RCX: 0x0000019869C77AB0
RDX: 0x0000000000000000
RSI: 0x0000000000000000
RDI: 0x0000019869C77AB0
RBP: 0x0000006D399DFA10
R8: 0x0000000000000000
R9: 0x000000000000000E
R10: 0x00007FF690A2AA98
R11: 0x0000006D399DF8F0
R12: 0x0000000000000000
R13: 0x0000000000500000
R14: 0x0000000000000000
R15: 0x0000000000000000
Fighter correlations:
RCX -> Slot 0 / Gen 1
RDX -> —
[00:24:08] HARDWARE WRITE TRAP
Sequence: 82
TraceSessionId: 639214175255927292
WatchId: 639214175255927293
ThreadId: 11196
TrapRip: 0x00007FF68FAFCCC5
NormalizedTrapRip / code context: NativeProbe | DBXV2.exe+0xBCCC5 | code[-32,+16]=5DC60F28D0F30F108B040100000F28C2F30F588308010000F30F1193000100000F2FC1760CF30F5CCAF30F118B080100
WatchedAddress: 0x0000019869C77BB0
AccessWidth: 4
AccessType: Write
XMM0.scalar: 333.03891 (0x43A684FB)
XMM6.scalar: 333.03891 (0x43A684FB)
DR6: 0x00000000FFFF0FF1
DR7: 0x00000000000D0401
RAX: 0x0000000000000000
RBX: 0x0000019869C77AB0
RCX: 0x0000019869C77AB0
RDX: 0x0000000000000000
RSI: 0x0000000000000000
RDI: 0x0000019869C77AB0
RBP: 0x0000006D399DFA10
R8: 0x0000000000000000
R9: 0x000000000000000E
R10: 0x00007FF690A2AA98
R11: 0x0000006D399DF8F0
R12: 0x0000000000000000
R13: 0x0000000000500000
R14: 0x0000000000000000
R15: 0x0000000000000000
Fighter correlations:
RCX -> Slot 0 / Gen 1
RDX -> —
[00:24:08] HARDWARE WRITE TRAP
Sequence: 83
TraceSessionId: 639214175255927292
WatchId: 639214175255927293
ThreadId: 17612
TrapRip: 0x00007FF68FAFCC99
NormalizedTrapRip / code context: NativeProbe | DBXV2.exe+0xBCC99 | code[-32,+16]=0085C075580F57D20F2FF27250F30F58B3000100000F2FF2F30F11B300010000720FF30F108304010000F30F5DC60F28
WatchedAddress: 0x0000019869C77BB0
AccessWidth: 4
AccessType: Write
XMM0.scalar: 0 (0x00000000)
XMM6.scalar: 333.03891 (0x43A684FB)
DR6: 0x00000000FFFF0FF1
DR7: 0x00000000000D0401
RAX: 0x0000000000000000
RBX: 0x0000019869C77AB0
RCX: 0x0000019869C77AB0
RDX: 0x0000000000000000
RSI: 0x0000000000000000
RDI: 0x0000019869C77AB0
RBP: 0x0000006D39EDFAA0
R8: 0x0000000000000000
R9: 0x000000000000000E
R10: 0x00007FF690A2AA98
R11: 0x0000006D39EDF980
R12: 0x0000000000000000
R13: 0x0000000000500000
R14: 0x0000000000000000
R15: 0x0000000000000000
Fighter correlations:
RCX -> Slot 0 / Gen 1
RDX -> —
[00:24:08] HARDWARE WRITE TRAP
Sequence: 84
TraceSessionId: 639214175255927292
WatchId: 639214175255927293
ThreadId: 17612
TrapRip: 0x00007FF68FAFCCC5
NormalizedTrapRip / code context: NativeProbe | DBXV2.exe+0xBCCC5 | code[-32,+16]=5DC60F28D0F30F108B040100000F28C2F30F588308010000F30F1193000100000F2FC1760CF30F5CCAF30F118B080100
WatchedAddress: 0x0000019869C77BB0
AccessWidth: 4
AccessType: Write
XMM0.scalar: 333.03891 (0x43A684FB)
XMM6.scalar: 333.03891 (0x43A684FB)
DR6: 0x00000000FFFF0FF1
DR7: 0x00000000000D0401
RAX: 0x0000000000000000
RBX: 0x0000019869C77AB0
RCX: 0x0000019869C77AB0
RDX: 0x0000000000000000
RSI: 0x0000000000000000
RDI: 0x0000019869C77AB0
RBP: 0x0000006D39EDFAA0
R8: 0x0000000000000000
R9: 0x000000000000000E
R10: 0x00007FF690A2AA98
R11: 0x0000006D39EDF980
R12: 0x0000000000000000
R13: 0x0000000000500000
R14: 0x0000000000000000
R15: 0x0000000000000000
Fighter correlations:
RCX -> Slot 0 / Gen 1
RDX -> —
[00:24:08] HARDWARE WRITE TRAP
Sequence: 85
TraceSessionId: 639214175255927292
WatchId: 639214175255927293
ThreadId: 16992
TrapRip: 0x00007FF68FAFCC99
NormalizedTrapRip / code context: NativeProbe | DBXV2.exe+0xBCC99 | code[-32,+16]=0085C075580F57D20F2FF27250F30F58B3000100000F2FF2F30F11B300010000720FF30F108304010000F30F5DC60F28
WatchedAddress: 0x0000019869C77BB0
AccessWidth: 4
AccessType: Write
XMM0.scalar: 0 (0x00000000)
XMM6.scalar: 333.03891 (0x43A684FB)
DR6: 0x00000000FFFF0FF1
DR7: 0x00000000000D0401
RAX: 0x0000000000000000
RBX: 0x0000019869C77AB0
RCX: 0x0000019869C77AB0
RDX: 0x0000000000000000
RSI: 0x0000000000000000
RDI: 0x0000019869C77AB0
RBP: 0x0000006D398DFA20
R8: 0x0000000000000000
R9: 0x000000000000000E
R10: 0x00007FF690A2AA98
R11: 0x0000006D398DF900
R12: 0x0000000000000000
R13: 0x0000000000500000
R14: 0x0000000000000000
R15: 0x0000000000000000
Fighter correlations:
RCX -> Slot 0 / Gen 1
RDX -> —
[00:24:08] HARDWARE WRITE TRAP
Sequence: 86
TraceSessionId: 639214175255927292
WatchId: 639214175255927293
ThreadId: 16992
TrapRip: 0x00007FF68FAFCCC5
NormalizedTrapRip / code context: NativeProbe | DBXV2.exe+0xBCCC5 | code[-32,+16]=5DC60F28D0F30F108B040100000F28C2F30F588308010000F30F1193000100000F2FC1760CF30F5CCAF30F118B080100
WatchedAddress: 0x0000019869C77BB0
AccessWidth: 4
AccessType: Write
XMM0.scalar: 333.03891 (0x43A684FB)
XMM6.scalar: 333.03891 (0x43A684FB)
DR6: 0x00000000FFFF0FF1
DR7: 0x00000000000D0401
RAX: 0x0000000000000000
RBX: 0x0000019869C77AB0
RCX: 0x0000019869C77AB0
RDX: 0x0000000000000000
RSI: 0x0000000000000000
RDI: 0x0000019869C77AB0
RBP: 0x0000006D398DFA20
R8: 0x0000000000000000
R9: 0x000000000000000E
R10: 0x00007FF690A2AA98
R11: 0x0000006D398DF900
R12: 0x0000000000000000
R13: 0x0000000000500000
R14: 0x0000000000000000
R15: 0x0000000000000000
Fighter correlations:
RCX -> Slot 0 / Gen 1
RDX -> —
[00:24:08] HARDWARE WRITE TRAP
Sequence: 87
TraceSessionId: 639214175255927292
WatchId: 639214175255927293
ThreadId: 17612
TrapRip: 0x00007FF68FAFCC99
NormalizedTrapRip / code context: NativeProbe | DBXV2.exe+0xBCC99 | code[-32,+16]=0085C075580F57D20F2FF27250F30F58B3000100000F2FF2F30F11B300010000720FF30F108304010000F30F5DC60F28
WatchedAddress: 0x0000019869C77BB0
AccessWidth: 4
AccessType: Write
XMM0.scalar: 0 (0x00000000)
XMM6.scalar: 333.03891 (0x43A684FB)
DR6: 0x00000000FFFF0FF1
DR7: 0x00000000000D0401
RAX: 0x0000000000000000
RBX: 0x0000019869C77AB0
RCX: 0x0000019869C77AB0
RDX: 0x0000000000000000
RSI: 0x0000000000000000
RDI: 0x0000019869C77AB0
RBP: 0x0000006D39EDFAA0
R8: 0x0000000000000000
R9: 0x000000000000000E
R10: 0x00007FF690A2AA98
R11: 0x0000006D39EDF980
R12: 0x0000000000000000
R13: 0x0000000000500000
R14: 0x0000000000000000
R15: 0x0000000000000000
Fighter correlations:
RCX -> Slot 0 / Gen 1
RDX -> —
[00:24:08] HARDWARE WRITE TRAP
Sequence: 88
TraceSessionId: 639214175255927292
WatchId: 639214175255927293
ThreadId: 17612
TrapRip: 0x00007FF68FAFCCC5
NormalizedTrapRip / code context: NativeProbe | DBXV2.exe+0xBCCC5 | code[-32,+16]=5DC60F28D0F30F108B040100000F28C2F30F588308010000F30F1193000100000F2FC1760CF30F5CCAF30F118B080100
WatchedAddress: 0x0000019869C77BB0
AccessWidth: 4
AccessType: Write
XMM0.scalar: 333.03891 (0x43A684FB)
XMM6.scalar: 333.03891 (0x43A684FB)
DR6: 0x00000000FFFF0FF1
DR7: 0x00000000000D0401
RAX: 0x0000000000000000
RBX: 0x0000019869C77AB0
RCX: 0x0000019869C77AB0
RDX: 0x0000000000000000
RSI: 0x0000000000000000
RDI: 0x0000019869C77AB0
RBP: 0x0000006D39EDFAA0
R8: 0x0000000000000000
R9: 0x000000000000000E
R10: 0x00007FF690A2AA98
R11: 0x0000006D39EDF980
R12: 0x0000000000000000
R13: 0x0000000000500000
R14: 0x0000000000000000
R15: 0x0000000000000000
Fighter correlations:
RCX -> Slot 0 / Gen 1
RDX -> —
[00:24:08] HARDWARE WRITE TRAP
Sequence: 89
TraceSessionId: 639214175255927292
WatchId: 639214175255927293
ThreadId: 196
TrapRip: 0x00007FF68FAFCC99
NormalizedTrapRip / code context: NativeProbe | DBXV2.exe+0xBCC99 | code[-32,+16]=0085C075580F57D20F2FF27250F30F58B3000100000F2FF2F30F11B300010000720FF30F108304010000F30F5DC60F28
WatchedAddress: 0x0000019869C77BB0
AccessWidth: 4
AccessType: Write
XMM0.scalar: 0 (0x00000000)
XMM6.scalar: 333.03891 (0x43A684FB)
DR6: 0x00000000FFFF0FF1
DR7: 0x00000000000D0401
RAX: 0x0000000000000000
RBX: 0x0000019869C77AB0
RCX: 0x0000019869C77AB0
RDX: 0x0000000000000000
RSI: 0x0000000000000000
RDI: 0x0000019869C77AB0
RBP: 0x0000006D39BDFC80
R8: 0x0000000000000000
R9: 0x000000000000000E
R10: 0x00007FF690A2AA98
R11: 0x0000006D39BDFB60
R12: 0x0000000000000000
R13: 0x0000000000500000
R14: 0x0000000000000000
R15: 0x0000000000000000
Fighter correlations:
RCX -> Slot 0 / Gen 1
RDX -> —
[00:24:08] HARDWARE WRITE TRAP
Sequence: 90
TraceSessionId: 639214175255927292
WatchId: 639214175255927293
ThreadId: 196
TrapRip: 0x00007FF68FAFCCC5
NormalizedTrapRip / code context: NativeProbe | DBXV2.exe+0xBCCC5 | code[-32,+16]=5DC60F28D0F30F108B040100000F28C2F30F588308010000F30F1193000100000F2FC1760CF30F5CCAF30F118B080100
WatchedAddress: 0x0000019869C77BB0
AccessWidth: 4
AccessType: Write
XMM0.scalar: 333.03891 (0x43A684FB)
XMM6.scalar: 333.03891 (0x43A684FB)
DR6: 0x00000000FFFF0FF1
DR7: 0x00000000000D0401
RAX: 0x0000000000000000
RBX: 0x0000019869C77AB0
RCX: 0x0000019869C77AB0
RDX: 0x0000000000000000
RSI: 0x0000000000000000
RDI: 0x0000019869C77AB0
RBP: 0x0000006D39BDFC80
R8: 0x0000000000000000
R9: 0x000000000000000E
R10: 0x00007FF690A2AA98
R11: 0x0000006D39BDFB60
R12: 0x0000000000000000
R13: 0x0000000000500000
R14: 0x0000000000000000
R15: 0x0000000000000000
Fighter correlations:
RCX -> Slot 0 / Gen 1
RDX -> —
[00:24:08] HARDWARE WRITE TRAP
Sequence: 91
TraceSessionId: 639214175255927292
WatchId: 639214175255927293
ThreadId: 11196
TrapRip: 0x00007FF68FAFCC99
NormalizedTrapRip / code context: NativeProbe | DBXV2.exe+0xBCC99 | code[-32,+16]=0085C075580F57D20F2FF27250F30F58B3000100000F2FF2F30F11B300010000720FF30F108304010000F30F5DC60F28
WatchedAddress: 0x0000019869C77BB0
AccessWidth: 4
AccessType: Write
XMM0.scalar: 0 (0x00000000)
XMM6.scalar: 333.03891 (0x43A684FB)
DR6: 0x00000000FFFF0FF1
DR7: 0x00000000000D0401
RAX: 0x0000000000000000
RBX: 0x0000019869C77AB0
RCX: 0x0000019869C77AB0
RDX: 0x0000000000000000
RSI: 0x0000000000000000
RDI: 0x0000019869C77AB0
RBP: 0x0000006D399DFA10
R8: 0x0000000000000000
R9: 0x000000000000000E
R10: 0x00007FF690A2AA98
R11: 0x0000006D399DF8F0
R12: 0x0000000000000000
R13: 0x0000000000500000
R14: 0x0000000000000000
R15: 0x0000000000000000
Fighter correlations:
RCX -> Slot 0 / Gen 1
RDX -> —
[00:24:08] HARDWARE WRITE TRAP
Sequence: 92
TraceSessionId: 639214175255927292
WatchId: 639214175255927293
ThreadId: 11196
TrapRip: 0x00007FF68FAFCCC5
NormalizedTrapRip / code context: NativeProbe | DBXV2.exe+0xBCCC5 | code[-32,+16]=5DC60F28D0F30F108B040100000F28C2F30F588308010000F30F1193000100000F2FC1760CF30F5CCAF30F118B080100
WatchedAddress: 0x0000019869C77BB0
AccessWidth: 4
AccessType: Write
XMM0.scalar: 333.03891 (0x43A684FB)
XMM6.scalar: 333.03891 (0x43A684FB)
DR6: 0x00000000FFFF0FF1
DR7: 0x00000000000D0401
RAX: 0x0000000000000000
RBX: 0x0000019869C77AB0
RCX: 0x0000019869C77AB0
RDX: 0x0000000000000000
RSI: 0x0000000000000000
RDI: 0x0000019869C77AB0
RBP: 0x0000006D399DFA10
R8: 0x0000000000000000
R9: 0x000000000000000E
R10: 0x00007FF690A2AA98
R11: 0x0000006D399DF8F0
R12: 0x0000000000000000
R13: 0x0000000000500000
R14: 0x0000000000000000
R15: 0x0000000000000000
Fighter correlations:
RCX -> Slot 0 / Gen 1
RDX -> —
[00:24:08] HARDWARE WRITE TRAP
Sequence: 93
TraceSessionId: 639214175255927292
WatchId: 639214175255927293
ThreadId: 23268
TrapRip: 0x00007FF68FAFCC99
NormalizedTrapRip / code context: NativeProbe | DBXV2.exe+0xBCC99 | code[-32,+16]=0085C075580F57D20F2FF27250F30F58B3000100000F2FF2F30F11B300010000720FF30F108304010000F30F5DC60F28
WatchedAddress: 0x0000019869C77BB0
AccessWidth: 4
AccessType: Write
XMM0.scalar: 0 (0x00000000)
XMM6.scalar: 333.03891 (0x43A684FB)
DR6: 0x00000000FFFF0FF1
DR7: 0x00000000000D0401
RAX: 0x0000000000000000
RBX: 0x0000019869C77AB0
RCX: 0x0000019869C77AB0
RDX: 0x0000000000000000
RSI: 0x0000000000000000
RDI: 0x0000019869C77AB0
RBP: 0x0000006D39DDFB50
R8: 0x0000000000000000
R9: 0x000000000000000E
R10: 0x00007FF690A2AA98
R11: 0x0000006D39DDFA30
R12: 0x0000000000000000
R13: 0x0000000000500000
R14: 0x0000000000000000
R15: 0x0000000000000000
Fighter correlations:
RCX -> Slot 0 / Gen 1
RDX -> —
[00:24:08] HARDWARE WRITE TRAP
Sequence: 94
TraceSessionId: 639214175255927292
WatchId: 639214175255927293
ThreadId: 23268
TrapRip: 0x00007FF68FAFCCC5
NormalizedTrapRip / code context: NativeProbe | DBXV2.exe+0xBCCC5 | code[-32,+16]=5DC60F28D0F30F108B040100000F28C2F30F588308010000F30F1193000100000F2FC1760CF30F5CCAF30F118B080100
WatchedAddress: 0x0000019869C77BB0
AccessWidth: 4
AccessType: Write
XMM0.scalar: 333.03891 (0x43A684FB)
XMM6.scalar: 333.03891 (0x43A684FB)
DR6: 0x00000000FFFF0FF1
DR7: 0x00000000000D0401
RAX: 0x0000000000000000
RBX: 0x0000019869C77AB0
RCX: 0x0000019869C77AB0
RDX: 0x0000000000000000
RSI: 0x0000000000000000
RDI: 0x0000019869C77AB0
RBP: 0x0000006D39DDFB50
R8: 0x0000000000000000
R9: 0x000000000000000E
R10: 0x00007FF690A2AA98
R11: 0x0000006D39DDFA30
R12: 0x0000000000000000
R13: 0x0000000000500000
R14: 0x0000000000000000
R15: 0x0000000000000000
Fighter correlations:
RCX -> Slot 0 / Gen 1
RDX -> —
[00:24:08] HARDWARE WRITE TRAP
Sequence: 95
TraceSessionId: 639214175255927292
WatchId: 639214175255927293
ThreadId: 17612
TrapRip: 0x00007FF68FAFCC99
NormalizedTrapRip / code context: NativeProbe | DBXV2.exe+0xBCC99 | code[-32,+16]=0085C075580F57D20F2FF27250F30F58B3000100000F2FF2F30F11B300010000720FF30F108304010000F30F5DC60F28
WatchedAddress: 0x0000019869C77BB0
AccessWidth: 4
AccessType: Write
XMM0.scalar: 0 (0x00000000)
XMM6.scalar: 333.03891 (0x43A684FB)
DR6: 0x00000000FFFF0FF1
DR7: 0x00000000000D0401
RAX: 0x0000000000000000
RBX: 0x0000019869C77AB0
RCX: 0x0000019869C77AB0
RDX: 0x0000000000000000
RSI: 0x0000000000000000
RDI: 0x0000019869C77AB0
RBP: 0x0000006D39EDFAA0
R8: 0x0000000000000000
R9: 0x000000000000000E
R10: 0x00007FF690A2AA98
R11: 0x0000006D39EDF980
R12: 0x0000000000000000
R13: 0x0000000000500000
R14: 0x0000000000000000
R15: 0x0000000000000000
Fighter correlations:
RCX -> Slot 0 / Gen 1
RDX -> —
[00:24:08] HARDWARE WRITE TRAP
Sequence: 96
TraceSessionId: 639214175255927292
WatchId: 639214175255927293
ThreadId: 17612
TrapRip: 0x00007FF68FAFCCC5
NormalizedTrapRip / code context: NativeProbe | DBXV2.exe+0xBCCC5 | code[-32,+16]=5DC60F28D0F30F108B040100000F28C2F30F588308010000F30F1193000100000F2FC1760CF30F5CCAF30F118B080100
WatchedAddress: 0x0000019869C77BB0
AccessWidth: 4
AccessType: Write
XMM0.scalar: 333.03891 (0x43A684FB)
XMM6.scalar: 333.03891 (0x43A684FB)
DR6: 0x00000000FFFF0FF1
DR7: 0x00000000000D0401
RAX: 0x0000000000000000
RBX: 0x0000019869C77AB0
RCX: 0x0000019869C77AB0
RDX: 0x0000000000000000
RSI: 0x0000000000000000
RDI: 0x0000019869C77AB0
RBP: 0x0000006D39EDFAA0
R8: 0x0000000000000000
R9: 0x000000000000000E
R10: 0x00007FF690A2AA98
R11: 0x0000006D39EDF980
R12: 0x0000000000000000
R13: 0x0000000000500000
R14: 0x0000000000000000
R15: 0x0000000000000000
Fighter correlations:
RCX -> Slot 0 / Gen 1
RDX -> —
[00:24:08] HARDWARE WRITE TRAP
Sequence: 97
TraceSessionId: 639214175255927292
WatchId: 639214175255927293
ThreadId: 17612
TrapRip: 0x00007FF68FAFCC99
NormalizedTrapRip / code context: NativeProbe | DBXV2.exe+0xBCC99 | code[-32,+16]=0085C075580F57D20F2FF27250F30F58B3000100000F2FF2F30F11B300010000720FF30F108304010000F30F5DC60F28
WatchedAddress: 0x0000019869C77BB0
AccessWidth: 4
AccessType: Write
XMM0.scalar: 0 (0x00000000)
XMM6.scalar: 333.03891 (0x43A684FB)
DR6: 0x00000000FFFF0FF1
DR7: 0x00000000000D0401
RAX: 0x0000000000000000
RBX: 0x0000019869C77AB0
RCX: 0x0000019869C77AB0
RDX: 0x0000000000000000
RSI: 0x0000000000000000
RDI: 0x0000019869C77AB0
RBP: 0x0000006D39EDFAA0
R8: 0x0000000000000000
R9: 0x000000000000000E
R10: 0x00007FF690A2AA98
R11: 0x0000006D39EDF980
R12: 0x0000000000000000
R13: 0x0000000000500000
R14: 0x0000000000000000
R15: 0x0000000000000000
Fighter correlations:
RCX -> Slot 0 / Gen 1
RDX -> —
[00:24:08] HARDWARE WRITE TRAP
Sequence: 98
TraceSessionId: 639214175255927292
WatchId: 639214175255927293
ThreadId: 17612
TrapRip: 0x00007FF68FAFCCC5
NormalizedTrapRip / code context: NativeProbe | DBXV2.exe+0xBCCC5 | code[-32,+16]=5DC60F28D0F30F108B040100000F28C2F30F588308010000F30F1193000100000F2FC1760CF30F5CCAF30F118B080100
WatchedAddress: 0x0000019869C77BB0
AccessWidth: 4
AccessType: Write
XMM0.scalar: 333.03891 (0x43A684FB)
XMM6.scalar: 333.03891 (0x43A684FB)
DR6: 0x00000000FFFF0FF1
DR7: 0x00000000000D0401
RAX: 0x0000000000000000
RBX: 0x0000019869C77AB0
RCX: 0x0000019869C77AB0
RDX: 0x0000000000000000
RSI: 0x0000000000000000
RDI: 0x0000019869C77AB0
RBP: 0x0000006D39EDFAA0
R8: 0x0000000000000000
R9: 0x000000000000000E
R10: 0x00007FF690A2AA98
R11: 0x0000006D39EDF980
R12: 0x0000000000000000
R13: 0x0000000000500000
R14: 0x0000000000000000
R15: 0x0000000000000000
Fighter correlations:
RCX -> Slot 0 / Gen 1
RDX -> —
[00:24:08] HARDWARE WRITE TRAP
Sequence: 99
TraceSessionId: 639214175255927292
WatchId: 639214175255927293
ThreadId: 17612
TrapRip: 0x00007FF68FAFCC99
NormalizedTrapRip / code context: NativeProbe | DBXV2.exe+0xBCC99 | code[-32,+16]=0085C075580F57D20F2FF27250F30F58B3000100000F2FF2F30F11B300010000720FF30F108304010000F30F5DC60F28
WatchedAddress: 0x0000019869C77BB0
AccessWidth: 4
AccessType: Write
XMM0.scalar: 0 (0x00000000)
XMM6.scalar: 333.03891 (0x43A684FB)
DR6: 0x00000000FFFF0FF1
DR7: 0x00000000000D0401
RAX: 0x0000000000000000
RBX: 0x0000019869C77AB0
RCX: 0x0000019869C77AB0
RDX: 0x0000000000000000
RSI: 0x0000000000000000
RDI: 0x0000019869C77AB0
RBP: 0x0000006D39EDFAA0
R8: 0x0000000000000000
R9: 0x000000000000000E
R10: 0x00007FF690A2AA98
R11: 0x0000006D39EDF980
R12: 0x0000000000000000
R13: 0x0000000000500000
R14: 0x0000000000000000
R15: 0x0000000000000000
Fighter correlations:
RCX -> Slot 0 / Gen 1
RDX -> —
[00:24:08] HARDWARE WRITE TRAP
Sequence: 100
TraceSessionId: 639214175255927292
WatchId: 639214175255927293
ThreadId: 17612
TrapRip: 0x00007FF68FAFCCC5
NormalizedTrapRip / code context: NativeProbe | DBXV2.exe+0xBCCC5 | code[-32,+16]=5DC60F28D0F30F108B040100000F28C2F30F588308010000F30F1193000100000F2FC1760CF30F5CCAF30F118B080100
WatchedAddress: 0x0000019869C77BB0
AccessWidth: 4
AccessType: Write
XMM0.scalar: 333.03891 (0x43A684FB)
XMM6.scalar: 333.03891 (0x43A684FB)
DR6: 0x00000000FFFF0FF1
DR7: 0x00000000000D0401
RAX: 0x0000000000000000
RBX: 0x0000019869C77AB0
RCX: 0x0000019869C77AB0
RDX: 0x0000000000000000
RSI: 0x0000000000000000
RDI: 0x0000019869C77AB0
RBP: 0x0000006D39EDFAA0
R8: 0x0000000000000000
R9: 0x000000000000000E
R10: 0x00007FF690A2AA98
R11: 0x0000006D39EDF980
R12: 0x0000000000000000
R13: 0x0000000000500000
R14: 0x0000000000000000
R15: 0x0000000000000000
Fighter correlations:
RCX -> Slot 0 / Gen 1
RDX -> —
[00:24:08] HARDWARE WRITE TRAP
Sequence: 101
TraceSessionId: 639214175255927292
WatchId: 639214175255927293
ThreadId: 17612
TrapRip: 0x00007FF68FAFCC99
NormalizedTrapRip / code context: NativeProbe | DBXV2.exe+0xBCC99 | code[-32,+16]=0085C075580F57D20F2FF27250F30F58B3000100000F2FF2F30F11B300010000720FF30F108304010000F30F5DC60F28
WatchedAddress: 0x0000019869C77BB0
AccessWidth: 4
AccessType: Write
XMM0.scalar: 0 (0x00000000)
XMM6.scalar: 333.03891 (0x43A684FB)
DR6: 0x00000000FFFF0FF1
DR7: 0x00000000000D0401
RAX: 0x0000000000000000
RBX: 0x0000019869C77AB0
RCX: 0x0000019869C77AB0
RDX: 0x0000000000000000
RSI: 0x0000000000000000
RDI: 0x0000019869C77AB0
RBP: 0x0000006D39EDFAA0
R8: 0x0000000000000000
R9: 0x000000000000000E
R10: 0x00007FF690A2AA98
R11: 0x0000006D39EDF980
R12: 0x0000000000000000
R13: 0x0000000000500000
R14: 0x0000000000000000
R15: 0x0000000000000000
Fighter correlations:
RCX -> Slot 0 / Gen 1
RDX -> —
[00:24:08] HARDWARE WRITE TRAP
Sequence: 102
TraceSessionId: 639214175255927292
WatchId: 639214175255927293
ThreadId: 17612
TrapRip: 0x00007FF68FAFCCC5
NormalizedTrapRip / code context: NativeProbe | DBXV2.exe+0xBCCC5 | code[-32,+16]=5DC60F28D0F30F108B040100000F28C2F30F588308010000F30F1193000100000F2FC1760CF30F5CCAF30F118B080100
WatchedAddress: 0x0000019869C77BB0
AccessWidth: 4
AccessType: Write
XMM0.scalar: 333.03891 (0x43A684FB)
XMM6.scalar: 333.03891 (0x43A684FB)
DR6: 0x00000000FFFF0FF1
DR7: 0x00000000000D0401
RAX: 0x0000000000000000
RBX: 0x0000019869C77AB0
RCX: 0x0000019869C77AB0
RDX: 0x0000000000000000
RSI: 0x0000000000000000
RDI: 0x0000019869C77AB0
RBP: 0x0000006D39EDFAA0
R8: 0x0000000000000000
R9: 0x000000000000000E
R10: 0x00007FF690A2AA98
R11: 0x0000006D39EDF980
R12: 0x0000000000000000
R13: 0x0000000000500000
R14: 0x0000000000000000
R15: 0x0000000000000000
Fighter correlations:
RCX -> Slot 0 / Gen 1
RDX -> —
[00:24:08] HARDWARE WRITE TRAP
Sequence: 103
TraceSessionId: 639214175255927292
WatchId: 639214175255927293
ThreadId: 11196
TrapRip: 0x00007FF68FAFCC99
NormalizedTrapRip / code context: NativeProbe | DBXV2.exe+0xBCC99 | code[-32,+16]=0085C075580F57D20F2FF27250F30F58B3000100000F2FF2F30F11B300010000720FF30F108304010000F30F5DC60F28
WatchedAddress: 0x0000019869C77BB0
AccessWidth: 4
AccessType: Write
XMM0.scalar: 0 (0x00000000)
XMM6.scalar: 333.03891 (0x43A684FB)
DR6: 0x00000000FFFF0FF1
DR7: 0x00000000000D0401
RAX: 0x0000000000000000
RBX: 0x0000019869C77AB0
RCX: 0x0000019869C77AB0
RDX: 0x0000000000000000
RSI: 0x0000000000000000
RDI: 0x0000019869C77AB0
RBP: 0x0000006D399DFA10
R8: 0x0000000000000000
R9: 0x000000000000000E
R10: 0x00007FF690A2AA98
R11: 0x0000006D399DF8F0
R12: 0x0000000000000000
R13: 0x0000000000500000
R14: 0x0000000000000000
R15: 0x0000000000000000
Fighter correlations:
RCX -> Slot 0 / Gen 1
RDX -> —
[00:24:08] HARDWARE WRITE TRAP
Sequence: 104
TraceSessionId: 639214175255927292
WatchId: 639214175255927293
ThreadId: 11196
TrapRip: 0x00007FF68FAFCCC5
NormalizedTrapRip / code context: NativeProbe | DBXV2.exe+0xBCCC5 | code[-32,+16]=5DC60F28D0F30F108B040100000F28C2F30F588308010000F30F1193000100000F2FC1760CF30F5CCAF30F118B080100
WatchedAddress: 0x0000019869C77BB0
AccessWidth: 4
AccessType: Write
XMM0.scalar: 333.03891 (0x43A684FB)
XMM6.scalar: 333.03891 (0x43A684FB)
DR6: 0x00000000FFFF0FF1
DR7: 0x00000000000D0401
RAX: 0x0000000000000000
RBX: 0x0000019869C77AB0
RCX: 0x0000019869C77AB0
RDX: 0x0000000000000000
RSI: 0x0000000000000000
RDI: 0x0000019869C77AB0
RBP: 0x0000006D399DFA10
R8: 0x0000000000000000
R9: 0x000000000000000E
R10: 0x00007FF690A2AA98
R11: 0x0000006D399DF8F0
R12: 0x0000000000000000
R13: 0x0000000000500000
R14: 0x0000000000000000
R15: 0x0000000000000000
Fighter correlations:
RCX -> Slot 0 / Gen 1
RDX -> —
[00:24:08] HARDWARE WRITE TRAP
Sequence: 105
TraceSessionId: 639214175255927292
WatchId: 639214175255927293
ThreadId: 24252
TrapRip: 0x00007FF68FAFCC99
NormalizedTrapRip / code context: NativeProbe | DBXV2.exe+0xBCC99 | code[-32,+16]=0085C075580F57D20F2FF27250F30F58B3000100000F2FF2F30F11B300010000720FF30F108304010000F30F5DC60F28
WatchedAddress: 0x0000019869C77BB0
AccessWidth: 4
AccessType: Write
XMM0.scalar: 0 (0x00000000)
XMM6.scalar: 333.03891 (0x43A684FB)
DR6: 0x00000000FFFF0FF1
DR7: 0x00000000000D0401
RAX: 0x0000000000000000
RBX: 0x0000019869C77AB0
RCX: 0x0000019869C77AB0
RDX: 0x0000000000000000
RSI: 0x0000000000000000
RDI: 0x0000019869C77AB0
RBP: 0x0000006D39FDF6D0
R8: 0x0000000000000000
R9: 0x000000000000000E
R10: 0x00007FF690A2AA98
R11: 0x0000006D39FDF5B0
R12: 0x0000000000000000
R13: 0x0000000000500000
R14: 0x0000000000000000
R15: 0x0000000000000000
Fighter correlations:
RCX -> Slot 0 / Gen 1
RDX -> —
[00:24:08] HARDWARE WRITE TRAP
Sequence: 106
TraceSessionId: 639214175255927292
WatchId: 639214175255927293
ThreadId: 24252
TrapRip: 0x00007FF68FAFCCC5
NormalizedTrapRip / code context: NativeProbe | DBXV2.exe+0xBCCC5 | code[-32,+16]=5DC60F28D0F30F108B040100000F28C2F30F588308010000F30F1193000100000F2FC1760CF30F5CCAF30F118B080100
WatchedAddress: 0x0000019869C77BB0
AccessWidth: 4
AccessType: Write
XMM0.scalar: 333.03891 (0x43A684FB)
XMM6.scalar: 333.03891 (0x43A684FB)
DR6: 0x00000000FFFF0FF1
DR7: 0x00000000000D0401
RAX: 0x0000000000000000
RBX: 0x0000019869C77AB0
RCX: 0x0000019869C77AB0
RDX: 0x0000000000000000
RSI: 0x0000000000000000
RDI: 0x0000019869C77AB0
RBP: 0x0000006D39FDF6D0
R8: 0x0000000000000000
R9: 0x000000000000000E
R10: 0x00007FF690A2AA98
R11: 0x0000006D39FDF5B0
R12: 0x0000000000000000
R13: 0x0000000000500000
R14: 0x0000000000000000
R15: 0x0000000000000000
Fighter correlations:
RCX -> Slot 0 / Gen 1
RDX -> —
[00:24:08] HARDWARE WRITE TRAP
Sequence: 107
TraceSessionId: 639214175255927292
WatchId: 639214175255927293
ThreadId: 18620
TrapRip: 0x00007FF68FAFCC99
NormalizedTrapRip / code context: NativeProbe | DBXV2.exe+0xBCC99 | code[-32,+16]=0085C075580F57D20F2FF27250F30F58B3000100000F2FF2F30F11B300010000720FF30F108304010000F30F5DC60F28
WatchedAddress: 0x0000019869C77BB0
AccessWidth: 4
AccessType: Write
XMM0.scalar: 0 (0x00000000)
XMM6.scalar: 333.03891 (0x43A684FB)
DR6: 0x00000000FFFF0FF1
DR7: 0x00000000000D0401
RAX: 0x0000000000000000
RBX: 0x0000019869C77AB0
RCX: 0x0000019869C77AB0
RDX: 0x0000000000000000
RSI: 0x0000000000000000
RDI: 0x0000019869C77AB0
RBP: 0x0000006D39CDF600
R8: 0x0000000000000000
R9: 0x000000000000000E
R10: 0x00007FF690A2AA98
R11: 0x0000006D39CDF4E0
R12: 0x0000000000000000
R13: 0x0000000000500000
R14: 0x0000000000000000
R15: 0x0000000000000000
Fighter correlations:
RCX -> Slot 0 / Gen 1
RDX -> —
[00:24:08] HARDWARE WRITE TRAP
Sequence: 108
TraceSessionId: 639214175255927292
WatchId: 639214175255927293
ThreadId: 18620
TrapRip: 0x00007FF68FAFCCC5
NormalizedTrapRip / code context: NativeProbe | DBXV2.exe+0xBCCC5 | code[-32,+16]=5DC60F28D0F30F108B040100000F28C2F30F588308010000F30F1193000100000F2FC1760CF30F5CCAF30F118B080100
WatchedAddress: 0x0000019869C77BB0
AccessWidth: 4
AccessType: Write
XMM0.scalar: 333.03891 (0x43A684FB)
XMM6.scalar: 333.03891 (0x43A684FB)
DR6: 0x00000000FFFF0FF1
DR7: 0x00000000000D0401
RAX: 0x0000000000000000
RBX: 0x0000019869C77AB0
RCX: 0x0000019869C77AB0
RDX: 0x0000000000000000
RSI: 0x0000000000000000
RDI: 0x0000019869C77AB0
RBP: 0x0000006D39CDF600
R8: 0x0000000000000000
R9: 0x000000000000000E
R10: 0x00007FF690A2AA98
R11: 0x0000006D39CDF4E0
R12: 0x0000000000000000
R13: 0x0000000000500000
R14: 0x0000000000000000
R15: 0x0000000000000000
Fighter correlations:
RCX -> Slot 0 / Gen 1
RDX -> —
[00:24:08] HARDWARE WRITE TRAP
Sequence: 109
TraceSessionId: 639214175255927292
WatchId: 639214175255927293
ThreadId: 11196
TrapRip: 0x00007FF68FAFCC99
NormalizedTrapRip / code context: NativeProbe | DBXV2.exe+0xBCC99 | code[-32,+16]=0085C075580F57D20F2FF27250F30F58B3000100000F2FF2F30F11B300010000720FF30F108304010000F30F5DC60F28
WatchedAddress: 0x0000019869C77BB0
AccessWidth: 4
AccessType: Write
XMM0.scalar: 0 (0x00000000)
XMM6.scalar: 333.03891 (0x43A684FB)
DR6: 0x00000000FFFF0FF1
DR7: 0x00000000000D0401
RAX: 0x0000000000000000
RBX: 0x0000019869C77AB0
RCX: 0x0000019869C77AB0
RDX: 0x0000000000000000
RSI: 0x0000000000000000
RDI: 0x0000019869C77AB0
RBP: 0x0000006D399DFA10
R8: 0x0000000000000000
R9: 0x000000000000000E
R10: 0x00007FF690A2AA98
R11: 0x0000006D399DF8F0
R12: 0x0000000000000000
R13: 0x0000000000500000
R14: 0x0000000000000000
R15: 0x0000000000000000
Fighter correlations:
RCX -> Slot 0 / Gen 1
RDX -> —
[00:24:08] HARDWARE WRITE TRAP
Sequence: 110
TraceSessionId: 639214175255927292
WatchId: 639214175255927293
ThreadId: 11196
TrapRip: 0x00007FF68FAFCCC5
NormalizedTrapRip / code context: NativeProbe | DBXV2.exe+0xBCCC5 | code[-32,+16]=5DC60F28D0F30F108B040100000F28C2F30F588308010000F30F1193000100000F2FC1760CF30F5CCAF30F118B080100
WatchedAddress: 0x0000019869C77BB0
AccessWidth: 4
AccessType: Write
XMM0.scalar: 333.03891 (0x43A684FB)
XMM6.scalar: 333.03891 (0x43A684FB)
DR6: 0x00000000FFFF0FF1
DR7: 0x00000000000D0401
RAX: 0x0000000000000000
RBX: 0x0000019869C77AB0
RCX: 0x0000019869C77AB0
RDX: 0x0000000000000000
RSI: 0x0000000000000000
RDI: 0x0000019869C77AB0
RBP: 0x0000006D399DFA10
R8: 0x0000000000000000
R9: 0x000000000000000E
R10: 0x00007FF690A2AA98
R11: 0x0000006D399DF8F0
R12: 0x0000000000000000
R13: 0x0000000000500000
R14: 0x0000000000000000
R15: 0x0000000000000000
Fighter correlations:
RCX -> Slot 0 / Gen 1
RDX -> —
[00:24:08] HARDWARE WRITE TRAP
Sequence: 111
TraceSessionId: 639214175255927292
WatchId: 639214175255927293
ThreadId: 18620
TrapRip: 0x00007FF68FAFCC99
NormalizedTrapRip / code context: NativeProbe | DBXV2.exe+0xBCC99 | code[-32,+16]=0085C075580F57D20F2FF27250F30F58B3000100000F2FF2F30F11B300010000720FF30F108304010000F30F5DC60F28
WatchedAddress: 0x0000019869C77BB0
AccessWidth: 4
AccessType: Write
XMM0.scalar: 0 (0x00000000)
XMM6.scalar: 333.03891 (0x43A684FB)
DR6: 0x00000000FFFF0FF1
DR7: 0x00000000000D0401
RAX: 0x0000000000000000
RBX: 0x0000019869C77AB0
RCX: 0x0000019869C77AB0
RDX: 0x0000000000000000
RSI: 0x0000000000000000
RDI: 0x0000019869C77AB0
RBP: 0x0000006D39CDF600
R8: 0x0000000000000000
R9: 0x000000000000000E
R10: 0x00007FF690A2AA98
R11: 0x0000006D39CDF4E0
R12: 0x0000000000000000
R13: 0x0000000000500000
R14: 0x0000000000000000
R15: 0x0000000000000000
Fighter correlations:
RCX -> Slot 0 / Gen 1
RDX -> —
[00:24:08] HARDWARE WRITE TRAP
Sequence: 112
TraceSessionId: 639214175255927292
WatchId: 639214175255927293
ThreadId: 18620
TrapRip: 0x00007FF68FAFCCC5
NormalizedTrapRip / code context: NativeProbe | DBXV2.exe+0xBCCC5 | code[-32,+16]=5DC60F28D0F30F108B040100000F28C2F30F588308010000F30F1193000100000F2FC1760CF30F5CCAF30F118B080100
WatchedAddress: 0x0000019869C77BB0
AccessWidth: 4
AccessType: Write
XMM0.scalar: 333.03891 (0x43A684FB)
XMM6.scalar: 333.03891 (0x43A684FB)
DR6: 0x00000000FFFF0FF1
DR7: 0x00000000000D0401
RAX: 0x0000000000000000
RBX: 0x0000019869C77AB0
RCX: 0x0000019869C77AB0
RDX: 0x0000000000000000
RSI: 0x0000000000000000
RDI: 0x0000019869C77AB0
RBP: 0x0000006D39CDF600
R8: 0x0000000000000000
R9: 0x000000000000000E
R10: 0x00007FF690A2AA98
R11: 0x0000006D39CDF4E0
R12: 0x0000000000000000
R13: 0x0000000000500000
R14: 0x0000000000000000
R15: 0x0000000000000000
Fighter correlations:
RCX -> Slot 0 / Gen 1
RDX -> —
[00:24:08] HARDWARE WRITE TRAP
Sequence: 113
TraceSessionId: 639214175255927292
WatchId: 639214175255927293
ThreadId: 11196
TrapRip: 0x00007FF68FAFCC99
NormalizedTrapRip / code context: NativeProbe | DBXV2.exe+0xBCC99 | code[-32,+16]=0085C075580F57D20F2FF27250F30F58B3000100000F2FF2F30F11B300010000720FF30F108304010000F30F5DC60F28
WatchedAddress: 0x0000019869C77BB0
AccessWidth: 4
AccessType: Write
XMM0.scalar: 0 (0x00000000)
XMM6.scalar: 333.03891 (0x43A684FB)
DR6: 0x00000000FFFF0FF1
DR7: 0x00000000000D0401
RAX: 0x0000000000000000
RBX: 0x0000019869C77AB0
RCX: 0x0000019869C77AB0
RDX: 0x0000000000000000
RSI: 0x0000000000000000
RDI: 0x0000019869C77AB0
RBP: 0x0000006D399DFA10
R8: 0x0000000000000000
R9: 0x000000000000000E
R10: 0x00007FF690A2AA98
R11: 0x0000006D399DF8F0
R12: 0x0000000000000000
R13: 0x0000000000500000
R14: 0x0000000000000000
R15: 0x0000000000000000
Fighter correlations:
RCX -> Slot 0 / Gen 1
RDX -> —
[00:24:08] HARDWARE WRITE TRAP
Sequence: 114
TraceSessionId: 639214175255927292
WatchId: 639214175255927293
ThreadId: 11196
TrapRip: 0x00007FF68FAFCCC5
NormalizedTrapRip / code context: NativeProbe | DBXV2.exe+0xBCCC5 | code[-32,+16]=5DC60F28D0F30F108B040100000F28C2F30F588308010000F30F1193000100000F2FC1760CF30F5CCAF30F118B080100
WatchedAddress: 0x0000019869C77BB0
AccessWidth: 4
AccessType: Write
XMM0.scalar: 333.03891 (0x43A684FB)
XMM6.scalar: 333.03891 (0x43A684FB)
DR6: 0x00000000FFFF0FF1
DR7: 0x00000000000D0401
RAX: 0x0000000000000000
RBX: 0x0000019869C77AB0
RCX: 0x0000019869C77AB0
RDX: 0x0000000000000000
RSI: 0x0000000000000000
RDI: 0x0000019869C77AB0
RBP: 0x0000006D399DFA10
R8: 0x0000000000000000
R9: 0x000000000000000E
R10: 0x00007FF690A2AA98
R11: 0x0000006D399DF8F0
R12: 0x0000000000000000
R13: 0x0000000000500000
R14: 0x0000000000000000
R15: 0x0000000000000000
Fighter correlations:
RCX -> Slot 0 / Gen 1
RDX -> —
[00:24:08] HARDWARE WRITE TRAP
Sequence: 115
TraceSessionId: 639214175255927292
WatchId: 639214175255927293
ThreadId: 11196
TrapRip: 0x00007FF68FAFCC99
NormalizedTrapRip / code context: NativeProbe | DBXV2.exe+0xBCC99 | code[-32,+16]=0085C075580F57D20F2FF27250F30F58B3000100000F2FF2F30F11B300010000720FF30F108304010000F30F5DC60F28
WatchedAddress: 0x0000019869C77BB0
AccessWidth: 4
AccessType: Write
XMM0.scalar: 0 (0x00000000)
XMM6.scalar: 333.03891 (0x43A684FB)
DR6: 0x00000000FFFF0FF1
DR7: 0x00000000000D0401
RAX: 0x0000000000000000
RBX: 0x0000019869C77AB0
RCX: 0x0000019869C77AB0
RDX: 0x0000000000000000
RSI: 0x0000000000000000
RDI: 0x0000019869C77AB0
RBP: 0x0000006D399DFA10
R8: 0x0000000000000000
R9: 0x000000000000000E
R10: 0x00007FF690A2AA98
R11: 0x0000006D399DF8F0
R12: 0x0000000000000000
R13: 0x0000000000500000
R14: 0x0000000000000000
R15: 0x0000000000000000
Fighter correlations:
RCX -> Slot 0 / Gen 1
RDX -> —
[00:24:08] HARDWARE WRITE TRAP
Sequence: 116
TraceSessionId: 639214175255927292
WatchId: 639214175255927293
ThreadId: 11196
TrapRip: 0x00007FF68FAFCCC5
NormalizedTrapRip / code context: NativeProbe | DBXV2.exe+0xBCCC5 | code[-32,+16]=5DC60F28D0F30F108B040100000F28C2F30F588308010000F30F1193000100000F2FC1760CF30F5CCAF30F118B080100
WatchedAddress: 0x0000019869C77BB0
AccessWidth: 4
AccessType: Write
XMM0.scalar: 333.03891 (0x43A684FB)
XMM6.scalar: 333.03891 (0x43A684FB)
DR6: 0x00000000FFFF0FF1
DR7: 0x00000000000D0401
RAX: 0x0000000000000000
RBX: 0x0000019869C77AB0
RCX: 0x0000019869C77AB0
RDX: 0x0000000000000000
RSI: 0x0000000000000000
RDI: 0x0000019869C77AB0
RBP: 0x0000006D399DFA10
R8: 0x0000000000000000
R9: 0x000000000000000E
R10: 0x00007FF690A2AA98
R11: 0x0000006D399DF8F0
R12: 0x0000000000000000
R13: 0x0000000000500000
R14: 0x0000000000000000
R15: 0x0000000000000000
Fighter correlations:
RCX -> Slot 0 / Gen 1
RDX -> —
[00:24:08] HARDWARE WRITE TRAP
Sequence: 117
TraceSessionId: 639214175255927292
WatchId: 639214175255927293
ThreadId: 11196
TrapRip: 0x00007FF68FAFCC99
NormalizedTrapRip / code context: NativeProbe | DBXV2.exe+0xBCC99 | code[-32,+16]=0085C075580F57D20F2FF27250F30F58B3000100000F2FF2F30F11B300010000720FF30F108304010000F30F5DC60F28
WatchedAddress: 0x0000019869C77BB0
AccessWidth: 4
AccessType: Write
XMM0.scalar: 0 (0x00000000)
XMM6.scalar: 333.03891 (0x43A684FB)
DR6: 0x00000000FFFF0FF1
DR7: 0x00000000000D0401
RAX: 0x0000000000000000
RBX: 0x0000019869C77AB0
RCX: 0x0000019869C77AB0
RDX: 0x0000000000000000
RSI: 0x0000000000000000
RDI: 0x0000019869C77AB0
RBP: 0x0000006D399DFA10
R8: 0x0000000000000000
R9: 0x000000000000000E
R10: 0x00007FF690A2AA98
R11: 0x0000006D399DF8F0
R12: 0x0000000000000000
R13: 0x0000000000500000
R14: 0x0000000000000000
R15: 0x0000000000000000
Fighter correlations:
RCX -> Slot 0 / Gen 1
RDX -> —
[00:24:08] HARDWARE WRITE TRAP
Sequence: 118
TraceSessionId: 639214175255927292
WatchId: 639214175255927293
ThreadId: 11196
TrapRip: 0x00007FF68FAFCCC5
NormalizedTrapRip / code context: NativeProbe | DBXV2.exe+0xBCCC5 | code[-32,+16]=5DC60F28D0F30F108B040100000F28C2F30F588308010000F30F1193000100000F2FC1760CF30F5CCAF30F118B080100
WatchedAddress: 0x0000019869C77BB0
AccessWidth: 4
AccessType: Write
XMM0.scalar: 333.03891 (0x43A684FB)
XMM6.scalar: 333.03891 (0x43A684FB)
DR6: 0x00000000FFFF0FF1
DR7: 0x00000000000D0401
RAX: 0x0000000000000000
RBX: 0x0000019869C77AB0
RCX: 0x0000019869C77AB0
RDX: 0x0000000000000000
RSI: 0x0000000000000000
RDI: 0x0000019869C77AB0
RBP: 0x0000006D399DFA10
R8: 0x0000000000000000
R9: 0x000000000000000E
R10: 0x00007FF690A2AA98
R11: 0x0000006D399DF8F0
R12: 0x0000000000000000
R13: 0x0000000000500000
R14: 0x0000000000000000
R15: 0x0000000000000000
Fighter correlations:
RCX -> Slot 0 / Gen 1
RDX -> —
[00:24:08] HARDWARE WRITE TRAP
Sequence: 119
TraceSessionId: 639214175255927292
WatchId: 639214175255927293
ThreadId: 18620
TrapRip: 0x00007FF68FAFCC99
NormalizedTrapRip / code context: NativeProbe | DBXV2.exe+0xBCC99 | code[-32,+16]=0085C075580F57D20F2FF27250F30F58B3000100000F2FF2F30F11B300010000720FF30F108304010000F30F5DC60F28
WatchedAddress: 0x0000019869C77BB0
AccessWidth: 4
AccessType: Write
XMM0.scalar: 0 (0x00000000)
XMM6.scalar: 333.03891 (0x43A684FB)
DR6: 0x00000000FFFF0FF1
DR7: 0x00000000000D0401
RAX: 0x0000000000000000
RBX: 0x0000019869C77AB0
RCX: 0x0000019869C77AB0
RDX: 0x0000000000000000
RSI: 0x0000000000000000
RDI: 0x0000019869C77AB0
RBP: 0x0000006D39CDF600
R8: 0x0000000000000000
R9: 0x000000000000000E
R10: 0x00007FF690A2AA98
R11: 0x0000006D39CDF4E0
R12: 0x0000000000000000
R13: 0x0000000000500000
R14: 0x0000000000000000
R15: 0x0000000000000000
Fighter correlations:
RCX -> Slot 0 / Gen 1
RDX -> —
[00:24:08] HARDWARE WRITE TRAP
Sequence: 120
TraceSessionId: 639214175255927292
WatchId: 639214175255927293
ThreadId: 18620
TrapRip: 0x00007FF68FAFCCC5
NormalizedTrapRip / code context: NativeProbe | DBXV2.exe+0xBCCC5 | code[-32,+16]=5DC60F28D0F30F108B040100000F28C2F30F588308010000F30F1193000100000F2FC1760CF30F5CCAF30F118B080100
WatchedAddress: 0x0000019869C77BB0
AccessWidth: 4
AccessType: Write
XMM0.scalar: 333.03891 (0x43A684FB)
XMM6.scalar: 333.03891 (0x43A684FB)
DR6: 0x00000000FFFF0FF1
DR7: 0x00000000000D0401
RAX: 0x0000000000000000
RBX: 0x0000019869C77AB0
RCX: 0x0000019869C77AB0
RDX: 0x0000000000000000
RSI: 0x0000000000000000
RDI: 0x0000019869C77AB0
RBP: 0x0000006D39CDF600
R8: 0x0000000000000000
R9: 0x000000000000000E
R10: 0x00007FF690A2AA98
R11: 0x0000006D39CDF4E0
R12: 0x0000000000000000
R13: 0x0000000000500000
R14: 0x0000000000000000
R15: 0x0000000000000000
Fighter correlations:
RCX -> Slot 0 / Gen 1
RDX -> —
[00:24:08] HARDWARE WRITE TRAP
Sequence: 121
TraceSessionId: 639214175255927292
WatchId: 639214175255927293
ThreadId: 18620
TrapRip: 0x00007FF68FAFCC99
NormalizedTrapRip / code context: NativeProbe | DBXV2.exe+0xBCC99 | code[-32,+16]=0085C075580F57D20F2FF27250F30F58B3000100000F2FF2F30F11B300010000720FF30F108304010000F30F5DC60F28
WatchedAddress: 0x0000019869C77BB0
AccessWidth: 4
AccessType: Write
XMM0.scalar: 0 (0x00000000)
XMM6.scalar: 333.03891 (0x43A684FB)
DR6: 0x00000000FFFF0FF1
DR7: 0x00000000000D0401
RAX: 0x0000000000000000
RBX: 0x0000019869C77AB0
RCX: 0x0000019869C77AB0
RDX: 0x0000000000000000
RSI: 0x0000000000000000
RDI: 0x0000019869C77AB0
RBP: 0x0000006D39CDF600
R8: 0x0000000000000000
R9: 0x000000000000000E
R10: 0x00007FF690A2AA98
R11: 0x0000006D39CDF4E0
R12: 0x0000000000000000
R13: 0x0000000000500000
R14: 0x0000000000000000
R15: 0x0000000000000000
Fighter correlations:
RCX -> Slot 0 / Gen 1
RDX -> —
[00:24:08] HARDWARE WRITE TRAP
Sequence: 122
TraceSessionId: 639214175255927292
WatchId: 639214175255927293
ThreadId: 18620
TrapRip: 0x00007FF68FAFCCC5
NormalizedTrapRip / code context: NativeProbe | DBXV2.exe+0xBCCC5 | code[-32,+16]=5DC60F28D0F30F108B040100000F28C2F30F588308010000F30F1193000100000F2FC1760CF30F5CCAF30F118B080100
WatchedAddress: 0x0000019869C77BB0
AccessWidth: 4
AccessType: Write
XMM0.scalar: 333.03891 (0x43A684FB)
XMM6.scalar: 333.03891 (0x43A684FB)
DR6: 0x00000000FFFF0FF1
DR7: 0x00000000000D0401
RAX: 0x0000000000000000
RBX: 0x0000019869C77AB0
RCX: 0x0000019869C77AB0
RDX: 0x0000000000000000
RSI: 0x0000000000000000
RDI: 0x0000019869C77AB0
RBP: 0x0000006D39CDF600
R8: 0x0000000000000000
R9: 0x000000000000000E
R10: 0x00007FF690A2AA98
R11: 0x0000006D39CDF4E0
R12: 0x0000000000000000
R13: 0x0000000000500000
R14: 0x0000000000000000
R15: 0x0000000000000000
Fighter correlations:
RCX -> Slot 0 / Gen 1
RDX -> —
[00:24:08] HARDWARE WRITE TRAP
Sequence: 123
TraceSessionId: 639214175255927292
WatchId: 639214175255927293
ThreadId: 11196
TrapRip: 0x00007FF68FAFCC99
NormalizedTrapRip / code context: NativeProbe | DBXV2.exe+0xBCC99 | code[-32,+16]=0085C075580F57D20F2FF27250F30F58B3000100000F2FF2F30F11B300010000720FF30F108304010000F30F5DC60F28
WatchedAddress: 0x0000019869C77BB0
AccessWidth: 4
AccessType: Write
XMM0.scalar: 0 (0x00000000)
XMM6.scalar: 333.03891 (0x43A684FB)
DR6: 0x00000000FFFF0FF1
DR7: 0x00000000000D0401
RAX: 0x0000000000000000
RBX: 0x0000019869C77AB0
RCX: 0x0000019869C77AB0
RDX: 0x0000000000000000
RSI: 0x0000000000000000
RDI: 0x0000019869C77AB0
RBP: 0x0000006D399DFA10
R8: 0x0000000000000000
R9: 0x000000000000000E
R10: 0x00007FF690A2AA98
R11: 0x0000006D399DF8F0
R12: 0x0000000000000000
R13: 0x0000000000500000
R14: 0x0000000000000000
R15: 0x0000000000000000
Fighter correlations:
RCX -> Slot 0 / Gen 1
RDX -> —
[00:24:08] HARDWARE WRITE TRAP
Sequence: 124
TraceSessionId: 639214175255927292
WatchId: 639214175255927293
ThreadId: 11196
TrapRip: 0x00007FF68FAFCCC5
NormalizedTrapRip / code context: NativeProbe | DBXV2.exe+0xBCCC5 | code[-32,+16]=5DC60F28D0F30F108B040100000F28C2F30F588308010000F30F1193000100000F2FC1760CF30F5CCAF30F118B080100
WatchedAddress: 0x0000019869C77BB0
AccessWidth: 4
AccessType: Write
XMM0.scalar: 333.03891 (0x43A684FB)
XMM6.scalar: 333.03891 (0x43A684FB)
DR6: 0x00000000FFFF0FF1
DR7: 0x00000000000D0401
RAX: 0x0000000000000000
RBX: 0x0000019869C77AB0
RCX: 0x0000019869C77AB0
RDX: 0x0000000000000000
RSI: 0x0000000000000000
RDI: 0x0000019869C77AB0
RBP: 0x0000006D399DFA10
R8: 0x0000000000000000
R9: 0x000000000000000E
R10: 0x00007FF690A2AA98
R11: 0x0000006D399DF8F0
R12: 0x0000000000000000
R13: 0x0000000000500000
R14: 0x0000000000000000
R15: 0x0000000000000000
Fighter correlations:
RCX -> Slot 0 / Gen 1
RDX -> —
[00:24:08] HARDWARE WRITE TRAP
Sequence: 125
TraceSessionId: 639214175255927292
WatchId: 639214175255927293
ThreadId: 23268
TrapRip: 0x00007FF68FAFCC99
NormalizedTrapRip / code context: NativeProbe | DBXV2.exe+0xBCC99 | code[-32,+16]=0085C075580F57D20F2FF27250F30F58B3000100000F2FF2F30F11B300010000720FF30F108304010000F30F5DC60F28
WatchedAddress: 0x0000019869C77BB0
AccessWidth: 4
AccessType: Write
XMM0.scalar: 0 (0x00000000)
XMM6.scalar: 333.03891 (0x43A684FB)
DR6: 0x00000000FFFF0FF1
DR7: 0x00000000000D0401
RAX: 0x0000000000000000
RBX: 0x0000019869C77AB0
RCX: 0x0000019869C77AB0
RDX: 0x0000000000000000
RSI: 0x0000000000000000
RDI: 0x0000019869C77AB0
RBP: 0x0000006D39DDFB50
R8: 0x0000000000000000
R9: 0x000000000000000E
R10: 0x00007FF690A2AA98
R11: 0x0000006D39DDFA30
R12: 0x0000000000000000
R13: 0x0000000000500000
R14: 0x0000000000000000
R15: 0x0000000000000000
Fighter correlations:
RCX -> Slot 0 / Gen 1
RDX -> —
[00:24:08] HARDWARE WRITE TRAP
Sequence: 126
TraceSessionId: 639214175255927292
WatchId: 639214175255927293
ThreadId: 23268
TrapRip: 0x00007FF68FAFCCC5
NormalizedTrapRip / code context: NativeProbe | DBXV2.exe+0xBCCC5 | code[-32,+16]=5DC60F28D0F30F108B040100000F28C2F30F588308010000F30F1193000100000F2FC1760CF30F5CCAF30F118B080100
WatchedAddress: 0x0000019869C77BB0
AccessWidth: 4
AccessType: Write
XMM0.scalar: 333.03891 (0x43A684FB)
XMM6.scalar: 333.03891 (0x43A684FB)
DR6: 0x00000000FFFF0FF1
DR7: 0x00000000000D0401
RAX: 0x0000000000000000
RBX: 0x0000019869C77AB0
RCX: 0x0000019869C77AB0
RDX: 0x0000000000000000
RSI: 0x0000000000000000
RDI: 0x0000019869C77AB0
RBP: 0x0000006D39DDFB50
R8: 0x0000000000000000
R9: 0x000000000000000E
R10: 0x00007FF690A2AA98
R11: 0x0000006D39DDFA30
R12: 0x0000000000000000
R13: 0x0000000000500000
R14: 0x0000000000000000
R15: 0x0000000000000000
Fighter correlations:
RCX -> Slot 0 / Gen 1
RDX -> —
[00:24:08] HARDWARE WRITE TRAP
Sequence: 127
TraceSessionId: 639214175255927292
WatchId: 639214175255927293
ThreadId: 11196
TrapRip: 0x00007FF68FAFCC99
NormalizedTrapRip / code context: NativeProbe | DBXV2.exe+0xBCC99 | code[-32,+16]=0085C075580F57D20F2FF27250F30F58B3000100000F2FF2F30F11B300010000720FF30F108304010000F30F5DC60F28
WatchedAddress: 0x0000019869C77BB0
AccessWidth: 4
AccessType: Write
XMM0.scalar: 0 (0x00000000)
XMM6.scalar: 333.03891 (0x43A684FB)
DR6: 0x00000000FFFF0FF1
DR7: 0x00000000000D0401
RAX: 0x0000000000000000
RBX: 0x0000019869C77AB0
RCX: 0x0000019869C77AB0
RDX: 0x0000000000000000
RSI: 0x0000000000000000
RDI: 0x0000019869C77AB0
RBP: 0x0000006D399DFA10
R8: 0x0000000000000000
R9: 0x000000000000000E
R10: 0x00007FF690A2AA98
R11: 0x0000006D399DF8F0
R12: 0x0000000000000000
R13: 0x0000000000500000
R14: 0x0000000000000000
R15: 0x0000000000000000
Fighter correlations:
RCX -> Slot 0 / Gen 1
RDX -> —
[00:24:08] HARDWARE WRITE TRAP
Sequence: 128
TraceSessionId: 639214175255927292
WatchId: 639214175255927293
ThreadId: 11196
TrapRip: 0x00007FF68FAFCCC5
NormalizedTrapRip / code context: NativeProbe | DBXV2.exe+0xBCCC5 | code[-32,+16]=5DC60F28D0F30F108B040100000F28C2F30F588308010000F30F1193000100000F2FC1760CF30F5CCAF30F118B080100
WatchedAddress: 0x0000019869C77BB0
AccessWidth: 4
AccessType: Write
XMM0.scalar: 333.03891 (0x43A684FB)
XMM6.scalar: 333.03891 (0x43A684FB)
DR6: 0x00000000FFFF0FF1
DR7: 0x00000000000D0401
RAX: 0x0000000000000000
RBX: 0x0000019869C77AB0
RCX: 0x0000019869C77AB0
RDX: 0x0000000000000000
RSI: 0x0000000000000000
RDI: 0x0000019869C77AB0
RBP: 0x0000006D399DFA10
R8: 0x0000000000000000
R9: 0x000000000000000E
R10: 0x00007FF690A2AA98
R11: 0x0000006D399DF8F0
R12: 0x0000000000000000
R13: 0x0000000000500000
R14: 0x0000000000000000
R15: 0x0000000000000000
Fighter correlations:
RCX -> Slot 0 / Gen 1
RDX -> —
[00:24:08] HARDWARE WRITE TRAP
Sequence: 129
TraceSessionId: 639214175255927292
WatchId: 639214175255927293
ThreadId: 23268
TrapRip: 0x00007FF68FAFCC99
NormalizedTrapRip / code context: NativeProbe | DBXV2.exe+0xBCC99 | code[-32,+16]=0085C075580F57D20F2FF27250F30F58B3000100000F2FF2F30F11B300010000720FF30F108304010000F30F5DC60F28
WatchedAddress: 0x0000019869C77BB0
AccessWidth: 4
AccessType: Write
XMM0.scalar: 0 (0x00000000)
XMM6.scalar: 333.03891 (0x43A684FB)
DR6: 0x00000000FFFF0FF1
DR7: 0x00000000000D0401
RAX: 0x0000000000000000
RBX: 0x0000019869C77AB0
RCX: 0x0000019869C77AB0
RDX: 0x0000000000000000
RSI: 0x0000000000000000
RDI: 0x0000019869C77AB0
RBP: 0x0000006D39DDFB50
R8: 0x0000000000000000
R9: 0x000000000000000E
R10: 0x00007FF690A2AA98
R11: 0x0000006D39DDFA30
R12: 0x0000000000000000
R13: 0x0000000000500000
R14: 0x0000000000000000
R15: 0x0000000000000000
Fighter correlations:
RCX -> Slot 0 / Gen 1
RDX -> —
[00:24:08] HARDWARE WRITE TRAP
Sequence: 130
TraceSessionId: 639214175255927292
WatchId: 639214175255927293
ThreadId: 23268
TrapRip: 0x00007FF68FAFCCC5
NormalizedTrapRip / code context: NativeProbe | DBXV2.exe+0xBCCC5 | code[-32,+16]=5DC60F28D0F30F108B040100000F28C2F30F588308010000F30F1193000100000F2FC1760CF30F5CCAF30F118B080100
WatchedAddress: 0x0000019869C77BB0
AccessWidth: 4
AccessType: Write
XMM0.scalar: 333.03891 (0x43A684FB)
XMM6.scalar: 333.03891 (0x43A684FB)
DR6: 0x00000000FFFF0FF1
DR7: 0x00000000000D0401
RAX: 0x0000000000000000
RBX: 0x0000019869C77AB0
RCX: 0x0000019869C77AB0
RDX: 0x0000000000000000
RSI: 0x0000000000000000
RDI: 0x0000019869C77AB0
RBP: 0x0000006D39DDFB50
R8: 0x0000000000000000
R9: 0x000000000000000E
R10: 0x00007FF690A2AA98
R11: 0x0000006D39DDFA30
R12: 0x0000000000000000
R13: 0x0000000000500000
R14: 0x0000000000000000
R15: 0x0000000000000000
Fighter correlations:
RCX -> Slot 0 / Gen 1
RDX -> —
[00:24:08] HARDWARE WRITE TRAP
Sequence: 131
TraceSessionId: 639214175255927292
WatchId: 639214175255927293
ThreadId: 23268
TrapRip: 0x00007FF68FAFCC99
NormalizedTrapRip / code context: NativeProbe | DBXV2.exe+0xBCC99 | code[-32,+16]=0085C075580F57D20F2FF27250F30F58B3000100000F2FF2F30F11B300010000720FF30F108304010000F30F5DC60F28
WatchedAddress: 0x0000019869C77BB0
AccessWidth: 4
AccessType: Write
XMM0.scalar: 0 (0x00000000)
XMM6.scalar: 333.03891 (0x43A684FB)
DR6: 0x00000000FFFF0FF1
DR7: 0x00000000000D0401
RAX: 0x0000000000000000
RBX: 0x0000019869C77AB0
RCX: 0x0000019869C77AB0
RDX: 0x0000000000000000
RSI: 0x0000000000000000
RDI: 0x0000019869C77AB0
RBP: 0x0000006D39DDFB50
R8: 0x0000000000000000
R9: 0x000000000000000E
R10: 0x00007FF690A2AA98
R11: 0x0000006D39DDFA30
R12: 0x0000000000000000
R13: 0x0000000000500000
R14: 0x0000000000000000
R15: 0x0000000000000000
Fighter correlations:
RCX -> Slot 0 / Gen 1
RDX -> —
[00:24:08] HARDWARE WRITE TRAP
Sequence: 132
TraceSessionId: 639214175255927292
WatchId: 639214175255927293
ThreadId: 23268
TrapRip: 0x00007FF68FAFCCC5
NormalizedTrapRip / code context: NativeProbe | DBXV2.exe+0xBCCC5 | code[-32,+16]=5DC60F28D0F30F108B040100000F28C2F30F588308010000F30F1193000100000F2FC1760CF30F5CCAF30F118B080100
WatchedAddress: 0x0000019869C77BB0
AccessWidth: 4
AccessType: Write
XMM0.scalar: 333.03891 (0x43A684FB)
XMM6.scalar: 333.03891 (0x43A684FB)
DR6: 0x00000000FFFF0FF1
DR7: 0x00000000000D0401
RAX: 0x0000000000000000
RBX: 0x0000019869C77AB0
RCX: 0x0000019869C77AB0
RDX: 0x0000000000000000
RSI: 0x0000000000000000
RDI: 0x0000019869C77AB0
RBP: 0x0000006D39DDFB50
R8: 0x0000000000000000
R9: 0x000000000000000E
R10: 0x00007FF690A2AA98
R11: 0x0000006D39DDFA30
R12: 0x0000000000000000
R13: 0x0000000000500000
R14: 0x0000000000000000
R15: 0x0000000000000000
Fighter correlations:
RCX -> Slot 0 / Gen 1
RDX -> —
[00:24:08] HARDWARE WRITE TRAP
Sequence: 133
TraceSessionId: 639214175255927292
WatchId: 639214175255927293
ThreadId: 11196
TrapRip: 0x00007FF68FAFCC99
NormalizedTrapRip / code context: NativeProbe | DBXV2.exe+0xBCC99 | code[-32,+16]=0085C075580F57D20F2FF27250F30F58B3000100000F2FF2F30F11B300010000720FF30F108304010000F30F5DC60F28
WatchedAddress: 0x0000019869C77BB0
AccessWidth: 4
AccessType: Write
XMM0.scalar: 0 (0x00000000)
XMM6.scalar: 333.03891 (0x43A684FB)
DR6: 0x00000000FFFF0FF1
DR7: 0x00000000000D0401
RAX: 0x0000000000000000
RBX: 0x0000019869C77AB0
RCX: 0x0000019869C77AB0
RDX: 0x0000000000000000
RSI: 0x0000000000000000
RDI: 0x0000019869C77AB0
RBP: 0x0000006D399DFA10
R8: 0x0000000000000000
R9: 0x000000000000000E
R10: 0x00007FF690A2AA98
R11: 0x0000006D399DF8F0
R12: 0x0000000000000000
R13: 0x0000000000500000
R14: 0x0000000000000000
R15: 0x0000000000000000
Fighter correlations:
RCX -> Slot 0 / Gen 1
RDX -> —
[00:24:08] HARDWARE WRITE TRAP
Sequence: 134
TraceSessionId: 639214175255927292
WatchId: 639214175255927293
ThreadId: 11196
TrapRip: 0x00007FF68FAFCCC5
NormalizedTrapRip / code context: NativeProbe | DBXV2.exe+0xBCCC5 | code[-32,+16]=5DC60F28D0F30F108B040100000F28C2F30F588308010000F30F1193000100000F2FC1760CF30F5CCAF30F118B080100
WatchedAddress: 0x0000019869C77BB0
AccessWidth: 4
AccessType: Write
XMM0.scalar: 333.03891 (0x43A684FB)
XMM6.scalar: 333.03891 (0x43A684FB)
DR6: 0x00000000FFFF0FF1
DR7: 0x00000000000D0401
RAX: 0x0000000000000000
RBX: 0x0000019869C77AB0
RCX: 0x0000019869C77AB0
RDX: 0x0000000000000000
RSI: 0x0000000000000000
RDI: 0x0000019869C77AB0
RBP: 0x0000006D399DFA10
R8: 0x0000000000000000
R9: 0x000000000000000E
R10: 0x00007FF690A2AA98
R11: 0x0000006D399DF8F0
R12: 0x0000000000000000
R13: 0x0000000000500000
R14: 0x0000000000000000
R15: 0x0000000000000000
Fighter correlations:
RCX -> Slot 0 / Gen 1
RDX -> —
[00:24:08] HARDWARE WRITE TRAP
Sequence: 135
TraceSessionId: 639214175255927292
WatchId: 639214175255927293
ThreadId: 11196
TrapRip: 0x00007FF68FAFCC99
NormalizedTrapRip / code context: NativeProbe | DBXV2.exe+0xBCC99 | code[-32,+16]=0085C075580F57D20F2FF27250F30F58B3000100000F2FF2F30F11B300010000720FF30F108304010000F30F5DC60F28
WatchedAddress: 0x0000019869C77BB0
AccessWidth: 4
AccessType: Write
XMM0.scalar: 0 (0x00000000)
XMM6.scalar: 333.03891 (0x43A684FB)
DR6: 0x00000000FFFF0FF1
DR7: 0x00000000000D0401
RAX: 0x0000000000000000
RBX: 0x0000019869C77AB0
RCX: 0x0000019869C77AB0
RDX: 0x0000000000000000
RSI: 0x0000000000000000
RDI: 0x0000019869C77AB0
RBP: 0x0000006D399DFA10
R8: 0x0000000000000000
R9: 0x000000000000000E
R10: 0x00007FF690A2AA98
R11: 0x0000006D399DF8F0
R12: 0x0000000000000000
R13: 0x0000000000500000
R14: 0x0000000000000000
R15: 0x0000000000000000
Fighter correlations:
RCX -> Slot 0 / Gen 1
RDX -> —
[00:24:08] HARDWARE WRITE TRAP
Sequence: 136
TraceSessionId: 639214175255927292
WatchId: 639214175255927293
ThreadId: 11196
TrapRip: 0x00007FF68FAFCCC5
NormalizedTrapRip / code context: NativeProbe | DBXV2.exe+0xBCCC5 | code[-32,+16]=5DC60F28D0F30F108B040100000F28C2F30F588308010000F30F1193000100000F2FC1760CF30F5CCAF30F118B080100
WatchedAddress: 0x0000019869C77BB0
AccessWidth: 4
AccessType: Write
XMM0.scalar: 333.03891 (0x43A684FB)
XMM6.scalar: 333.03891 (0x43A684FB)
DR6: 0x00000000FFFF0FF1
DR7: 0x00000000000D0401
RAX: 0x0000000000000000
RBX: 0x0000019869C77AB0
RCX: 0x0000019869C77AB0
RDX: 0x0000000000000000
RSI: 0x0000000000000000
RDI: 0x0000019869C77AB0
RBP: 0x0000006D399DFA10
R8: 0x0000000000000000
R9: 0x000000000000000E
R10: 0x00007FF690A2AA98
R11: 0x0000006D399DF8F0
R12: 0x0000000000000000
R13: 0x0000000000500000
R14: 0x0000000000000000
R15: 0x0000000000000000
Fighter correlations:
RCX -> Slot 0 / Gen 1
RDX -> —
[00:24:08] HARDWARE WRITE TRAP
Sequence: 137
TraceSessionId: 639214175255927292
WatchId: 639214175255927293
ThreadId: 23268
TrapRip: 0x00007FF68FAFCC99
NormalizedTrapRip / code context: NativeProbe | DBXV2.exe+0xBCC99 | code[-32,+16]=0085C075580F57D20F2FF27250F30F58B3000100000F2FF2F30F11B300010000720FF30F108304010000F30F5DC60F28
WatchedAddress: 0x0000019869C77BB0
AccessWidth: 4
AccessType: Write
XMM0.scalar: 0 (0x00000000)
XMM6.scalar: 333.03891 (0x43A684FB)
DR6: 0x00000000FFFF0FF1
DR7: 0x00000000000D0401
RAX: 0x0000000000000000
RBX: 0x0000019869C77AB0
RCX: 0x0000019869C77AB0
RDX: 0x0000000000000000
RSI: 0x0000000000000000
RDI: 0x0000019869C77AB0
RBP: 0x0000006D39DDFB50
R8: 0x0000000000000000
R9: 0x000000000000000E
R10: 0x00007FF690A2AA98
R11: 0x0000006D39DDFA30
R12: 0x0000000000000000
R13: 0x0000000000500000
R14: 0x0000000000000000
R15: 0x0000000000000000
Fighter correlations:
RCX -> Slot 0 / Gen 1
RDX -> —
[00:24:08] HARDWARE WRITE TRAP
Sequence: 138
TraceSessionId: 639214175255927292
WatchId: 639214175255927293
ThreadId: 23268
TrapRip: 0x00007FF68FAFCCC5
NormalizedTrapRip / code context: NativeProbe | DBXV2.exe+0xBCCC5 | code[-32,+16]=5DC60F28D0F30F108B040100000F28C2F30F588308010000F30F1193000100000F2FC1760CF30F5CCAF30F118B080100
WatchedAddress: 0x0000019869C77BB0
AccessWidth: 4
AccessType: Write
XMM0.scalar: 333.03891 (0x43A684FB)
XMM6.scalar: 333.03891 (0x43A684FB)
DR6: 0x00000000FFFF0FF1
DR7: 0x00000000000D0401
RAX: 0x0000000000000000
RBX: 0x0000019869C77AB0
RCX: 0x0000019869C77AB0
RDX: 0x0000000000000000
RSI: 0x0000000000000000
RDI: 0x0000019869C77AB0
RBP: 0x0000006D39DDFB50
R8: 0x0000000000000000
R9: 0x000000000000000E
R10: 0x00007FF690A2AA98
R11: 0x0000006D39DDFA30
R12: 0x0000000000000000
R13: 0x0000000000500000
R14: 0x0000000000000000
R15: 0x0000000000000000
Fighter correlations:
RCX -> Slot 0 / Gen 1
RDX -> —
[00:24:08] HARDWARE WRITE TRAP
Sequence: 139
TraceSessionId: 639214175255927292
WatchId: 639214175255927293
ThreadId: 17612
TrapRip: 0x00007FF68FAFCC99
NormalizedTrapRip / code context: NativeProbe | DBXV2.exe+0xBCC99 | code[-32,+16]=0085C075580F57D20F2FF27250F30F58B3000100000F2FF2F30F11B300010000720FF30F108304010000F30F5DC60F28
WatchedAddress: 0x0000019869C77BB0
AccessWidth: 4
AccessType: Write
XMM0.scalar: 0 (0x00000000)
XMM6.scalar: 333.03891 (0x43A684FB)
DR6: 0x00000000FFFF0FF1
DR7: 0x00000000000D0401
RAX: 0x0000000000000000
RBX: 0x0000019869C77AB0
RCX: 0x0000019869C77AB0
RDX: 0x0000000000000000
RSI: 0x0000000000000000
RDI: 0x0000019869C77AB0
RBP: 0x0000006D39EDFAA0
R8: 0x0000000000000000
R9: 0x000000000000000E
R10: 0x00007FF690A2AA98
R11: 0x0000006D39EDF980
R12: 0x0000000000000000
R13: 0x0000000000500000
R14: 0x0000000000000000
R15: 0x0000000000000000
Fighter correlations:
RCX -> Slot 0 / Gen 1
RDX -> —
[00:24:08] HARDWARE WRITE TRAP
Sequence: 140
TraceSessionId: 639214175255927292
WatchId: 639214175255927293
ThreadId: 17612
TrapRip: 0x00007FF68FAFCCC5
NormalizedTrapRip / code context: NativeProbe | DBXV2.exe+0xBCCC5 | code[-32,+16]=5DC60F28D0F30F108B040100000F28C2F30F588308010000F30F1193000100000F2FC1760CF30F5CCAF30F118B080100
WatchedAddress: 0x0000019869C77BB0
AccessWidth: 4
AccessType: Write
XMM0.scalar: 333.03891 (0x43A684FB)
XMM6.scalar: 333.03891 (0x43A684FB)
DR6: 0x00000000FFFF0FF1
DR7: 0x00000000000D0401
RAX: 0x0000000000000000
RBX: 0x0000019869C77AB0
RCX: 0x0000019869C77AB0
RDX: 0x0000000000000000
RSI: 0x0000000000000000
RDI: 0x0000019869C77AB0
RBP: 0x0000006D39EDFAA0
R8: 0x0000000000000000
R9: 0x000000000000000E
R10: 0x00007FF690A2AA98
R11: 0x0000006D39EDF980
R12: 0x0000000000000000
R13: 0x0000000000500000
R14: 0x0000000000000000
R15: 0x0000000000000000
Fighter correlations:
RCX -> Slot 0 / Gen 1
RDX -> —
[00:24:08] HARDWARE WRITE TRAP
Sequence: 141
TraceSessionId: 639214175255927292
WatchId: 639214175255927293
ThreadId: 11196
TrapRip: 0x00007FF68FAFCC99
NormalizedTrapRip / code context: NativeProbe | DBXV2.exe+0xBCC99 | code[-32,+16]=0085C075580F57D20F2FF27250F30F58B3000100000F2FF2F30F11B300010000720FF30F108304010000F30F5DC60F28
WatchedAddress: 0x0000019869C77BB0
AccessWidth: 4
AccessType: Write
XMM0.scalar: 0 (0x00000000)
XMM6.scalar: 333.03891 (0x43A684FB)
DR6: 0x00000000FFFF0FF1
DR7: 0x00000000000D0401
RAX: 0x0000000000000000
RBX: 0x0000019869C77AB0
RCX: 0x0000019869C77AB0
RDX: 0x0000000000000000
RSI: 0x0000000000000000
RDI: 0x0000019869C77AB0
RBP: 0x0000006D399DFA10
R8: 0x0000000000000000
R9: 0x000000000000000E
R10: 0x00007FF690A2AA98
R11: 0x0000006D399DF8F0
R12: 0x0000000000000000
R13: 0x0000000000500000
R14: 0x0000000000000000
R15: 0x0000000000000000
Fighter correlations:
RCX -> Slot 0 / Gen 1
RDX -> —
[00:24:08] HARDWARE WRITE TRAP
Sequence: 142
TraceSessionId: 639214175255927292
WatchId: 639214175255927293
ThreadId: 11196
TrapRip: 0x00007FF68FAFCCC5
NormalizedTrapRip / code context: NativeProbe | DBXV2.exe+0xBCCC5 | code[-32,+16]=5DC60F28D0F30F108B040100000F28C2F30F588308010000F30F1193000100000F2FC1760CF30F5CCAF30F118B080100
WatchedAddress: 0x0000019869C77BB0
AccessWidth: 4
AccessType: Write
XMM0.scalar: 333.03891 (0x43A684FB)
XMM6.scalar: 333.03891 (0x43A684FB)
DR6: 0x00000000FFFF0FF1
DR7: 0x00000000000D0401
RAX: 0x0000000000000000
RBX: 0x0000019869C77AB0
RCX: 0x0000019869C77AB0
RDX: 0x0000000000000000
RSI: 0x0000000000000000
RDI: 0x0000019869C77AB0
RBP: 0x0000006D399DFA10
R8: 0x0000000000000000
R9: 0x000000000000000E
R10: 0x00007FF690A2AA98
R11: 0x0000006D399DF8F0
R12: 0x0000000000000000
R13: 0x0000000000500000
R14: 0x0000000000000000
R15: 0x0000000000000000
Fighter correlations:
RCX -> Slot 0 / Gen 1
RDX -> —
[00:24:08] HARDWARE WRITE TRAP
Sequence: 143
TraceSessionId: 639214175255927292
WatchId: 639214175255927293
ThreadId: 17612
TrapRip: 0x00007FF68FAFCC99
NormalizedTrapRip / code context: NativeProbe | DBXV2.exe+0xBCC99 | code[-32,+16]=0085C075580F57D20F2FF27250F30F58B3000100000F2FF2F30F11B300010000720FF30F108304010000F30F5DC60F28
WatchedAddress: 0x0000019869C77BB0
AccessWidth: 4
AccessType: Write
XMM0.scalar: 0 (0x00000000)
XMM6.scalar: 333.03891 (0x43A684FB)
DR6: 0x00000000FFFF0FF1
DR7: 0x00000000000D0401
RAX: 0x0000000000000000
RBX: 0x0000019869C77AB0
RCX: 0x0000019869C77AB0
RDX: 0x0000000000000000
RSI: 0x0000000000000000
RDI: 0x0000019869C77AB0
RBP: 0x0000006D39EDFAA0
R8: 0x0000000000000000
R9: 0x000000000000000E
R10: 0x00007FF690A2AA98
R11: 0x0000006D39EDF980
R12: 0x0000000000000000
R13: 0x0000000000500000
R14: 0x0000000000000000
R15: 0x0000000000000000
Fighter correlations:
RCX -> Slot 0 / Gen 1
RDX -> —
[00:24:08] HARDWARE WRITE TRAP
Sequence: 144
TraceSessionId: 639214175255927292
WatchId: 639214175255927293
ThreadId: 17612
TrapRip: 0x00007FF68FAFCCC5
NormalizedTrapRip / code context: NativeProbe | DBXV2.exe+0xBCCC5 | code[-32,+16]=5DC60F28D0F30F108B040100000F28C2F30F588308010000F30F1193000100000F2FC1760CF30F5CCAF30F118B080100
WatchedAddress: 0x0000019869C77BB0
AccessWidth: 4
AccessType: Write
XMM0.scalar: 333.03891 (0x43A684FB)
XMM6.scalar: 333.03891 (0x43A684FB)
DR6: 0x00000000FFFF0FF1
DR7: 0x00000000000D0401
RAX: 0x0000000000000000
RBX: 0x0000019869C77AB0
RCX: 0x0000019869C77AB0
RDX: 0x0000000000000000
RSI: 0x0000000000000000
RDI: 0x0000019869C77AB0
RBP: 0x0000006D39EDFAA0
R8: 0x0000000000000000
R9: 0x000000000000000E
R10: 0x00007FF690A2AA98
R11: 0x0000006D39EDF980
R12: 0x0000000000000000
R13: 0x0000000000500000
R14: 0x0000000000000000
R15: 0x0000000000000000
Fighter correlations:
RCX -> Slot 0 / Gen 1
RDX -> —
[00:24:08] HARDWARE WRITE TRAP
Sequence: 145
TraceSessionId: 639214175255927292
WatchId: 639214175255927293
ThreadId: 23268
TrapRip: 0x00007FF68FAFCC99
NormalizedTrapRip / code context: NativeProbe | DBXV2.exe+0xBCC99 | code[-32,+16]=0085C075580F57D20F2FF27250F30F58B3000100000F2FF2F30F11B300010000720FF30F108304010000F30F5DC60F28
WatchedAddress: 0x0000019869C77BB0
AccessWidth: 4
AccessType: Write
XMM0.scalar: 0 (0x00000000)
XMM6.scalar: 333.03891 (0x43A684FB)
DR6: 0x00000000FFFF0FF1
DR7: 0x00000000000D0401
RAX: 0x0000000000000000
RBX: 0x0000019869C77AB0
RCX: 0x0000019869C77AB0
RDX: 0x0000000000000000
RSI: 0x0000000000000000
RDI: 0x0000019869C77AB0
RBP: 0x0000006D39DDFB50
R8: 0x0000000000000000
R9: 0x000000000000000E
R10: 0x00007FF690A2AA98
R11: 0x0000006D39DDFA30
R12: 0x0000000000000000
R13: 0x0000000000500000
R14: 0x0000000000000000
R15: 0x0000000000000000
Fighter correlations:
RCX -> Slot 0 / Gen 1
RDX -> —
[00:24:08] HARDWARE WRITE TRAP
Sequence: 146
TraceSessionId: 639214175255927292
WatchId: 639214175255927293
ThreadId: 23268
TrapRip: 0x00007FF68FAFCCC5
NormalizedTrapRip / code context: NativeProbe | DBXV2.exe+0xBCCC5 | code[-32,+16]=5DC60F28D0F30F108B040100000F28C2F30F588308010000F30F1193000100000F2FC1760CF30F5CCAF30F118B080100
WatchedAddress: 0x0000019869C77BB0
AccessWidth: 4
AccessType: Write
XMM0.scalar: 333.03891 (0x43A684FB)
XMM6.scalar: 333.03891 (0x43A684FB)
DR6: 0x00000000FFFF0FF1
DR7: 0x00000000000D0401
RAX: 0x0000000000000000
RBX: 0x0000019869C77AB0
RCX: 0x0000019869C77AB0
RDX: 0x0000000000000000
RSI: 0x0000000000000000
RDI: 0x0000019869C77AB0
RBP: 0x0000006D39DDFB50
R8: 0x0000000000000000
R9: 0x000000000000000E
R10: 0x00007FF690A2AA98
R11: 0x0000006D39DDFA30
R12: 0x0000000000000000
R13: 0x0000000000500000
R14: 0x0000000000000000
R15: 0x0000000000000000
Fighter correlations:
RCX -> Slot 0 / Gen 1
RDX -> —
[00:24:08] HARDWARE WRITE TRAP
Sequence: 147
TraceSessionId: 639214175255927292
WatchId: 639214175255927293
ThreadId: 24252
TrapRip: 0x00007FF68FAFCC99
NormalizedTrapRip / code context: NativeProbe | DBXV2.exe+0xBCC99 | code[-32,+16]=0085C075580F57D20F2FF27250F30F58B3000100000F2FF2F30F11B300010000720FF30F108304010000F30F5DC60F28
WatchedAddress: 0x0000019869C77BB0
AccessWidth: 4
AccessType: Write
XMM0.scalar: 0 (0x00000000)
XMM6.scalar: 333.03891 (0x43A684FB)
DR6: 0x00000000FFFF0FF1
DR7: 0x00000000000D0401
RAX: 0x0000000000000000
RBX: 0x0000019869C77AB0
RCX: 0x0000019869C77AB0
RDX: 0x0000000000000000
RSI: 0x0000000000000000
RDI: 0x0000019869C77AB0
RBP: 0x0000006D39FDF6D0
R8: 0x0000000000000000
R9: 0x000000000000000E
R10: 0x00007FF690A2AA98
R11: 0x0000006D39FDF5B0
R12: 0x0000000000000000
R13: 0x0000000000500000
R14: 0x0000000000000000
R15: 0x0000000000000000
Fighter correlations:
RCX -> Slot 0 / Gen 1
RDX -> —
[00:24:08] HARDWARE WRITE TRAP
Sequence: 148
TraceSessionId: 639214175255927292
WatchId: 639214175255927293
ThreadId: 24252
TrapRip: 0x00007FF68FAFCCC5
NormalizedTrapRip / code context: NativeProbe | DBXV2.exe+0xBCCC5 | code[-32,+16]=5DC60F28D0F30F108B040100000F28C2F30F588308010000F30F1193000100000F2FC1760CF30F5CCAF30F118B080100
WatchedAddress: 0x0000019869C77BB0
AccessWidth: 4
AccessType: Write
XMM0.scalar: 333.03891 (0x43A684FB)
XMM6.scalar: 333.03891 (0x43A684FB)
DR6: 0x00000000FFFF0FF1
DR7: 0x00000000000D0401
RAX: 0x0000000000000000
RBX: 0x0000019869C77AB0
RCX: 0x0000019869C77AB0
RDX: 0x0000000000000000
RSI: 0x0000000000000000
RDI: 0x0000019869C77AB0
RBP: 0x0000006D39FDF6D0
R8: 0x0000000000000000
R9: 0x000000000000000E
R10: 0x00007FF690A2AA98
R11: 0x0000006D39FDF5B0
R12: 0x0000000000000000
R13: 0x0000000000500000
R14: 0x0000000000000000
R15: 0x0000000000000000
Fighter correlations:
RCX -> Slot 0 / Gen 1
RDX -> —
[00:24:08] HARDWARE WRITE TRAP
Sequence: 149
TraceSessionId: 639214175255927292
WatchId: 639214175255927293
ThreadId: 17612
TrapRip: 0x00007FF68FAFCC99
NormalizedTrapRip / code context: NativeProbe | DBXV2.exe+0xBCC99 | code[-32,+16]=0085C075580F57D20F2FF27250F30F58B3000100000F2FF2F30F11B300010000720FF30F108304010000F30F5DC60F28
WatchedAddress: 0x0000019869C77BB0
AccessWidth: 4
AccessType: Write
XMM0.scalar: 0 (0x00000000)
XMM6.scalar: 333.03891 (0x43A684FB)
DR6: 0x00000000FFFF0FF1
DR7: 0x00000000000D0401
RAX: 0x0000000000000000
RBX: 0x0000019869C77AB0
RCX: 0x0000019869C77AB0
RDX: 0x0000000000000000
RSI: 0x0000000000000000
RDI: 0x0000019869C77AB0
RBP: 0x0000006D39EDFAA0
R8: 0x0000000000000000
R9: 0x000000000000000E
R10: 0x00007FF690A2AA98
R11: 0x0000006D39EDF980
R12: 0x0000000000000000
R13: 0x0000000000500000
R14: 0x0000000000000000
R15: 0x0000000000000000
Fighter correlations:
RCX -> Slot 0 / Gen 1
RDX -> —
[00:24:08] HARDWARE WRITE TRAP
Sequence: 150
TraceSessionId: 639214175255927292
WatchId: 639214175255927293
ThreadId: 17612
TrapRip: 0x00007FF68FAFCCC5
NormalizedTrapRip / code context: NativeProbe | DBXV2.exe+0xBCCC5 | code[-32,+16]=5DC60F28D0F30F108B040100000F28C2F30F588308010000F30F1193000100000F2FC1760CF30F5CCAF30F118B080100
WatchedAddress: 0x0000019869C77BB0
AccessWidth: 4
AccessType: Write
XMM0.scalar: 333.03891 (0x43A684FB)
XMM6.scalar: 333.03891 (0x43A684FB)
DR6: 0x00000000FFFF0FF1
DR7: 0x00000000000D0401
RAX: 0x0000000000000000
RBX: 0x0000019869C77AB0
RCX: 0x0000019869C77AB0
RDX: 0x0000000000000000
RSI: 0x0000000000000000
RDI: 0x0000019869C77AB0
RBP: 0x0000006D39EDFAA0
R8: 0x0000000000000000
R9: 0x000000000000000E
R10: 0x00007FF690A2AA98
R11: 0x0000006D39EDF980
R12: 0x0000000000000000
R13: 0x0000000000500000
R14: 0x0000000000000000
R15: 0x0000000000000000
Fighter correlations:
RCX -> Slot 0 / Gen 1
RDX -> —
[00:24:08] HARDWARE WRITE TRAP
Sequence: 151
TraceSessionId: 639214175255927292
WatchId: 639214175255927293
ThreadId: 17612
TrapRip: 0x00007FF68FAFCC99
NormalizedTrapRip / code context: NativeProbe | DBXV2.exe+0xBCC99 | code[-32,+16]=0085C075580F57D20F2FF27250F30F58B3000100000F2FF2F30F11B300010000720FF30F108304010000F30F5DC60F28
WatchedAddress: 0x0000019869C77BB0
AccessWidth: 4
AccessType: Write
XMM0.scalar: 0 (0x00000000)
XMM6.scalar: 333.03891 (0x43A684FB)
DR6: 0x00000000FFFF0FF1
DR7: 0x00000000000D0401
RAX: 0x0000000000000000
RBX: 0x0000019869C77AB0
RCX: 0x0000019869C77AB0
RDX: 0x0000000000000000
RSI: 0x0000000000000000
RDI: 0x0000019869C77AB0
RBP: 0x0000006D39EDFAA0
R8: 0x0000000000000000
R9: 0x000000000000000E
R10: 0x00007FF690A2AA98
R11: 0x0000006D39EDF980
R12: 0x0000000000000000
R13: 0x0000000000500000
R14: 0x0000000000000000
R15: 0x0000000000000000
Fighter correlations:
RCX -> Slot 0 / Gen 1
RDX -> —
[00:24:08] HARDWARE WRITE TRAP
Sequence: 152
TraceSessionId: 639214175255927292
WatchId: 639214175255927293
ThreadId: 17612
TrapRip: 0x00007FF68FAFCCC5
NormalizedTrapRip / code context: NativeProbe | DBXV2.exe+0xBCCC5 | code[-32,+16]=5DC60F28D0F30F108B040100000F28C2F30F588308010000F30F1193000100000F2FC1760CF30F5CCAF30F118B080100
WatchedAddress: 0x0000019869C77BB0
AccessWidth: 4
AccessType: Write
XMM0.scalar: 333.03891 (0x43A684FB)
XMM6.scalar: 333.03891 (0x43A684FB)
DR6: 0x00000000FFFF0FF1
DR7: 0x00000000000D0401
RAX: 0x0000000000000000
RBX: 0x0000019869C77AB0
RCX: 0x0000019869C77AB0
RDX: 0x0000000000000000
RSI: 0x0000000000000000
RDI: 0x0000019869C77AB0
RBP: 0x0000006D39EDFAA0
R8: 0x0000000000000000
R9: 0x000000000000000E
R10: 0x00007FF690A2AA98
R11: 0x0000006D39EDF980
R12: 0x0000000000000000
R13: 0x0000000000500000
R14: 0x0000000000000000
R15: 0x0000000000000000
Fighter correlations:
RCX -> Slot 0 / Gen 1
RDX -> —
[00:24:09] HARDWARE WRITE TRAP
Sequence: 153
TraceSessionId: 639214175255927292
WatchId: 639214175255927293
ThreadId: 18620
TrapRip: 0x00007FF68FAFCC99
NormalizedTrapRip / code context: NativeProbe | DBXV2.exe+0xBCC99 | code[-32,+16]=0085C075580F57D20F2FF27250F30F58B3000100000F2FF2F30F11B300010000720FF30F108304010000F30F5DC60F28
WatchedAddress: 0x0000019869C77BB0
AccessWidth: 4
AccessType: Write
XMM0.scalar: 0 (0x00000000)
XMM6.scalar: 333.03891 (0x43A684FB)
DR6: 0x00000000FFFF0FF1
DR7: 0x00000000000D0401
RAX: 0x0000000000000000
RBX: 0x0000019869C77AB0
RCX: 0x0000019869C77AB0
RDX: 0x0000000000000000
RSI: 0x0000000000000000
RDI: 0x0000019869C77AB0
RBP: 0x0000006D39CDF600
R8: 0x0000000000000000
R9: 0x000000000000000E
R10: 0x00007FF690A2AA98
R11: 0x0000006D39CDF4E0
R12: 0x0000000000000000
R13: 0x0000000000500000
R14: 0x0000000000000000
R15: 0x0000000000000000
Fighter correlations:
RCX -> Slot 0 / Gen 1
RDX -> —
[00:24:09] HARDWARE WRITE TRAP
Sequence: 154
TraceSessionId: 639214175255927292
WatchId: 639214175255927293
ThreadId: 18620
TrapRip: 0x00007FF68FAFCCC5
NormalizedTrapRip / code context: NativeProbe | DBXV2.exe+0xBCCC5 | code[-32,+16]=5DC60F28D0F30F108B040100000F28C2F30F588308010000F30F1193000100000F2FC1760CF30F5CCAF30F118B080100
WatchedAddress: 0x0000019869C77BB0
AccessWidth: 4
AccessType: Write
XMM0.scalar: 333.03891 (0x43A684FB)
XMM6.scalar: 333.03891 (0x43A684FB)
DR6: 0x00000000FFFF0FF1
DR7: 0x00000000000D0401
RAX: 0x0000000000000000
RBX: 0x0000019869C77AB0
RCX: 0x0000019869C77AB0
RDX: 0x0000000000000000
RSI: 0x0000000000000000
RDI: 0x0000019869C77AB0
RBP: 0x0000006D39CDF600
R8: 0x0000000000000000
R9: 0x000000000000000E
R10: 0x00007FF690A2AA98
R11: 0x0000006D39CDF4E0
R12: 0x0000000000000000
R13: 0x0000000000500000
R14: 0x0000000000000000
R15: 0x0000000000000000
Fighter correlations:
RCX -> Slot 0 / Gen 1
RDX -> —
[00:24:09] HARDWARE WRITE TRAP
Sequence: 155
TraceSessionId: 639214175255927292
WatchId: 639214175255927293
ThreadId: 24252
TrapRip: 0x00007FF68FAFCC99
NormalizedTrapRip / code context: NativeProbe | DBXV2.exe+0xBCC99 | code[-32,+16]=0085C075580F57D20F2FF27250F30F58B3000100000F2FF2F30F11B300010000720FF30F108304010000F30F5DC60F28
WatchedAddress: 0x0000019869C77BB0
AccessWidth: 4
AccessType: Write
XMM0.scalar: 0 (0x00000000)
XMM6.scalar: 333.03891 (0x43A684FB)
DR6: 0x00000000FFFF0FF1
DR7: 0x00000000000D0401
RAX: 0x0000000000000000
RBX: 0x0000019869C77AB0
RCX: 0x0000019869C77AB0
RDX: 0x0000000000000000
RSI: 0x0000000000000000
RDI: 0x0000019869C77AB0
RBP: 0x0000006D39FDF6D0
R8: 0x0000000000000000
R9: 0x000000000000000E
R10: 0x00007FF690A2AA98
R11: 0x0000006D39FDF5B0
R12: 0x0000000000000000
R13: 0x0000000000500000
R14: 0x0000000000000000
R15: 0x0000000000000000
Fighter correlations:
RCX -> Slot 0 / Gen 1
RDX -> —
[00:24:09] HARDWARE WRITE TRAP
Sequence: 156
TraceSessionId: 639214175255927292
WatchId: 639214175255927293
ThreadId: 24252
TrapRip: 0x00007FF68FAFCCC5
NormalizedTrapRip / code context: NativeProbe | DBXV2.exe+0xBCCC5 | code[-32,+16]=5DC60F28D0F30F108B040100000F28C2F30F588308010000F30F1193000100000F2FC1760CF30F5CCAF30F118B080100
WatchedAddress: 0x0000019869C77BB0
AccessWidth: 4
AccessType: Write
XMM0.scalar: 333.03891 (0x43A684FB)
XMM6.scalar: 333.03891 (0x43A684FB)
DR6: 0x00000000FFFF0FF1
DR7: 0x00000000000D0401
RAX: 0x0000000000000000
RBX: 0x0000019869C77AB0
RCX: 0x0000019869C77AB0
RDX: 0x0000000000000000
RSI: 0x0000000000000000
RDI: 0x0000019869C77AB0
RBP: 0x0000006D39FDF6D0
R8: 0x0000000000000000
R9: 0x000000000000000E
R10: 0x00007FF690A2AA98
R11: 0x0000006D39FDF5B0
R12: 0x0000000000000000
R13: 0x0000000000500000
R14: 0x0000000000000000
R15: 0x0000000000000000
Fighter correlations:
RCX -> Slot 0 / Gen 1
RDX -> —
[00:24:09] HARDWARE WRITE TRAP
Sequence: 157
TraceSessionId: 639214175255927292
WatchId: 639214175255927293
ThreadId: 196
TrapRip: 0x00007FF68FAFCC99
NormalizedTrapRip / code context: NativeProbe | DBXV2.exe+0xBCC99 | code[-32,+16]=0085C075580F57D20F2FF27250F30F58B3000100000F2FF2F30F11B300010000720FF30F108304010000F30F5DC60F28
WatchedAddress: 0x0000019869C77BB0
AccessWidth: 4
AccessType: Write
XMM0.scalar: 0 (0x00000000)
XMM6.scalar: 333.03891 (0x43A684FB)
DR6: 0x00000000FFFF0FF1
DR7: 0x00000000000D0401
RAX: 0x0000000000000000
RBX: 0x0000019869C77AB0
RCX: 0x0000019869C77AB0
RDX: 0x0000000000000000
RSI: 0x0000000000000000
RDI: 0x0000019869C77AB0
RBP: 0x0000006D39BDFC80
R8: 0x0000000000000000
R9: 0x000000000000000E
R10: 0x00007FF690A2AA98
R11: 0x0000006D39BDFB60
R12: 0x0000000000000000
R13: 0x0000000000500000
R14: 0x0000000000000000
R15: 0x0000000000000000
Fighter correlations:
RCX -> Slot 0 / Gen 1
RDX -> —
[00:24:09] HARDWARE WRITE TRAP
Sequence: 158
TraceSessionId: 639214175255927292
WatchId: 639214175255927293
ThreadId: 196
TrapRip: 0x00007FF68FAFCCC5
NormalizedTrapRip / code context: NativeProbe | DBXV2.exe+0xBCCC5 | code[-32,+16]=5DC60F28D0F30F108B040100000F28C2F30F588308010000F30F1193000100000F2FC1760CF30F5CCAF30F118B080100
WatchedAddress: 0x0000019869C77BB0
AccessWidth: 4
AccessType: Write
XMM0.scalar: 333.03891 (0x43A684FB)
XMM6.scalar: 333.03891 (0x43A684FB)
DR6: 0x00000000FFFF0FF1
DR7: 0x00000000000D0401
RAX: 0x0000000000000000
RBX: 0x0000019869C77AB0
RCX: 0x0000019869C77AB0
RDX: 0x0000000000000000
RSI: 0x0000000000000000
RDI: 0x0000019869C77AB0
RBP: 0x0000006D39BDFC80
R8: 0x0000000000000000
R9: 0x000000000000000E
R10: 0x00007FF690A2AA98
R11: 0x0000006D39BDFB60
R12: 0x0000000000000000
R13: 0x0000000000500000
R14: 0x0000000000000000
R15: 0x0000000000000000
Fighter correlations:
RCX -> Slot 0 / Gen 1
RDX -> —
[00:24:09] HARDWARE WRITE TRAP
Sequence: 159
TraceSessionId: 639214175255927292
WatchId: 639214175255927293
ThreadId: 18620
TrapRip: 0x00007FF68FAFCC99
NormalizedTrapRip / code context: NativeProbe | DBXV2.exe+0xBCC99 | code[-32,+16]=0085C075580F57D20F2FF27250F30F58B3000100000F2FF2F30F11B300010000720FF30F108304010000F30F5DC60F28
WatchedAddress: 0x0000019869C77BB0
AccessWidth: 4
AccessType: Write
XMM0.scalar: 0 (0x00000000)
XMM6.scalar: 333.03891 (0x43A684FB)
DR6: 0x00000000FFFF0FF1
DR7: 0x00000000000D0401
RAX: 0x0000000000000000
RBX: 0x0000019869C77AB0
RCX: 0x0000019869C77AB0
RDX: 0x0000000000000000
RSI: 0x0000000000000000
RDI: 0x0000019869C77AB0
RBP: 0x0000006D39CDF600
R8: 0x0000000000000000
R9: 0x000000000000000E
R10: 0x00007FF690A2AA98
R11: 0x0000006D39CDF4E0
R12: 0x0000000000000000
R13: 0x0000000000500000
R14: 0x0000000000000000
R15: 0x0000000000000000
Fighter correlations:
RCX -> Slot 0 / Gen 1
RDX -> —
[00:24:09] HARDWARE WRITE TRAP
Sequence: 160
TraceSessionId: 639214175255927292
WatchId: 639214175255927293
ThreadId: 18620
TrapRip: 0x00007FF68FAFCCC5
NormalizedTrapRip / code context: NativeProbe | DBXV2.exe+0xBCCC5 | code[-32,+16]=5DC60F28D0F30F108B040100000F28C2F30F588308010000F30F1193000100000F2FC1760CF30F5CCAF30F118B080100
WatchedAddress: 0x0000019869C77BB0
AccessWidth: 4
AccessType: Write
XMM0.scalar: 333.03891 (0x43A684FB)
XMM6.scalar: 333.03891 (0x43A684FB)
DR6: 0x00000000FFFF0FF1
DR7: 0x00000000000D0401
RAX: 0x0000000000000000
RBX: 0x0000019869C77AB0
RCX: 0x0000019869C77AB0
RDX: 0x0000000000000000
RSI: 0x0000000000000000
RDI: 0x0000019869C77AB0
RBP: 0x0000006D39CDF600
R8: 0x0000000000000000
R9: 0x000000000000000E
R10: 0x00007FF690A2AA98
R11: 0x0000006D39CDF4E0
R12: 0x0000000000000000
R13: 0x0000000000500000
R14: 0x0000000000000000
R15: 0x0000000000000000
Fighter correlations:
RCX -> Slot 0 / Gen 1
RDX -> —
[00:24:09] HARDWARE WRITE TRAP
Sequence: 161
TraceSessionId: 639214175255927292
WatchId: 639214175255927293
ThreadId: 24252
TrapRip: 0x00007FF68FAFCC99
NormalizedTrapRip / code context: NativeProbe | DBXV2.exe+0xBCC99 | code[-32,+16]=0085C075580F57D20F2FF27250F30F58B3000100000F2FF2F30F11B300010000720FF30F108304010000F30F5DC60F28
WatchedAddress: 0x0000019869C77BB0
AccessWidth: 4
AccessType: Write
XMM0.scalar: 0 (0x00000000)
XMM6.scalar: 333.03891 (0x43A684FB)
DR6: 0x00000000FFFF0FF1
DR7: 0x00000000000D0401
RAX: 0x0000000000000000
RBX: 0x0000019869C77AB0
RCX: 0x0000019869C77AB0
RDX: 0x0000000000000000
RSI: 0x0000000000000000
RDI: 0x0000019869C77AB0
RBP: 0x0000006D39FDF6D0
R8: 0x0000000000000000
R9: 0x000000000000000E
R10: 0x00007FF690A2AA98
R11: 0x0000006D39FDF5B0
R12: 0x0000000000000000
R13: 0x0000000000500000
R14: 0x0000000000000000
R15: 0x0000000000000000
Fighter correlations:
RCX -> Slot 0 / Gen 1
RDX -> —
[00:24:09] HARDWARE WRITE TRAP
Sequence: 162
TraceSessionId: 639214175255927292
WatchId: 639214175255927293
ThreadId: 24252
TrapRip: 0x00007FF68FAFCCC5
NormalizedTrapRip / code context: NativeProbe | DBXV2.exe+0xBCCC5 | code[-32,+16]=5DC60F28D0F30F108B040100000F28C2F30F588308010000F30F1193000100000F2FC1760CF30F5CCAF30F118B080100
WatchedAddress: 0x0000019869C77BB0
AccessWidth: 4
AccessType: Write
XMM0.scalar: 333.03891 (0x43A684FB)
XMM6.scalar: 333.03891 (0x43A684FB)
DR6: 0x00000000FFFF0FF1
DR7: 0x00000000000D0401
RAX: 0x0000000000000000
RBX: 0x0000019869C77AB0
RCX: 0x0000019869C77AB0
RDX: 0x0000000000000000
RSI: 0x0000000000000000
RDI: 0x0000019869C77AB0
RBP: 0x0000006D39FDF6D0
R8: 0x0000000000000000
R9: 0x000000000000000E
R10: 0x00007FF690A2AA98
R11: 0x0000006D39FDF5B0
R12: 0x0000000000000000
R13: 0x0000000000500000
R14: 0x0000000000000000
R15: 0x0000000000000000
Fighter correlations:
RCX -> Slot 0 / Gen 1
RDX -> —
[00:24:09] HARDWARE WRITE TRAP
Sequence: 163
TraceSessionId: 639214175255927292
WatchId: 639214175255927293
ThreadId: 16992
TrapRip: 0x00007FF68FAFCC99
NormalizedTrapRip / code context: NativeProbe | DBXV2.exe+0xBCC99 | code[-32,+16]=0085C075580F57D20F2FF27250F30F58B3000100000F2FF2F30F11B300010000720FF30F108304010000F30F5DC60F28
WatchedAddress: 0x0000019869C77BB0
AccessWidth: 4
AccessType: Write
XMM0.scalar: 0 (0x00000000)
XMM6.scalar: 333.03891 (0x43A684FB)
DR6: 0x00000000FFFF0FF1
DR7: 0x00000000000D0401
RAX: 0x0000000000000000
RBX: 0x0000019869C77AB0
RCX: 0x0000019869C77AB0
RDX: 0x0000000000000000
RSI: 0x0000000000000000
RDI: 0x0000019869C77AB0
RBP: 0x0000006D398DFA20
R8: 0x0000000000000000
R9: 0x000000000000000E
R10: 0x00007FF690A2AA98
R11: 0x0000006D398DF900
R12: 0x0000000000000000
R13: 0x0000000000500000
R14: 0x0000000000000000
R15: 0x0000000000000000
Fighter correlations:
RCX -> Slot 0 / Gen 1
RDX -> —
[00:24:09] HARDWARE WRITE TRAP
Sequence: 164
TraceSessionId: 639214175255927292
WatchId: 639214175255927293
ThreadId: 16992
TrapRip: 0x00007FF68FAFCCC5
NormalizedTrapRip / code context: NativeProbe | DBXV2.exe+0xBCCC5 | code[-32,+16]=5DC60F28D0F30F108B040100000F28C2F30F588308010000F30F1193000100000F2FC1760CF30F5CCAF30F118B080100
WatchedAddress: 0x0000019869C77BB0
AccessWidth: 4
AccessType: Write
XMM0.scalar: 333.03891 (0x43A684FB)
XMM6.scalar: 333.03891 (0x43A684FB)
DR6: 0x00000000FFFF0FF1
DR7: 0x00000000000D0401
RAX: 0x0000000000000000
RBX: 0x0000019869C77AB0
RCX: 0x0000019869C77AB0
RDX: 0x0000000000000000
RSI: 0x0000000000000000
RDI: 0x0000019869C77AB0
RBP: 0x0000006D398DFA20
R8: 0x0000000000000000
R9: 0x000000000000000E
R10: 0x00007FF690A2AA98
R11: 0x0000006D398DF900
R12: 0x0000000000000000
R13: 0x0000000000500000
R14: 0x0000000000000000
R15: 0x0000000000000000
Fighter correlations:
RCX -> Slot 0 / Gen 1
RDX -> —
[00:24:09] HARDWARE WRITE TRAP
Sequence: 165
TraceSessionId: 639214175255927292
WatchId: 639214175255927293
ThreadId: 24252
TrapRip: 0x00007FF68FAFCC99
NormalizedTrapRip / code context: NativeProbe | DBXV2.exe+0xBCC99 | code[-32,+16]=0085C075580F57D20F2FF27250F30F58B3000100000F2FF2F30F11B300010000720FF30F108304010000F30F5DC60F28
WatchedAddress: 0x0000019869C77BB0
AccessWidth: 4
AccessType: Write
XMM0.scalar: 0 (0x00000000)
XMM6.scalar: 333.03891 (0x43A684FB)
DR6: 0x00000000FFFF0FF1
DR7: 0x00000000000D0401
RAX: 0x0000000000000000
RBX: 0x0000019869C77AB0
RCX: 0x0000019869C77AB0
RDX: 0x0000000000000000
RSI: 0x0000000000000000
RDI: 0x0000019869C77AB0
RBP: 0x0000006D39FDF6D0
R8: 0x0000000000000000
R9: 0x000000000000000E
R10: 0x00007FF690A2AA98
R11: 0x0000006D39FDF5B0
R12: 0x0000000000000000
R13: 0x0000000000500000
R14: 0x0000000000000000
R15: 0x0000000000000000
Fighter correlations:
RCX -> Slot 0 / Gen 1
RDX -> —
[00:24:09] HARDWARE WRITE TRAP
Sequence: 166
TraceSessionId: 639214175255927292
WatchId: 639214175255927293
ThreadId: 24252
TrapRip: 0x00007FF68FAFCCC5
NormalizedTrapRip / code context: NativeProbe | DBXV2.exe+0xBCCC5 | code[-32,+16]=5DC60F28D0F30F108B040100000F28C2F30F588308010000F30F1193000100000F2FC1760CF30F5CCAF30F118B080100
WatchedAddress: 0x0000019869C77BB0
AccessWidth: 4
AccessType: Write
XMM0.scalar: 333.03891 (0x43A684FB)
XMM6.scalar: 333.03891 (0x43A684FB)
DR6: 0x00000000FFFF0FF1
DR7: 0x00000000000D0401
RAX: 0x0000000000000000
RBX: 0x0000019869C77AB0
RCX: 0x0000019869C77AB0
RDX: 0x0000000000000000
RSI: 0x0000000000000000
RDI: 0x0000019869C77AB0
RBP: 0x0000006D39FDF6D0
R8: 0x0000000000000000
R9: 0x000000000000000E
R10: 0x00007FF690A2AA98
R11: 0x0000006D39FDF5B0
R12: 0x0000000000000000
R13: 0x0000000000500000
R14: 0x0000000000000000
R15: 0x0000000000000000
Fighter correlations:
RCX -> Slot 0 / Gen 1
RDX -> —
[00:24:09] HARDWARE WRITE TRAP
Sequence: 167
TraceSessionId: 639214175255927292
WatchId: 639214175255927293
ThreadId: 24252
TrapRip: 0x00007FF68FAFCC99
NormalizedTrapRip / code context: NativeProbe | DBXV2.exe+0xBCC99 | code[-32,+16]=0085C075580F57D20F2FF27250F30F58B3000100000F2FF2F30F11B300010000720FF30F108304010000F30F5DC60F28
WatchedAddress: 0x0000019869C77BB0
AccessWidth: 4
AccessType: Write
XMM0.scalar: 0 (0x00000000)
XMM6.scalar: 333.03891 (0x43A684FB)
DR6: 0x00000000FFFF0FF1
DR7: 0x00000000000D0401
RAX: 0x0000000000000000
RBX: 0x0000019869C77AB0
RCX: 0x0000019869C77AB0
RDX: 0x0000000000000000
RSI: 0x0000000000000000
RDI: 0x0000019869C77AB0
RBP: 0x0000006D39FDF6D0
R8: 0x0000000000000000
R9: 0x000000000000000E
R10: 0x00007FF690A2AA98
R11: 0x0000006D39FDF5B0
R12: 0x0000000000000000
R13: 0x0000000000500000
R14: 0x0000000000000000
R15: 0x0000000000000000
Fighter correlations:
RCX -> Slot 0 / Gen 1
RDX -> —
[00:24:09] HARDWARE WRITE TRAP
Sequence: 168
TraceSessionId: 639214175255927292
WatchId: 639214175255927293
ThreadId: 24252
TrapRip: 0x00007FF68FAFCCC5
NormalizedTrapRip / code context: NativeProbe | DBXV2.exe+0xBCCC5 | code[-32,+16]=5DC60F28D0F30F108B040100000F28C2F30F588308010000F30F1193000100000F2FC1760CF30F5CCAF30F118B080100
WatchedAddress: 0x0000019869C77BB0
AccessWidth: 4
AccessType: Write
XMM0.scalar: 333.03891 (0x43A684FB)
XMM6.scalar: 333.03891 (0x43A684FB)
DR6: 0x00000000FFFF0FF1
DR7: 0x00000000000D0401
RAX: 0x0000000000000000
RBX: 0x0000019869C77AB0
RCX: 0x0000019869C77AB0
RDX: 0x0000000000000000
RSI: 0x0000000000000000
RDI: 0x0000019869C77AB0
RBP: 0x0000006D39FDF6D0
R8: 0x0000000000000000
R9: 0x000000000000000E
R10: 0x00007FF690A2AA98
R11: 0x0000006D39FDF5B0
R12: 0x0000000000000000
R13: 0x0000000000500000
R14: 0x0000000000000000
R15: 0x0000000000000000
Fighter correlations:
RCX -> Slot 0 / Gen 1
RDX -> —
[00:24:09] HARDWARE WRITE TRAP
Sequence: 169
TraceSessionId: 639214175255927292
WatchId: 639214175255927293
ThreadId: 196
TrapRip: 0x00007FF68FAFCC99
NormalizedTrapRip / code context: NativeProbe | DBXV2.exe+0xBCC99 | code[-32,+16]=0085C075580F57D20F2FF27250F30F58B3000100000F2FF2F30F11B300010000720FF30F108304010000F30F5DC60F28
WatchedAddress: 0x0000019869C77BB0
AccessWidth: 4
AccessType: Write
XMM0.scalar: 0 (0x00000000)
XMM6.scalar: 333.03891 (0x43A684FB)
DR6: 0x00000000FFFF0FF1
DR7: 0x00000000000D0401
RAX: 0x0000000000000000
RBX: 0x0000019869C77AB0
RCX: 0x0000019869C77AB0
RDX: 0x0000000000000000
RSI: 0x0000000000000000
RDI: 0x0000019869C77AB0
RBP: 0x0000006D39BDFC80
R8: 0x0000000000000000
R9: 0x000000000000000E
R10: 0x00007FF690A2AA98
R11: 0x0000006D39BDFB60
R12: 0x0000000000000000
R13: 0x0000000000500000
R14: 0x0000000000000000
R15: 0x0000000000000000
Fighter correlations:
RCX -> Slot 0 / Gen 1
RDX -> —
[00:24:09] HARDWARE WRITE TRAP
Sequence: 170
TraceSessionId: 639214175255927292
WatchId: 639214175255927293
ThreadId: 196
TrapRip: 0x00007FF68FAFCCC5
NormalizedTrapRip / code context: NativeProbe | DBXV2.exe+0xBCCC5 | code[-32,+16]=5DC60F28D0F30F108B040100000F28C2F30F588308010000F30F1193000100000F2FC1760CF30F5CCAF30F118B080100
WatchedAddress: 0x0000019869C77BB0
AccessWidth: 4
AccessType: Write
XMM0.scalar: 333.03891 (0x43A684FB)
XMM6.scalar: 333.03891 (0x43A684FB)
DR6: 0x00000000FFFF0FF1
DR7: 0x00000000000D0401
RAX: 0x0000000000000000
RBX: 0x0000019869C77AB0
RCX: 0x0000019869C77AB0
RDX: 0x0000000000000000
RSI: 0x0000000000000000
RDI: 0x0000019869C77AB0
RBP: 0x0000006D39BDFC80
R8: 0x0000000000000000
R9: 0x000000000000000E
R10: 0x00007FF690A2AA98
R11: 0x0000006D39BDFB60
R12: 0x0000000000000000
R13: 0x0000000000500000
R14: 0x0000000000000000
R15: 0x0000000000000000
Fighter correlations:
RCX -> Slot 0 / Gen 1
RDX -> —
[00:24:09] HARDWARE WRITE TRAP
Sequence: 171
TraceSessionId: 639214175255927292
WatchId: 639214175255927293
ThreadId: 23268
TrapRip: 0x00007FF68FAFCC99
NormalizedTrapRip / code context: NativeProbe | DBXV2.exe+0xBCC99 | code[-32,+16]=0085C075580F57D20F2FF27250F30F58B3000100000F2FF2F30F11B300010000720FF30F108304010000F30F5DC60F28
WatchedAddress: 0x0000019869C77BB0
AccessWidth: 4
AccessType: Write
XMM0.scalar: 0 (0x00000000)
XMM6.scalar: 333.03891 (0x43A684FB)
DR6: 0x00000000FFFF0FF1
DR7: 0x00000000000D0401
RAX: 0x0000000000000000
RBX: 0x0000019869C77AB0
RCX: 0x0000019869C77AB0
RDX: 0x0000000000000000
RSI: 0x0000000000000000
RDI: 0x0000019869C77AB0
RBP: 0x0000006D39DDFB50
R8: 0x0000000000000000
R9: 0x000000000000000E
R10: 0x00007FF690A2AA98
R11: 0x0000006D39DDFA30
R12: 0x0000000000000000
R13: 0x0000000000500000
R14: 0x0000000000000000
R15: 0x0000000000000000
Fighter correlations:
RCX -> Slot 0 / Gen 1
RDX -> —
[00:24:09] HARDWARE WRITE TRAP
Sequence: 172
TraceSessionId: 639214175255927292
WatchId: 639214175255927293
ThreadId: 23268
TrapRip: 0x00007FF68FAFCCC5
NormalizedTrapRip / code context: NativeProbe | DBXV2.exe+0xBCCC5 | code[-32,+16]=5DC60F28D0F30F108B040100000F28C2F30F588308010000F30F1193000100000F2FC1760CF30F5CCAF30F118B080100
WatchedAddress: 0x0000019869C77BB0
AccessWidth: 4
AccessType: Write
XMM0.scalar: 333.03891 (0x43A684FB)
XMM6.scalar: 333.03891 (0x43A684FB)
DR6: 0x00000000FFFF0FF1
DR7: 0x00000000000D0401
RAX: 0x0000000000000000
RBX: 0x0000019869C77AB0
RCX: 0x0000019869C77AB0
RDX: 0x0000000000000000
RSI: 0x0000000000000000
RDI: 0x0000019869C77AB0
RBP: 0x0000006D39DDFB50
R8: 0x0000000000000000
R9: 0x000000000000000E
R10: 0x00007FF690A2AA98
R11: 0x0000006D39DDFA30
R12: 0x0000000000000000
R13: 0x0000000000500000
R14: 0x0000000000000000
R15: 0x0000000000000000
Fighter correlations:
RCX -> Slot 0 / Gen 1
RDX -> —
[00:24:09] HARDWARE WRITE TRAP
Sequence: 173
TraceSessionId: 639214175255927292
WatchId: 639214175255927293
ThreadId: 23268
TrapRip: 0x00007FF68FAFCC99
NormalizedTrapRip / code context: NativeProbe | DBXV2.exe+0xBCC99 | code[-32,+16]=0085C075580F57D20F2FF27250F30F58B3000100000F2FF2F30F11B300010000720FF30F108304010000F30F5DC60F28
WatchedAddress: 0x0000019869C77BB0
AccessWidth: 4
AccessType: Write
XMM0.scalar: 0 (0x00000000)
XMM6.scalar: 333.03891 (0x43A684FB)
DR6: 0x00000000FFFF0FF1
DR7: 0x00000000000D0401
RAX: 0x0000000000000000
RBX: 0x0000019869C77AB0
RCX: 0x0000019869C77AB0
RDX: 0x0000000000000000
RSI: 0x0000000000000000
RDI: 0x0000019869C77AB0
RBP: 0x0000006D39DDFB50
R8: 0x0000000000000000
R9: 0x000000000000000E
R10: 0x00007FF690A2AA98
R11: 0x0000006D39DDFA30
R12: 0x0000000000000000
R13: 0x0000000000500000
R14: 0x0000000000000000
R15: 0x0000000000000000
Fighter correlations:
RCX -> Slot 0 / Gen 1
RDX -> —
[00:24:09] HARDWARE WRITE TRAP
Sequence: 174
TraceSessionId: 639214175255927292
WatchId: 639214175255927293
ThreadId: 23268
TrapRip: 0x00007FF68FAFCCC5
NormalizedTrapRip / code context: NativeProbe | DBXV2.exe+0xBCCC5 | code[-32,+16]=5DC60F28D0F30F108B040100000F28C2F30F588308010000F30F1193000100000F2FC1760CF30F5CCAF30F118B080100
WatchedAddress: 0x0000019869C77BB0
AccessWidth: 4
AccessType: Write
XMM0.scalar: 333.03891 (0x43A684FB)
XMM6.scalar: 333.03891 (0x43A684FB)
DR6: 0x00000000FFFF0FF1
DR7: 0x00000000000D0401
RAX: 0x0000000000000000
RBX: 0x0000019869C77AB0
RCX: 0x0000019869C77AB0
RDX: 0x0000000000000000
RSI: 0x0000000000000000
RDI: 0x0000019869C77AB0
RBP: 0x0000006D39DDFB50
R8: 0x0000000000000000
R9: 0x000000000000000E
R10: 0x00007FF690A2AA98
R11: 0x0000006D39DDFA30
R12: 0x0000000000000000
R13: 0x0000000000500000
R14: 0x0000000000000000
R15: 0x0000000000000000
Fighter correlations:
RCX -> Slot 0 / Gen 1
RDX -> —
[00:24:09] HARDWARE WRITE TRAP
Sequence: 175
TraceSessionId: 639214175255927292
WatchId: 639214175255927293
ThreadId: 24252
TrapRip: 0x00007FF68FAFCC99
NormalizedTrapRip / code context: NativeProbe | DBXV2.exe+0xBCC99 | code[-32,+16]=0085C075580F57D20F2FF27250F30F58B3000100000F2FF2F30F11B300010000720FF30F108304010000F30F5DC60F28
WatchedAddress: 0x0000019869C77BB0
AccessWidth: 4
AccessType: Write
XMM0.scalar: 0 (0x00000000)
XMM6.scalar: 333.03891 (0x43A684FB)
DR6: 0x00000000FFFF0FF1
DR7: 0x00000000000D0401
RAX: 0x0000000000000000
RBX: 0x0000019869C77AB0
RCX: 0x0000019869C77AB0
RDX: 0x0000000000000000
RSI: 0x0000000000000000
RDI: 0x0000019869C77AB0
RBP: 0x0000006D39FDF6D0
R8: 0x0000000000000000
R9: 0x000000000000000E
R10: 0x00007FF690A2AA98
R11: 0x0000006D39FDF5B0
R12: 0x0000000000000000
R13: 0x0000000000500000
R14: 0x0000000000000000
R15: 0x0000000000000000
Fighter correlations:
RCX -> Slot 0 / Gen 1
RDX -> —
[00:24:09] HARDWARE WRITE TRAP
Sequence: 176
TraceSessionId: 639214175255927292
WatchId: 639214175255927293
ThreadId: 24252
TrapRip: 0x00007FF68FAFCCC5
NormalizedTrapRip / code context: NativeProbe | DBXV2.exe+0xBCCC5 | code[-32,+16]=5DC60F28D0F30F108B040100000F28C2F30F588308010000F30F1193000100000F2FC1760CF30F5CCAF30F118B080100
WatchedAddress: 0x0000019869C77BB0
AccessWidth: 4
AccessType: Write
XMM0.scalar: 333.03891 (0x43A684FB)
XMM6.scalar: 333.03891 (0x43A684FB)
DR6: 0x00000000FFFF0FF1
DR7: 0x00000000000D0401
RAX: 0x0000000000000000
RBX: 0x0000019869C77AB0
RCX: 0x0000019869C77AB0
RDX: 0x0000000000000000
RSI: 0x0000000000000000
RDI: 0x0000019869C77AB0
RBP: 0x0000006D39FDF6D0
R8: 0x0000000000000000
R9: 0x000000000000000E
R10: 0x00007FF690A2AA98
R11: 0x0000006D39FDF5B0
R12: 0x0000000000000000
R13: 0x0000000000500000
R14: 0x0000000000000000
R15: 0x0000000000000000
Fighter correlations:
RCX -> Slot 0 / Gen 1
RDX -> —
[00:24:09] HARDWARE WRITE TRAP
Sequence: 177
TraceSessionId: 639214175255927292
WatchId: 639214175255927293
ThreadId: 23268
TrapRip: 0x00007FF68FAFCC99
NormalizedTrapRip / code context: NativeProbe | DBXV2.exe+0xBCC99 | code[-32,+16]=0085C075580F57D20F2FF27250F30F58B3000100000F2FF2F30F11B300010000720FF30F108304010000F30F5DC60F28
WatchedAddress: 0x0000019869C77BB0
AccessWidth: 4
AccessType: Write
XMM0.scalar: 0 (0x00000000)
XMM6.scalar: 333.03891 (0x43A684FB)
DR6: 0x00000000FFFF0FF1
DR7: 0x00000000000D0401
RAX: 0x0000000000000000
RBX: 0x0000019869C77AB0
RCX: 0x0000019869C77AB0
RDX: 0x0000000000000000
RSI: 0x0000000000000000
RDI: 0x0000019869C77AB0
RBP: 0x0000006D39DDFB50
R8: 0x0000000000000000
R9: 0x000000000000000E
R10: 0x00007FF690A2AA98
R11: 0x0000006D39DDFA30
R12: 0x0000000000000000
R13: 0x0000000000500000
R14: 0x0000000000000000
R15: 0x0000000000000000
Fighter correlations:
RCX -> Slot 0 / Gen 1
RDX -> —
[00:24:09] HARDWARE WRITE TRAP
Sequence: 178
TraceSessionId: 639214175255927292
WatchId: 639214175255927293
ThreadId: 23268
TrapRip: 0x00007FF68FAFCCC5
NormalizedTrapRip / code context: NativeProbe | DBXV2.exe+0xBCCC5 | code[-32,+16]=5DC60F28D0F30F108B040100000F28C2F30F588308010000F30F1193000100000F2FC1760CF30F5CCAF30F118B080100
WatchedAddress: 0x0000019869C77BB0
AccessWidth: 4
AccessType: Write
XMM0.scalar: 333.03891 (0x43A684FB)
XMM6.scalar: 333.03891 (0x43A684FB)
DR6: 0x00000000FFFF0FF1
DR7: 0x00000000000D0401
RAX: 0x0000000000000000
RBX: 0x0000019869C77AB0
RCX: 0x0000019869C77AB0
RDX: 0x0000000000000000
RSI: 0x0000000000000000
RDI: 0x0000019869C77AB0
RBP: 0x0000006D39DDFB50
R8: 0x0000000000000000
R9: 0x000000000000000E
R10: 0x00007FF690A2AA98
R11: 0x0000006D39DDFA30
R12: 0x0000000000000000
R13: 0x0000000000500000
R14: 0x0000000000000000
R15: 0x0000000000000000
Fighter correlations:
RCX -> Slot 0 / Gen 1
RDX -> —
[00:24:09] HARDWARE WRITE TRAP
Sequence: 179
TraceSessionId: 639214175255927292
WatchId: 639214175255927293
ThreadId: 11196
TrapRip: 0x00007FF68FAFCC99
NormalizedTrapRip / code context: NativeProbe | DBXV2.exe+0xBCC99 | code[-32,+16]=0085C075580F57D20F2FF27250F30F58B3000100000F2FF2F30F11B300010000720FF30F108304010000F30F5DC60F28
WatchedAddress: 0x0000019869C77BB0
AccessWidth: 4
AccessType: Write
XMM0.scalar: 0 (0x00000000)
XMM6.scalar: 333.03891 (0x43A684FB)
DR6: 0x00000000FFFF0FF1
DR7: 0x00000000000D0401
RAX: 0x0000000000000000
RBX: 0x0000019869C77AB0
RCX: 0x0000019869C77AB0
RDX: 0x0000000000000000
RSI: 0x0000000000000000
RDI: 0x0000019869C77AB0
RBP: 0x0000006D399DFA10
R8: 0x0000000000000000
R9: 0x000000000000000E
R10: 0x00007FF690A2AA98
R11: 0x0000006D399DF8F0
R12: 0x0000000000000000
R13: 0x0000000000500000
R14: 0x0000000000000000
R15: 0x0000000000000000
Fighter correlations:
RCX -> Slot 0 / Gen 1
RDX -> —
[00:24:09] HARDWARE WRITE TRAP
Sequence: 180
TraceSessionId: 639214175255927292
WatchId: 639214175255927293
ThreadId: 11196
TrapRip: 0x00007FF68FAFCCC5
NormalizedTrapRip / code context: NativeProbe | DBXV2.exe+0xBCCC5 | code[-32,+16]=5DC60F28D0F30F108B040100000F28C2F30F588308010000F30F1193000100000F2FC1760CF30F5CCAF30F118B080100
WatchedAddress: 0x0000019869C77BB0
AccessWidth: 4
AccessType: Write
XMM0.scalar: 333.03891 (0x43A684FB)
XMM6.scalar: 333.03891 (0x43A684FB)
DR6: 0x00000000FFFF0FF1
DR7: 0x00000000000D0401
RAX: 0x0000000000000000
RBX: 0x0000019869C77AB0
RCX: 0x0000019869C77AB0
RDX: 0x0000000000000000
RSI: 0x0000000000000000
RDI: 0x0000019869C77AB0
RBP: 0x0000006D399DFA10
R8: 0x0000000000000000
R9: 0x000000000000000E
R10: 0x00007FF690A2AA98
R11: 0x0000006D399DF8F0
R12: 0x0000000000000000
R13: 0x0000000000500000
R14: 0x0000000000000000
R15: 0x0000000000000000
Fighter correlations:
RCX -> Slot 0 / Gen 1
RDX -> —
[00:24:09] HARDWARE WRITE TRAP
Sequence: 181
TraceSessionId: 639214175255927292
WatchId: 639214175255927293
ThreadId: 11196
TrapRip: 0x00007FF68FAFCC99
NormalizedTrapRip / code context: NativeProbe | DBXV2.exe+0xBCC99 | code[-32,+16]=0085C075580F57D20F2FF27250F30F58B3000100000F2FF2F30F11B300010000720FF30F108304010000F30F5DC60F28
WatchedAddress: 0x0000019869C77BB0
AccessWidth: 4
AccessType: Write
XMM0.scalar: 0 (0x00000000)
XMM6.scalar: 333.03891 (0x43A684FB)
DR6: 0x00000000FFFF0FF1
DR7: 0x00000000000D0401
RAX: 0x0000000000000000
RBX: 0x0000019869C77AB0
RCX: 0x0000019869C77AB0
RDX: 0x0000000000000000
RSI: 0x0000000000000000
RDI: 0x0000019869C77AB0
RBP: 0x0000006D399DFA10
R8: 0x0000000000000000
R9: 0x000000000000000E
R10: 0x00007FF690A2AA98
R11: 0x0000006D399DF8F0
R12: 0x0000000000000000
R13: 0x0000000000500000
R14: 0x0000000000000000
R15: 0x0000000000000000
Fighter correlations:
RCX -> Slot 0 / Gen 1
RDX -> —
[00:24:09] HARDWARE WRITE TRAP
Sequence: 182
TraceSessionId: 639214175255927292
WatchId: 639214175255927293
ThreadId: 11196
TrapRip: 0x00007FF68FAFCCC5
NormalizedTrapRip / code context: NativeProbe | DBXV2.exe+0xBCCC5 | code[-32,+16]=5DC60F28D0F30F108B040100000F28C2F30F588308010000F30F1193000100000F2FC1760CF30F5CCAF30F118B080100
WatchedAddress: 0x0000019869C77BB0
AccessWidth: 4
AccessType: Write
XMM0.scalar: 333.03891 (0x43A684FB)
XMM6.scalar: 333.03891 (0x43A684FB)
DR6: 0x00000000FFFF0FF1
DR7: 0x00000000000D0401
RAX: 0x0000000000000000
RBX: 0x0000019869C77AB0
RCX: 0x0000019869C77AB0
RDX: 0x0000000000000000
RSI: 0x0000000000000000
RDI: 0x0000019869C77AB0
RBP: 0x0000006D399DFA10
R8: 0x0000000000000000
R9: 0x000000000000000E
R10: 0x00007FF690A2AA98
R11: 0x0000006D399DF8F0
R12: 0x0000000000000000
R13: 0x0000000000500000
R14: 0x0000000000000000
R15: 0x0000000000000000
Fighter correlations:
RCX -> Slot 0 / Gen 1
RDX -> —
[00:24:09] HARDWARE WRITE TRAP
Sequence: 183
TraceSessionId: 639214175255927292
WatchId: 639214175255927293
ThreadId: 23268
TrapRip: 0x00007FF68FAFCC99
NormalizedTrapRip / code context: NativeProbe | DBXV2.exe+0xBCC99 | code[-32,+16]=0085C075580F57D20F2FF27250F30F58B3000100000F2FF2F30F11B300010000720FF30F108304010000F30F5DC60F28
WatchedAddress: 0x0000019869C77BB0
AccessWidth: 4
AccessType: Write
XMM0.scalar: 0 (0x00000000)
XMM6.scalar: 333.03891 (0x43A684FB)
DR6: 0x00000000FFFF0FF1
DR7: 0x00000000000D0401
RAX: 0x0000000000000000
RBX: 0x0000019869C77AB0
RCX: 0x0000019869C77AB0
RDX: 0x0000000000000000
RSI: 0x0000000000000000
RDI: 0x0000019869C77AB0
RBP: 0x0000006D39DDFB50
R8: 0x0000000000000000
R9: 0x000000000000000E
R10: 0x00007FF690A2AA98
R11: 0x0000006D39DDFA30
R12: 0x0000000000000000
R13: 0x0000000000500000
R14: 0x0000000000000000
R15: 0x0000000000000000
Fighter correlations:
RCX -> Slot 0 / Gen 1
RDX -> —
[00:24:09] HARDWARE WRITE TRAP
Sequence: 184
TraceSessionId: 639214175255927292
WatchId: 639214175255927293
ThreadId: 23268
TrapRip: 0x00007FF68FAFCCC5
NormalizedTrapRip / code context: NativeProbe | DBXV2.exe+0xBCCC5 | code[-32,+16]=5DC60F28D0F30F108B040100000F28C2F30F588308010000F30F1193000100000F2FC1760CF30F5CCAF30F118B080100
WatchedAddress: 0x0000019869C77BB0
AccessWidth: 4
AccessType: Write
XMM0.scalar: 333.03891 (0x43A684FB)
XMM6.scalar: 333.03891 (0x43A684FB)
DR6: 0x00000000FFFF0FF1
DR7: 0x00000000000D0401
RAX: 0x0000000000000000
RBX: 0x0000019869C77AB0
RCX: 0x0000019869C77AB0
RDX: 0x0000000000000000
RSI: 0x0000000000000000
RDI: 0x0000019869C77AB0
RBP: 0x0000006D39DDFB50
R8: 0x0000000000000000
R9: 0x000000000000000E
R10: 0x00007FF690A2AA98
R11: 0x0000006D39DDFA30
R12: 0x0000000000000000
R13: 0x0000000000500000
R14: 0x0000000000000000
R15: 0x0000000000000000
Fighter correlations:
RCX -> Slot 0 / Gen 1
RDX -> —
[00:24:09] HARDWARE WRITE TRAP
Sequence: 185
TraceSessionId: 639214175255927292
WatchId: 639214175255927293
ThreadId: 18620
TrapRip: 0x00007FF68FAFCC99
NormalizedTrapRip / code context: NativeProbe | DBXV2.exe+0xBCC99 | code[-32,+16]=0085C075580F57D20F2FF27250F30F58B3000100000F2FF2F30F11B300010000720FF30F108304010000F30F5DC60F28
WatchedAddress: 0x0000019869C77BB0
AccessWidth: 4
AccessType: Write
XMM0.scalar: 0 (0x00000000)
XMM6.scalar: 333.03891 (0x43A684FB)
DR6: 0x00000000FFFF0FF1
DR7: 0x00000000000D0401
RAX: 0x0000000000000000
RBX: 0x0000019869C77AB0
RCX: 0x0000019869C77AB0
RDX: 0x0000000000000000
RSI: 0x0000000000000000
RDI: 0x0000019869C77AB0
RBP: 0x0000006D39CDF600
R8: 0x0000000000000000
R9: 0x000000000000000E
R10: 0x00007FF690A2AA98
R11: 0x0000006D39CDF4E0
R12: 0x0000000000000000
R13: 0x0000000000500000
R14: 0x0000000000000000
R15: 0x0000000000000000
Fighter correlations:
RCX -> Slot 0 / Gen 1
RDX -> —
[00:24:09] HARDWARE WRITE TRAP
Sequence: 186
TraceSessionId: 639214175255927292
WatchId: 639214175255927293
ThreadId: 18620
TrapRip: 0x00007FF68FAFCCC5
NormalizedTrapRip / code context: NativeProbe | DBXV2.exe+0xBCCC5 | code[-32,+16]=5DC60F28D0F30F108B040100000F28C2F30F588308010000F30F1193000100000F2FC1760CF30F5CCAF30F118B080100
WatchedAddress: 0x0000019869C77BB0
AccessWidth: 4
AccessType: Write
XMM0.scalar: 333.03891 (0x43A684FB)
XMM6.scalar: 333.03891 (0x43A684FB)
DR6: 0x00000000FFFF0FF1
DR7: 0x00000000000D0401
RAX: 0x0000000000000000
RBX: 0x0000019869C77AB0
RCX: 0x0000019869C77AB0
RDX: 0x0000000000000000
RSI: 0x0000000000000000
RDI: 0x0000019869C77AB0
RBP: 0x0000006D39CDF600
R8: 0x0000000000000000
R9: 0x000000000000000E
R10: 0x00007FF690A2AA98
R11: 0x0000006D39CDF4E0
R12: 0x0000000000000000
R13: 0x0000000000500000
R14: 0x0000000000000000
R15: 0x0000000000000000
Fighter correlations:
RCX -> Slot 0 / Gen 1
RDX -> —
[00:24:09] HARDWARE WRITE TRAP
Sequence: 187
TraceSessionId: 639214175255927292
WatchId: 639214175255927293
ThreadId: 17612
TrapRip: 0x00007FF68FAFCC99
NormalizedTrapRip / code context: NativeProbe | DBXV2.exe+0xBCC99 | code[-32,+16]=0085C075580F57D20F2FF27250F30F58B3000100000F2FF2F30F11B300010000720FF30F108304010000F30F5DC60F28
WatchedAddress: 0x0000019869C77BB0
AccessWidth: 4
AccessType: Write
XMM0.scalar: 0 (0x00000000)
XMM6.scalar: 333.03891 (0x43A684FB)
DR6: 0x00000000FFFF0FF1
DR7: 0x00000000000D0401
RAX: 0x0000000000000000
RBX: 0x0000019869C77AB0
RCX: 0x0000019869C77AB0
RDX: 0x0000000000000000
RSI: 0x0000000000000000
RDI: 0x0000019869C77AB0
RBP: 0x0000006D39EDFAA0
R8: 0x0000000000000000
R9: 0x000000000000000E
R10: 0x00007FF690A2AA98
R11: 0x0000006D39EDF980
R12: 0x0000000000000000
R13: 0x0000000000500000
R14: 0x0000000000000000
R15: 0x0000000000000000
Fighter correlations:
RCX -> Slot 0 / Gen 1
RDX -> —
[00:24:09] HARDWARE WRITE TRAP
Sequence: 188
TraceSessionId: 639214175255927292
WatchId: 639214175255927293
ThreadId: 17612
TrapRip: 0x00007FF68FAFCCC5
NormalizedTrapRip / code context: NativeProbe | DBXV2.exe+0xBCCC5 | code[-32,+16]=5DC60F28D0F30F108B040100000F28C2F30F588308010000F30F1193000100000F2FC1760CF30F5CCAF30F118B080100
WatchedAddress: 0x0000019869C77BB0
AccessWidth: 4
AccessType: Write
XMM0.scalar: 333.03891 (0x43A684FB)
XMM6.scalar: 333.03891 (0x43A684FB)
DR6: 0x00000000FFFF0FF1
DR7: 0x00000000000D0401
RAX: 0x0000000000000000
RBX: 0x0000019869C77AB0
RCX: 0x0000019869C77AB0
RDX: 0x0000000000000000
RSI: 0x0000000000000000
RDI: 0x0000019869C77AB0
RBP: 0x0000006D39EDFAA0
R8: 0x0000000000000000
R9: 0x000000000000000E
R10: 0x00007FF690A2AA98
R11: 0x0000006D39EDF980
R12: 0x0000000000000000
R13: 0x0000000000500000
R14: 0x0000000000000000
R15: 0x0000000000000000
Fighter correlations:
RCX -> Slot 0 / Gen 1
RDX -> —
[00:24:09] HARDWARE WRITE TRAP
Sequence: 189
TraceSessionId: 639214175255927292
WatchId: 639214175255927293
ThreadId: 11196
TrapRip: 0x00007FF68FAFCC99
NormalizedTrapRip / code context: NativeProbe | DBXV2.exe+0xBCC99 | code[-32,+16]=0085C075580F57D20F2FF27250F30F58B3000100000F2FF2F30F11B300010000720FF30F108304010000F30F5DC60F28
WatchedAddress: 0x0000019869C77BB0
AccessWidth: 4
AccessType: Write
XMM0.scalar: 0 (0x00000000)
XMM6.scalar: 333.03891 (0x43A684FB)
DR6: 0x00000000FFFF0FF1
DR7: 0x00000000000D0401
RAX: 0x0000000000000000
RBX: 0x0000019869C77AB0
RCX: 0x0000019869C77AB0
RDX: 0x0000000000000000
RSI: 0x0000000000000000
RDI: 0x0000019869C77AB0
RBP: 0x0000006D399DFA10
R8: 0x0000000000000000
R9: 0x000000000000000E
R10: 0x00007FF690A2AA98
R11: 0x0000006D399DF8F0
R12: 0x0000000000000000
R13: 0x0000000000500000
R14: 0x0000000000000000
R15: 0x0000000000000000
Fighter correlations:
RCX -> Slot 0 / Gen 1
RDX -> —
[00:24:09] HARDWARE WRITE TRAP
Sequence: 190
TraceSessionId: 639214175255927292
WatchId: 639214175255927293
ThreadId: 11196
TrapRip: 0x00007FF68FAFCCC5
NormalizedTrapRip / code context: NativeProbe | DBXV2.exe+0xBCCC5 | code[-32,+16]=5DC60F28D0F30F108B040100000F28C2F30F588308010000F30F1193000100000F2FC1760CF30F5CCAF30F118B080100
WatchedAddress: 0x0000019869C77BB0
AccessWidth: 4
AccessType: Write
XMM0.scalar: 333.03891 (0x43A684FB)
XMM6.scalar: 333.03891 (0x43A684FB)
DR6: 0x00000000FFFF0FF1
DR7: 0x00000000000D0401
RAX: 0x0000000000000000
RBX: 0x0000019869C77AB0
RCX: 0x0000019869C77AB0
RDX: 0x0000000000000000
RSI: 0x0000000000000000
RDI: 0x0000019869C77AB0
RBP: 0x0000006D399DFA10
R8: 0x0000000000000000
R9: 0x000000000000000E
R10: 0x00007FF690A2AA98
R11: 0x0000006D399DF8F0
R12: 0x0000000000000000
R13: 0x0000000000500000
R14: 0x0000000000000000
R15: 0x0000000000000000
Fighter correlations:
RCX -> Slot 0 / Gen 1
RDX -> —
[00:24:09] HARDWARE WRITE TRAP
Sequence: 191
TraceSessionId: 639214175255927292
WatchId: 639214175255927293
ThreadId: 17612
TrapRip: 0x00007FF68FAFCC99
NormalizedTrapRip / code context: NativeProbe | DBXV2.exe+0xBCC99 | code[-32,+16]=0085C075580F57D20F2FF27250F30F58B3000100000F2FF2F30F11B300010000720FF30F108304010000F30F5DC60F28
WatchedAddress: 0x0000019869C77BB0
AccessWidth: 4
AccessType: Write
XMM0.scalar: 0 (0x00000000)
XMM6.scalar: 333.03891 (0x43A684FB)
DR6: 0x00000000FFFF0FF1
DR7: 0x00000000000D0401
RAX: 0x0000000000000000
RBX: 0x0000019869C77AB0
RCX: 0x0000019869C77AB0
RDX: 0x0000000000000000
RSI: 0x0000000000000000
RDI: 0x0000019869C77AB0
RBP: 0x0000006D39EDFAA0
R8: 0x0000000000000000
R9: 0x000000000000000E
R10: 0x00007FF690A2AA98
R11: 0x0000006D39EDF980
R12: 0x0000000000000000
R13: 0x0000000000500000
R14: 0x0000000000000000
R15: 0x0000000000000000
Fighter correlations:
RCX -> Slot 0 / Gen 1
RDX -> —
[00:24:09] HARDWARE WRITE TRAP
Sequence: 192
TraceSessionId: 639214175255927292
WatchId: 639214175255927293
ThreadId: 17612
TrapRip: 0x00007FF68FAFCCC5
NormalizedTrapRip / code context: NativeProbe | DBXV2.exe+0xBCCC5 | code[-32,+16]=5DC60F28D0F30F108B040100000F28C2F30F588308010000F30F1193000100000F2FC1760CF30F5CCAF30F118B080100
WatchedAddress: 0x0000019869C77BB0
AccessWidth: 4
AccessType: Write
XMM0.scalar: 333.03891 (0x43A684FB)
XMM6.scalar: 333.03891 (0x43A684FB)
DR6: 0x00000000FFFF0FF1
DR7: 0x00000000000D0401
RAX: 0x0000000000000000
RBX: 0x0000019869C77AB0
RCX: 0x0000019869C77AB0
RDX: 0x0000000000000000
RSI: 0x0000000000000000
RDI: 0x0000019869C77AB0
RBP: 0x0000006D39EDFAA0
R8: 0x0000000000000000
R9: 0x000000000000000E
R10: 0x00007FF690A2AA98
R11: 0x0000006D39EDF980
R12: 0x0000000000000000
R13: 0x0000000000500000
R14: 0x0000000000000000
R15: 0x0000000000000000
Fighter correlations:
RCX -> Slot 0 / Gen 1
RDX -> —
[00:24:09] HARDWARE WRITE TRAP
Sequence: 193
TraceSessionId: 639214175255927292
WatchId: 639214175255927293
ThreadId: 23268
TrapRip: 0x00007FF68FAFCC99
NormalizedTrapRip / code context: NativeProbe | DBXV2.exe+0xBCC99 | code[-32,+16]=0085C075580F57D20F2FF27250F30F58B3000100000F2FF2F30F11B300010000720FF30F108304010000F30F5DC60F28
WatchedAddress: 0x0000019869C77BB0
AccessWidth: 4
AccessType: Write
XMM0.scalar: 0 (0x00000000)
XMM6.scalar: 333.03891 (0x43A684FB)
DR6: 0x00000000FFFF0FF1
DR7: 0x00000000000D0401
RAX: 0x0000000000000000
RBX: 0x0000019869C77AB0
RCX: 0x0000019869C77AB0
RDX: 0x0000000000000000
RSI: 0x0000000000000000
RDI: 0x0000019869C77AB0
RBP: 0x0000006D39DDFB50
R8: 0x0000000000000000
R9: 0x000000000000000E
R10: 0x00007FF690A2AA98
R11: 0x0000006D39DDFA30
R12: 0x0000000000000000
R13: 0x0000000000500000
R14: 0x0000000000000000
R15: 0x0000000000000000
Fighter correlations:
RCX -> Slot 0 / Gen 1
RDX -> —
[00:24:09] HARDWARE WRITE TRAP
Sequence: 194
TraceSessionId: 639214175255927292
WatchId: 639214175255927293
ThreadId: 23268
TrapRip: 0x00007FF68FAFCCC5
NormalizedTrapRip / code context: NativeProbe | DBXV2.exe+0xBCCC5 | code[-32,+16]=5DC60F28D0F30F108B040100000F28C2F30F588308010000F30F1193000100000F2FC1760CF30F5CCAF30F118B080100
WatchedAddress: 0x0000019869C77BB0
AccessWidth: 4
AccessType: Write
XMM0.scalar: 333.03891 (0x43A684FB)
XMM6.scalar: 333.03891 (0x43A684FB)
DR6: 0x00000000FFFF0FF1
DR7: 0x00000000000D0401
RAX: 0x0000000000000000
RBX: 0x0000019869C77AB0
RCX: 0x0000019869C77AB0
RDX: 0x0000000000000000
RSI: 0x0000000000000000
RDI: 0x0000019869C77AB0
RBP: 0x0000006D39DDFB50
R8: 0x0000000000000000
R9: 0x000000000000000E
R10: 0x00007FF690A2AA98
R11: 0x0000006D39DDFA30
R12: 0x0000000000000000
R13: 0x0000000000500000
R14: 0x0000000000000000
R15: 0x0000000000000000
Fighter correlations:
RCX -> Slot 0 / Gen 1
RDX -> —
[00:24:09] HARDWARE WRITE TRAP
Sequence: 195
TraceSessionId: 639214175255927292
WatchId: 639214175255927293
ThreadId: 24252
TrapRip: 0x00007FF68FAFCC99
NormalizedTrapRip / code context: NativeProbe | DBXV2.exe+0xBCC99 | code[-32,+16]=0085C075580F57D20F2FF27250F30F58B3000100000F2FF2F30F11B300010000720FF30F108304010000F30F5DC60F28
WatchedAddress: 0x0000019869C77BB0
AccessWidth: 4
AccessType: Write
XMM0.scalar: 0 (0x00000000)
XMM6.scalar: 333.03891 (0x43A684FB)
DR6: 0x00000000FFFF0FF1
DR7: 0x00000000000D0401
RAX: 0x0000000000000000
RBX: 0x0000019869C77AB0
RCX: 0x0000019869C77AB0
RDX: 0x0000000000000000
RSI: 0x0000000000000000
RDI: 0x0000019869C77AB0
RBP: 0x0000006D39FDF6D0
R8: 0x0000000000000000
R9: 0x000000000000000E
R10: 0x00007FF690A2AA98
R11: 0x0000006D39FDF5B0
R12: 0x0000000000000000
R13: 0x0000000000500000
R14: 0x0000000000000000
R15: 0x0000000000000000
Fighter correlations:
RCX -> Slot 0 / Gen 1
RDX -> —
[00:24:09] HARDWARE WRITE TRAP
Sequence: 196
TraceSessionId: 639214175255927292
WatchId: 639214175255927293
ThreadId: 24252
TrapRip: 0x00007FF68FAFCCC5
NormalizedTrapRip / code context: NativeProbe | DBXV2.exe+0xBCCC5 | code[-32,+16]=5DC60F28D0F30F108B040100000F28C2F30F588308010000F30F1193000100000F2FC1760CF30F5CCAF30F118B080100
WatchedAddress: 0x0000019869C77BB0
AccessWidth: 4
AccessType: Write
XMM0.scalar: 333.03891 (0x43A684FB)
XMM6.scalar: 333.03891 (0x43A684FB)
DR6: 0x00000000FFFF0FF1
DR7: 0x00000000000D0401
RAX: 0x0000000000000000
RBX: 0x0000019869C77AB0
RCX: 0x0000019869C77AB0
RDX: 0x0000000000000000
RSI: 0x0000000000000000
RDI: 0x0000019869C77AB0
RBP: 0x0000006D39FDF6D0
R8: 0x0000000000000000
R9: 0x000000000000000E
R10: 0x00007FF690A2AA98
R11: 0x0000006D39FDF5B0
R12: 0x0000000000000000
R13: 0x0000000000500000
R14: 0x0000000000000000
R15: 0x0000000000000000
Fighter correlations:
RCX -> Slot 0 / Gen 1
RDX -> —
[00:24:09] HARDWARE WRITE TRAP
Sequence: 197
TraceSessionId: 639214175255927292
WatchId: 639214175255927293
ThreadId: 24252
TrapRip: 0x00007FF68FAFCC99
NormalizedTrapRip / code context: NativeProbe | DBXV2.exe+0xBCC99 | code[-32,+16]=0085C075580F57D20F2FF27250F30F58B3000100000F2FF2F30F11B300010000720FF30F108304010000F30F5DC60F28
WatchedAddress: 0x0000019869C77BB0
AccessWidth: 4
AccessType: Write
XMM0.scalar: 0 (0x00000000)
XMM6.scalar: 333.03891 (0x43A684FB)
DR6: 0x00000000FFFF0FF1
DR7: 0x00000000000D0401
RAX: 0x0000000000000000
RBX: 0x0000019869C77AB0
RCX: 0x0000019869C77AB0
RDX: 0x0000000000000000
RSI: 0x0000000000000000
RDI: 0x0000019869C77AB0
RBP: 0x0000006D39FDF6D0
R8: 0x0000000000000000
R9: 0x000000000000000E
R10: 0x00007FF690A2AA98
R11: 0x0000006D39FDF5B0
R12: 0x0000000000000000
R13: 0x0000000000500000
R14: 0x0000000000000000
R15: 0x0000000000000000
Fighter correlations:
RCX -> Slot 0 / Gen 1
RDX -> —
[00:24:09] HARDWARE WRITE TRAP
Sequence: 198
TraceSessionId: 639214175255927292
WatchId: 639214175255927293
ThreadId: 24252
TrapRip: 0x00007FF68FAFCCC5
NormalizedTrapRip / code context: NativeProbe | DBXV2.exe+0xBCCC5 | code[-32,+16]=5DC60F28D0F30F108B040100000F28C2F30F588308010000F30F1193000100000F2FC1760CF30F5CCAF30F118B080100
WatchedAddress: 0x0000019869C77BB0
AccessWidth: 4
AccessType: Write
XMM0.scalar: 333.03891 (0x43A684FB)
XMM6.scalar: 333.03891 (0x43A684FB)
DR6: 0x00000000FFFF0FF1
DR7: 0x00000000000D0401
RAX: 0x0000000000000000
RBX: 0x0000019869C77AB0
RCX: 0x0000019869C77AB0
RDX: 0x0000000000000000
RSI: 0x0000000000000000
RDI: 0x0000019869C77AB0
RBP: 0x0000006D39FDF6D0
R8: 0x0000000000000000
R9: 0x000000000000000E
R10: 0x00007FF690A2AA98
R11: 0x0000006D39FDF5B0
R12: 0x0000000000000000
R13: 0x0000000000500000
R14: 0x0000000000000000
R15: 0x0000000000000000
Fighter correlations:
RCX -> Slot 0 / Gen 1
RDX -> —
[00:24:09] HARDWARE WRITE TRAP
Sequence: 199
TraceSessionId: 639214175255927292
WatchId: 639214175255927293
ThreadId: 23268
TrapRip: 0x00007FF68FAFCC99
NormalizedTrapRip / code context: NativeProbe | DBXV2.exe+0xBCC99 | code[-32,+16]=0085C075580F57D20F2FF27250F30F58B3000100000F2FF2F30F11B300010000720FF30F108304010000F30F5DC60F28
WatchedAddress: 0x0000019869C77BB0
AccessWidth: 4
AccessType: Write
XMM0.scalar: 0 (0x00000000)
XMM6.scalar: 333.03891 (0x43A684FB)
DR6: 0x00000000FFFF0FF1
DR7: 0x00000000000D0401
RAX: 0x0000000000000000
RBX: 0x0000019869C77AB0
RCX: 0x0000019869C77AB0
RDX: 0x0000000000000000
RSI: 0x0000000000000000
RDI: 0x0000019869C77AB0
RBP: 0x0000006D39DDFB50
R8: 0x0000000000000000
R9: 0x000000000000000E
R10: 0x00007FF690A2AA98
R11: 0x0000006D39DDFA30
R12: 0x0000000000000000
R13: 0x0000000000500000
R14: 0x0000000000000000
R15: 0x0000000000000000
Fighter correlations:
RCX -> Slot 0 / Gen 1
RDX -> —
[00:24:09] HARDWARE WRITE TRAP
Sequence: 200
TraceSessionId: 639214175255927292
WatchId: 639214175255927293
ThreadId: 23268
TrapRip: 0x00007FF68FAFCCC5
NormalizedTrapRip / code context: NativeProbe | DBXV2.exe+0xBCCC5 | code[-32,+16]=5DC60F28D0F30F108B040100000F28C2F30F588308010000F30F1193000100000F2FC1760CF30F5CCAF30F118B080100
WatchedAddress: 0x0000019869C77BB0
AccessWidth: 4
AccessType: Write
XMM0.scalar: 333.03891 (0x43A684FB)
XMM6.scalar: 333.03891 (0x43A684FB)
DR6: 0x00000000FFFF0FF1
DR7: 0x00000000000D0401
RAX: 0x0000000000000000
RBX: 0x0000019869C77AB0
RCX: 0x0000019869C77AB0
RDX: 0x0000000000000000
RSI: 0x0000000000000000
RDI: 0x0000019869C77AB0
RBP: 0x0000006D39DDFB50
R8: 0x0000000000000000
R9: 0x000000000000000E
R10: 0x00007FF690A2AA98
R11: 0x0000006D39DDFA30
R12: 0x0000000000000000
R13: 0x0000000000500000
R14: 0x0000000000000000
R15: 0x0000000000000000
Fighter correlations:
RCX -> Slot 0 / Gen 1
RDX -> —
[00:24:09] HARDWARE WRITE TRAP
Sequence: 201
TraceSessionId: 639214175255927292
WatchId: 639214175255927293
ThreadId: 23268
TrapRip: 0x00007FF68FAFCC99
NormalizedTrapRip / code context: NativeProbe | DBXV2.exe+0xBCC99 | code[-32,+16]=0085C075580F57D20F2FF27250F30F58B3000100000F2FF2F30F11B300010000720FF30F108304010000F30F5DC60F28
WatchedAddress: 0x0000019869C77BB0
AccessWidth: 4
AccessType: Write
XMM0.scalar: 0 (0x00000000)
XMM6.scalar: 333.03891 (0x43A684FB)
DR6: 0x00000000FFFF0FF1
DR7: 0x00000000000D0401
RAX: 0x0000000000000000
RBX: 0x0000019869C77AB0
RCX: 0x0000019869C77AB0
RDX: 0x0000000000000000
RSI: 0x0000000000000000
RDI: 0x0000019869C77AB0
RBP: 0x0000006D39DDFB50
R8: 0x0000000000000000
R9: 0x000000000000000E
R10: 0x00007FF690A2AA98
R11: 0x0000006D39DDFA30
R12: 0x0000000000000000
R13: 0x0000000000500000
R14: 0x0000000000000000
R15: 0x0000000000000000
Fighter correlations:
RCX -> Slot 0 / Gen 1
RDX -> —
[00:24:09] HARDWARE WRITE TRAP
Sequence: 202
TraceSessionId: 639214175255927292
WatchId: 639214175255927293
ThreadId: 23268
TrapRip: 0x00007FF68FAFCCC5
NormalizedTrapRip / code context: NativeProbe | DBXV2.exe+0xBCCC5 | code[-32,+16]=5DC60F28D0F30F108B040100000F28C2F30F588308010000F30F1193000100000F2FC1760CF30F5CCAF30F118B080100
WatchedAddress: 0x0000019869C77BB0
AccessWidth: 4
AccessType: Write
XMM0.scalar: 333.03891 (0x43A684FB)
XMM6.scalar: 333.03891 (0x43A684FB)
DR6: 0x00000000FFFF0FF1
DR7: 0x00000000000D0401
RAX: 0x0000000000000000
RBX: 0x0000019869C77AB0
RCX: 0x0000019869C77AB0
RDX: 0x0000000000000000
RSI: 0x0000000000000000
RDI: 0x0000019869C77AB0
RBP: 0x0000006D39DDFB50
R8: 0x0000000000000000
R9: 0x000000000000000E
R10: 0x00007FF690A2AA98
R11: 0x0000006D39DDFA30
R12: 0x0000000000000000
R13: 0x0000000000500000
R14: 0x0000000000000000
R15: 0x0000000000000000
Fighter correlations:
RCX -> Slot 0 / Gen 1
RDX -> —
[00:24:09] HARDWARE WRITE TRAP
Sequence: 203
TraceSessionId: 639214175255927292
WatchId: 639214175255927293
ThreadId: 11196
TrapRip: 0x00007FF68FAFCC99
NormalizedTrapRip / code context: NativeProbe | DBXV2.exe+0xBCC99 | code[-32,+16]=0085C075580F57D20F2FF27250F30F58B3000100000F2FF2F30F11B300010000720FF30F108304010000F30F5DC60F28
WatchedAddress: 0x0000019869C77BB0
AccessWidth: 4
AccessType: Write
XMM0.scalar: 0 (0x00000000)
XMM6.scalar: 333.03891 (0x43A684FB)
DR6: 0x00000000FFFF0FF1
DR7: 0x00000000000D0401
RAX: 0x0000000000000000
RBX: 0x0000019869C77AB0
RCX: 0x0000019869C77AB0
RDX: 0x0000000000000000
RSI: 0x0000000000000000
RDI: 0x0000019869C77AB0
RBP: 0x0000006D399DFA10
R8: 0x0000000000000000
R9: 0x000000000000000E
R10: 0x00007FF690A2AA98
R11: 0x0000006D399DF8F0
R12: 0x0000000000000000
R13: 0x0000000000500000
R14: 0x0000000000000000
R15: 0x0000000000000000
Fighter correlations:
RCX -> Slot 0 / Gen 1
RDX -> —
[00:24:09] HARDWARE WRITE TRAP
Sequence: 204
TraceSessionId: 639214175255927292
WatchId: 639214175255927293
ThreadId: 11196
TrapRip: 0x00007FF68FAFCCC5
NormalizedTrapRip / code context: NativeProbe | DBXV2.exe+0xBCCC5 | code[-32,+16]=5DC60F28D0F30F108B040100000F28C2F30F588308010000F30F1193000100000F2FC1760CF30F5CCAF30F118B080100
WatchedAddress: 0x0000019869C77BB0
AccessWidth: 4
AccessType: Write
XMM0.scalar: 333.03891 (0x43A684FB)
XMM6.scalar: 333.03891 (0x43A684FB)
DR6: 0x00000000FFFF0FF1
DR7: 0x00000000000D0401
RAX: 0x0000000000000000
RBX: 0x0000019869C77AB0
RCX: 0x0000019869C77AB0
RDX: 0x0000000000000000
RSI: 0x0000000000000000
RDI: 0x0000019869C77AB0
RBP: 0x0000006D399DFA10
R8: 0x0000000000000000
R9: 0x000000000000000E
R10: 0x00007FF690A2AA98
R11: 0x0000006D399DF8F0
R12: 0x0000000000000000
R13: 0x0000000000500000
R14: 0x0000000000000000
R15: 0x0000000000000000
Fighter correlations:
RCX -> Slot 0 / Gen 1
RDX -> —
[00:24:09] HARDWARE WRITE TRAP
Sequence: 205
TraceSessionId: 639214175255927292
WatchId: 639214175255927293
ThreadId: 11196
TrapRip: 0x00007FF68FAFCC99
NormalizedTrapRip / code context: NativeProbe | DBXV2.exe+0xBCC99 | code[-32,+16]=0085C075580F57D20F2FF27250F30F58B3000100000F2FF2F30F11B300010000720FF30F108304010000F30F5DC60F28
WatchedAddress: 0x0000019869C77BB0
AccessWidth: 4
AccessType: Write
XMM0.scalar: 0 (0x00000000)
XMM6.scalar: 333.03891 (0x43A684FB)
DR6: 0x00000000FFFF0FF1
DR7: 0x00000000000D0401
RAX: 0x0000000000000000
RBX: 0x0000019869C77AB0
RCX: 0x0000019869C77AB0
RDX: 0x0000000000000000
RSI: 0x0000000000000000
RDI: 0x0000019869C77AB0
RBP: 0x0000006D399DFA10
R8: 0x0000000000000000
R9: 0x000000000000000E
R10: 0x00007FF690A2AA98
R11: 0x0000006D399DF8F0
R12: 0x0000000000000000
R13: 0x0000000000500000
R14: 0x0000000000000000
R15: 0x0000000000000000
Fighter correlations:
RCX -> Slot 0 / Gen 1
RDX -> —
[00:24:09] HARDWARE WRITE TRAP
Sequence: 206
TraceSessionId: 639214175255927292
WatchId: 639214175255927293
ThreadId: 11196
TrapRip: 0x00007FF68FAFCCC5
NormalizedTrapRip / code context: NativeProbe | DBXV2.exe+0xBCCC5 | code[-32,+16]=5DC60F28D0F30F108B040100000F28C2F30F588308010000F30F1193000100000F2FC1760CF30F5CCAF30F118B080100
WatchedAddress: 0x0000019869C77BB0
AccessWidth: 4
AccessType: Write
XMM0.scalar: 333.03891 (0x43A684FB)
XMM6.scalar: 333.03891 (0x43A684FB)
DR6: 0x00000000FFFF0FF1
DR7: 0x00000000000D0401
RAX: 0x0000000000000000
RBX: 0x0000019869C77AB0
RCX: 0x0000019869C77AB0
RDX: 0x0000000000000000
RSI: 0x0000000000000000
RDI: 0x0000019869C77AB0
RBP: 0x0000006D399DFA10
R8: 0x0000000000000000
R9: 0x000000000000000E
R10: 0x00007FF690A2AA98
R11: 0x0000006D399DF8F0
R12: 0x0000000000000000
R13: 0x0000000000500000
R14: 0x0000000000000000
R15: 0x0000000000000000
Fighter correlations:
RCX -> Slot 0 / Gen 1
RDX -> —
[00:24:09] HARDWARE WRITE TRAP
Sequence: 207
TraceSessionId: 639214175255927292
WatchId: 639214175255927293
ThreadId: 11196
TrapRip: 0x00007FF68FAFCC99
NormalizedTrapRip / code context: NativeProbe | DBXV2.exe+0xBCC99 | code[-32,+16]=0085C075580F57D20F2FF27250F30F58B3000100000F2FF2F30F11B300010000720FF30F108304010000F30F5DC60F28
WatchedAddress: 0x0000019869C77BB0
AccessWidth: 4
AccessType: Write
XMM0.scalar: 0 (0x00000000)
XMM6.scalar: 333.03891 (0x43A684FB)
DR6: 0x00000000FFFF0FF1
DR7: 0x00000000000D0401
RAX: 0x0000000000000000
RBX: 0x0000019869C77AB0
RCX: 0x0000019869C77AB0
RDX: 0x0000000000000000
RSI: 0x0000000000000000
RDI: 0x0000019869C77AB0
RBP: 0x0000006D399DFA10
R8: 0x0000000000000000
R9: 0x000000000000000E
R10: 0x00007FF690A2AA98
R11: 0x0000006D399DF8F0
R12: 0x0000000000000000
R13: 0x0000000000500000
R14: 0x0000000000000000
R15: 0x0000000000000000
Fighter correlations:
RCX -> Slot 0 / Gen 1
RDX -> —
[00:24:09] HARDWARE WRITE TRAP
Sequence: 208
TraceSessionId: 639214175255927292
WatchId: 639214175255927293
ThreadId: 11196
TrapRip: 0x00007FF68FAFCCC5
NormalizedTrapRip / code context: NativeProbe | DBXV2.exe+0xBCCC5 | code[-32,+16]=5DC60F28D0F30F108B040100000F28C2F30F588308010000F30F1193000100000F2FC1760CF30F5CCAF30F118B080100
WatchedAddress: 0x0000019869C77BB0
AccessWidth: 4
AccessType: Write
XMM0.scalar: 333.03891 (0x43A684FB)
XMM6.scalar: 333.03891 (0x43A684FB)
DR6: 0x00000000FFFF0FF1
DR7: 0x00000000000D0401
RAX: 0x0000000000000000
RBX: 0x0000019869C77AB0
RCX: 0x0000019869C77AB0
RDX: 0x0000000000000000
RSI: 0x0000000000000000
RDI: 0x0000019869C77AB0
RBP: 0x0000006D399DFA10
R8: 0x0000000000000000
R9: 0x000000000000000E
R10: 0x00007FF690A2AA98
R11: 0x0000006D399DF8F0
R12: 0x0000000000000000
R13: 0x0000000000500000
R14: 0x0000000000000000
R15: 0x0000000000000000
Fighter correlations:
RCX -> Slot 0 / Gen 1
RDX -> —
[00:24:09] HARDWARE WRITE TRAP
Sequence: 209
TraceSessionId: 639214175255927292
WatchId: 639214175255927293
ThreadId: 18620
TrapRip: 0x00007FF68FAFCC99
NormalizedTrapRip / code context: NativeProbe | DBXV2.exe+0xBCC99 | code[-32,+16]=0085C075580F57D20F2FF27250F30F58B3000100000F2FF2F30F11B300010000720FF30F108304010000F30F5DC60F28
WatchedAddress: 0x0000019869C77BB0
AccessWidth: 4
AccessType: Write
XMM0.scalar: 0 (0x00000000)
XMM6.scalar: 333.03891 (0x43A684FB)
DR6: 0x00000000FFFF0FF1
DR7: 0x00000000000D0401
RAX: 0x0000000000000000
RBX: 0x0000019869C77AB0
RCX: 0x0000019869C77AB0
RDX: 0x0000000000000000
RSI: 0x0000000000000000
RDI: 0x0000019869C77AB0
RBP: 0x0000006D39CDF600
R8: 0x0000000000000000
R9: 0x000000000000000E
R10: 0x00007FF690A2AA98
R11: 0x0000006D39CDF4E0
R12: 0x0000000000000000
R13: 0x0000000000500000
R14: 0x0000000000000000
R15: 0x0000000000000000
Fighter correlations:
RCX -> Slot 0 / Gen 1
RDX -> —
[00:24:09] HARDWARE WRITE TRAP
Sequence: 210
TraceSessionId: 639214175255927292
WatchId: 639214175255927293
ThreadId: 18620
TrapRip: 0x00007FF68FAFCCC5
NormalizedTrapRip / code context: NativeProbe | DBXV2.exe+0xBCCC5 | code[-32,+16]=5DC60F28D0F30F108B040100000F28C2F30F588308010000F30F1193000100000F2FC1760CF30F5CCAF30F118B080100
WatchedAddress: 0x0000019869C77BB0
AccessWidth: 4
AccessType: Write
XMM0.scalar: 333.03891 (0x43A684FB)
XMM6.scalar: 333.03891 (0x43A684FB)
DR6: 0x00000000FFFF0FF1
DR7: 0x00000000000D0401
RAX: 0x0000000000000000
RBX: 0x0000019869C77AB0
RCX: 0x0000019869C77AB0
RDX: 0x0000000000000000
RSI: 0x0000000000000000
RDI: 0x0000019869C77AB0
RBP: 0x0000006D39CDF600
R8: 0x0000000000000000
R9: 0x000000000000000E
R10: 0x00007FF690A2AA98
R11: 0x0000006D39CDF4E0
R12: 0x0000000000000000
R13: 0x0000000000500000
R14: 0x0000000000000000
R15: 0x0000000000000000
Fighter correlations:
RCX -> Slot 0 / Gen 1
RDX -> —
[00:24:09] HARDWARE WRITE TRAP
Sequence: 211
TraceSessionId: 639214175255927292
WatchId: 639214175255927293
ThreadId: 16992
TrapRip: 0x00007FF68FAFCC99
NormalizedTrapRip / code context: NativeProbe | DBXV2.exe+0xBCC99 | code[-32,+16]=0085C075580F57D20F2FF27250F30F58B3000100000F2FF2F30F11B300010000720FF30F108304010000F30F5DC60F28
WatchedAddress: 0x0000019869C77BB0
AccessWidth: 4
AccessType: Write
XMM0.scalar: 0 (0x00000000)
XMM6.scalar: 333.03891 (0x43A684FB)
DR6: 0x00000000FFFF0FF1
DR7: 0x00000000000D0401
RAX: 0x0000000000000000
RBX: 0x0000019869C77AB0
RCX: 0x0000019869C77AB0
RDX: 0x0000000000000000
RSI: 0x0000000000000000
RDI: 0x0000019869C77AB0
RBP: 0x0000006D398DFA20
R8: 0x0000000000000000
R9: 0x000000000000000E
R10: 0x00007FF690A2AA98
R11: 0x0000006D398DF900
R12: 0x0000000000000000
R13: 0x0000000000500000
R14: 0x0000000000000000
R15: 0x0000000000000000
Fighter correlations:
RCX -> Slot 0 / Gen 1
RDX -> —
[00:24:09] HARDWARE WRITE TRAP
Sequence: 212
TraceSessionId: 639214175255927292
WatchId: 639214175255927293
ThreadId: 16992
TrapRip: 0x00007FF68FAFCCC5
NormalizedTrapRip / code context: NativeProbe | DBXV2.exe+0xBCCC5 | code[-32,+16]=5DC60F28D0F30F108B040100000F28C2F30F588308010000F30F1193000100000F2FC1760CF30F5CCAF30F118B080100
WatchedAddress: 0x0000019869C77BB0
AccessWidth: 4
AccessType: Write
XMM0.scalar: 333.03891 (0x43A684FB)
XMM6.scalar: 333.03891 (0x43A684FB)
DR6: 0x00000000FFFF0FF1
DR7: 0x00000000000D0401
RAX: 0x0000000000000000
RBX: 0x0000019869C77AB0
RCX: 0x0000019869C77AB0
RDX: 0x0000000000000000
RSI: 0x0000000000000000
RDI: 0x0000019869C77AB0
RBP: 0x0000006D398DFA20
R8: 0x0000000000000000
R9: 0x000000000000000E
R10: 0x00007FF690A2AA98
R11: 0x0000006D398DF900
R12: 0x0000000000000000
R13: 0x0000000000500000
R14: 0x0000000000000000
R15: 0x0000000000000000
Fighter correlations:
RCX -> Slot 0 / Gen 1
RDX -> —
[00:24:09] HARDWARE WRITE TRAP
Sequence: 213
TraceSessionId: 639214175255927292
WatchId: 639214175255927293
ThreadId: 24252
TrapRip: 0x00007FF68FAFCC99
NormalizedTrapRip / code context: NativeProbe | DBXV2.exe+0xBCC99 | code[-32,+16]=0085C075580F57D20F2FF27250F30F58B3000100000F2FF2F30F11B300010000720FF30F108304010000F30F5DC60F28
WatchedAddress: 0x0000019869C77BB0
AccessWidth: 4
AccessType: Write
XMM0.scalar: 0 (0x00000000)
XMM6.scalar: 333.03891 (0x43A684FB)
DR6: 0x00000000FFFF0FF1
DR7: 0x00000000000D0401
RAX: 0x0000000000000000
RBX: 0x0000019869C77AB0
RCX: 0x0000019869C77AB0
RDX: 0x0000000000000000
RSI: 0x0000000000000000
RDI: 0x0000019869C77AB0
RBP: 0x0000006D39FDF6D0
R8: 0x0000000000000000
R9: 0x000000000000000E
R10: 0x00007FF690A2AA98
R11: 0x0000006D39FDF5B0
R12: 0x0000000000000000
R13: 0x0000000000500000
R14: 0x0000000000000000
R15: 0x0000000000000000
Fighter correlations:
RCX -> Slot 0 / Gen 1
RDX -> —
[00:24:09] HARDWARE WRITE TRAP
Sequence: 214
TraceSessionId: 639214175255927292
WatchId: 639214175255927293
ThreadId: 24252
TrapRip: 0x00007FF68FAFCCC5
NormalizedTrapRip / code context: NativeProbe | DBXV2.exe+0xBCCC5 | code[-32,+16]=5DC60F28D0F30F108B040100000F28C2F30F588308010000F30F1193000100000F2FC1760CF30F5CCAF30F118B080100
WatchedAddress: 0x0000019869C77BB0
AccessWidth: 4
AccessType: Write
XMM0.scalar: 333.03891 (0x43A684FB)
XMM6.scalar: 333.03891 (0x43A684FB)
DR6: 0x00000000FFFF0FF1
DR7: 0x00000000000D0401
RAX: 0x0000000000000000
RBX: 0x0000019869C77AB0
RCX: 0x0000019869C77AB0
RDX: 0x0000000000000000
RSI: 0x0000000000000000
RDI: 0x0000019869C77AB0
RBP: 0x0000006D39FDF6D0
R8: 0x0000000000000000
R9: 0x000000000000000E
R10: 0x00007FF690A2AA98
R11: 0x0000006D39FDF5B0
R12: 0x0000000000000000
R13: 0x0000000000500000
R14: 0x0000000000000000
R15: 0x0000000000000000
Fighter correlations:
RCX -> Slot 0 / Gen 1
RDX -> —
[00:24:09] HARDWARE WRITE TRAP
Sequence: 215
TraceSessionId: 639214175255927292
WatchId: 639214175255927293
ThreadId: 23268
TrapRip: 0x00007FF68FAFCC99
NormalizedTrapRip / code context: NativeProbe | DBXV2.exe+0xBCC99 | code[-32,+16]=0085C075580F57D20F2FF27250F30F58B3000100000F2FF2F30F11B300010000720FF30F108304010000F30F5DC60F28
WatchedAddress: 0x0000019869C77BB0
AccessWidth: 4
AccessType: Write
XMM0.scalar: 0 (0x00000000)
XMM6.scalar: 333.03891 (0x43A684FB)
DR6: 0x00000000FFFF0FF1
DR7: 0x00000000000D0401
RAX: 0x0000000000000000
RBX: 0x0000019869C77AB0
RCX: 0x0000019869C77AB0
RDX: 0x0000000000000000
RSI: 0x0000000000000000
RDI: 0x0000019869C77AB0
RBP: 0x0000006D39DDFB50
R8: 0x0000000000000000
R9: 0x000000000000000E
R10: 0x00007FF690A2AA98
R11: 0x0000006D39DDFA30
R12: 0x0000000000000000
R13: 0x0000000000500000
R14: 0x0000000000000000
R15: 0x0000000000000000
Fighter correlations:
RCX -> Slot 0 / Gen 1
RDX -> —
[00:24:09] HARDWARE WRITE TRAP
Sequence: 216
TraceSessionId: 639214175255927292
WatchId: 639214175255927293
ThreadId: 23268
TrapRip: 0x00007FF68FAFCCC5
NormalizedTrapRip / code context: NativeProbe | DBXV2.exe+0xBCCC5 | code[-32,+16]=5DC60F28D0F30F108B040100000F28C2F30F588308010000F30F1193000100000F2FC1760CF30F5CCAF30F118B080100
WatchedAddress: 0x0000019869C77BB0
AccessWidth: 4
AccessType: Write
XMM0.scalar: 333.03891 (0x43A684FB)
XMM6.scalar: 333.03891 (0x43A684FB)
DR6: 0x00000000FFFF0FF1
DR7: 0x00000000000D0401
RAX: 0x0000000000000000
RBX: 0x0000019869C77AB0
RCX: 0x0000019869C77AB0
RDX: 0x0000000000000000
RSI: 0x0000000000000000
RDI: 0x0000019869C77AB0
RBP: 0x0000006D39DDFB50
R8: 0x0000000000000000
R9: 0x000000000000000E
R10: 0x00007FF690A2AA98
R11: 0x0000006D39DDFA30
R12: 0x0000000000000000
R13: 0x0000000000500000
R14: 0x0000000000000000
R15: 0x0000000000000000
Fighter correlations:
RCX -> Slot 0 / Gen 1
RDX -> —
[00:24:09] HARDWARE WRITE TRAP
Sequence: 217
TraceSessionId: 639214175255927292
WatchId: 639214175255927293
ThreadId: 18620
TrapRip: 0x00007FF68FAFCC99
NormalizedTrapRip / code context: NativeProbe | DBXV2.exe+0xBCC99 | code[-32,+16]=0085C075580F57D20F2FF27250F30F58B3000100000F2FF2F30F11B300010000720FF30F108304010000F30F5DC60F28
WatchedAddress: 0x0000019869C77BB0
AccessWidth: 4
AccessType: Write
XMM0.scalar: 0 (0x00000000)
XMM6.scalar: 333.03891 (0x43A684FB)
DR6: 0x00000000FFFF0FF1
DR7: 0x00000000000D0401
RAX: 0x0000000000000000
RBX: 0x0000019869C77AB0
RCX: 0x0000019869C77AB0
RDX: 0x0000000000000000
RSI: 0x0000000000000000
RDI: 0x0000019869C77AB0
RBP: 0x0000006D39CDF600
R8: 0x0000000000000000
R9: 0x000000000000000E
R10: 0x00007FF690A2AA98
R11: 0x0000006D39CDF4E0
R12: 0x0000000000000000
R13: 0x0000000000500000
R14: 0x0000000000000000
R15: 0x0000000000000000
Fighter correlations:
RCX -> Slot 0 / Gen 1
RDX -> —
[00:24:09] HARDWARE WRITE TRAP
Sequence: 218
TraceSessionId: 639214175255927292
WatchId: 639214175255927293
ThreadId: 18620
TrapRip: 0x00007FF68FAFCCC5
NormalizedTrapRip / code context: NativeProbe | DBXV2.exe+0xBCCC5 | code[-32,+16]=5DC60F28D0F30F108B040100000F28C2F30F588308010000F30F1193000100000F2FC1760CF30F5CCAF30F118B080100
WatchedAddress: 0x0000019869C77BB0
AccessWidth: 4
AccessType: Write
XMM0.scalar: 333.03891 (0x43A684FB)
XMM6.scalar: 333.03891 (0x43A684FB)
DR6: 0x00000000FFFF0FF1
DR7: 0x00000000000D0401
RAX: 0x0000000000000000
RBX: 0x0000019869C77AB0
RCX: 0x0000019869C77AB0
RDX: 0x0000000000000000
RSI: 0x0000000000000000
RDI: 0x0000019869C77AB0
RBP: 0x0000006D39CDF600
R8: 0x0000000000000000
R9: 0x000000000000000E
R10: 0x00007FF690A2AA98
R11: 0x0000006D39CDF4E0
R12: 0x0000000000000000
R13: 0x0000000000500000
R14: 0x0000000000000000
R15: 0x0000000000000000
Fighter correlations:
RCX -> Slot 0 / Gen 1
RDX -> —
[00:24:09] HARDWARE WRITE TRAP
Sequence: 219
TraceSessionId: 639214175255927292
WatchId: 639214175255927293
ThreadId: 17612
TrapRip: 0x00007FF68FAFCC99
NormalizedTrapRip / code context: NativeProbe | DBXV2.exe+0xBCC99 | code[-32,+16]=0085C075580F57D20F2FF27250F30F58B3000100000F2FF2F30F11B300010000720FF30F108304010000F30F5DC60F28
WatchedAddress: 0x0000019869C77BB0
AccessWidth: 4
AccessType: Write
XMM0.scalar: 0 (0x00000000)
XMM6.scalar: 333.03891 (0x43A684FB)
DR6: 0x00000000FFFF0FF1
DR7: 0x00000000000D0401
RAX: 0x0000000000000000
RBX: 0x0000019869C77AB0
RCX: 0x0000019869C77AB0
RDX: 0x0000000000000000
RSI: 0x0000000000000000
RDI: 0x0000019869C77AB0
RBP: 0x0000006D39EDFAA0
R8: 0x0000000000000000
R9: 0x000000000000000E
R10: 0x00007FF690A2AA98
R11: 0x0000006D39EDF980
R12: 0x0000000000000000
R13: 0x0000000000500000
R14: 0x0000000000000000
R15: 0x0000000000000000
Fighter correlations:
RCX -> Slot 0 / Gen 1
RDX -> —
[00:24:09] HARDWARE WRITE TRAP
Sequence: 220
TraceSessionId: 639214175255927292
WatchId: 639214175255927293
ThreadId: 17612
TrapRip: 0x00007FF68FAFCCC5
NormalizedTrapRip / code context: NativeProbe | DBXV2.exe+0xBCCC5 | code[-32,+16]=5DC60F28D0F30F108B040100000F28C2F30F588308010000F30F1193000100000F2FC1760CF30F5CCAF30F118B080100
WatchedAddress: 0x0000019869C77BB0
AccessWidth: 4
AccessType: Write
XMM0.scalar: 333.03891 (0x43A684FB)
XMM6.scalar: 333.03891 (0x43A684FB)
DR6: 0x00000000FFFF0FF1
DR7: 0x00000000000D0401
RAX: 0x0000000000000000
RBX: 0x0000019869C77AB0
RCX: 0x0000019869C77AB0
RDX: 0x0000000000000000
RSI: 0x0000000000000000
RDI: 0x0000019869C77AB0
RBP: 0x0000006D39EDFAA0
R8: 0x0000000000000000
R9: 0x000000000000000E
R10: 0x00007FF690A2AA98
R11: 0x0000006D39EDF980
R12: 0x0000000000000000
R13: 0x0000000000500000
R14: 0x0000000000000000
R15: 0x0000000000000000
Fighter correlations:
RCX -> Slot 0 / Gen 1
RDX -> —
[00:24:09] HARDWARE WRITE TRAP
Sequence: 221
TraceSessionId: 639214175255927292
WatchId: 639214175255927293
ThreadId: 17612
TrapRip: 0x00007FF68FAFCC99
NormalizedTrapRip / code context: NativeProbe | DBXV2.exe+0xBCC99 | code[-32,+16]=0085C075580F57D20F2FF27250F30F58B3000100000F2FF2F30F11B300010000720FF30F108304010000F30F5DC60F28
WatchedAddress: 0x0000019869C77BB0
AccessWidth: 4
AccessType: Write
XMM0.scalar: 0 (0x00000000)
XMM6.scalar: 333.03891 (0x43A684FB)
DR6: 0x00000000FFFF0FF1
DR7: 0x00000000000D0401
RAX: 0x0000000000000000
RBX: 0x0000019869C77AB0
RCX: 0x0000019869C77AB0
RDX: 0x0000000000000000
RSI: 0x0000000000000000
RDI: 0x0000019869C77AB0
RBP: 0x0000006D39EDFAA0
R8: 0x0000000000000000
R9: 0x000000000000000E
R10: 0x00007FF690A2AA98
R11: 0x0000006D39EDF980
R12: 0x0000000000000000
R13: 0x0000000000500000
R14: 0x0000000000000000
R15: 0x0000000000000000
Fighter correlations:
RCX -> Slot 0 / Gen 1
RDX -> —
[00:24:09] HARDWARE WRITE TRAP
Sequence: 222
TraceSessionId: 639214175255927292
WatchId: 639214175255927293
ThreadId: 17612
TrapRip: 0x00007FF68FAFCCC5
NormalizedTrapRip / code context: NativeProbe | DBXV2.exe+0xBCCC5 | code[-32,+16]=5DC60F28D0F30F108B040100000F28C2F30F588308010000F30F1193000100000F2FC1760CF30F5CCAF30F118B080100
WatchedAddress: 0x0000019869C77BB0
AccessWidth: 4
AccessType: Write
XMM0.scalar: 333.03891 (0x43A684FB)
XMM6.scalar: 333.03891 (0x43A684FB)
DR6: 0x00000000FFFF0FF1
DR7: 0x00000000000D0401
RAX: 0x0000000000000000
RBX: 0x0000019869C77AB0
RCX: 0x0000019869C77AB0
RDX: 0x0000000000000000
RSI: 0x0000000000000000
RDI: 0x0000019869C77AB0
RBP: 0x0000006D39EDFAA0
R8: 0x0000000000000000
R9: 0x000000000000000E
R10: 0x00007FF690A2AA98
R11: 0x0000006D39EDF980
R12: 0x0000000000000000
R13: 0x0000000000500000
R14: 0x0000000000000000
R15: 0x0000000000000000
Fighter correlations:
RCX -> Slot 0 / Gen 1
RDX -> —
[00:24:09] HARDWARE WRITE TRAP
Sequence: 223
TraceSessionId: 639214175255927292
WatchId: 639214175255927293
ThreadId: 17612
TrapRip: 0x00007FF68FAFCC99
NormalizedTrapRip / code context: NativeProbe | DBXV2.exe+0xBCC99 | code[-32,+16]=0085C075580F57D20F2FF27250F30F58B3000100000F2FF2F30F11B300010000720FF30F108304010000F30F5DC60F28
WatchedAddress: 0x0000019869C77BB0
AccessWidth: 4
AccessType: Write
XMM0.scalar: 0 (0x00000000)
XMM6.scalar: 333.03891 (0x43A684FB)
DR6: 0x00000000FFFF0FF1
DR7: 0x00000000000D0401
RAX: 0x0000000000000000
RBX: 0x0000019869C77AB0
RCX: 0x0000019869C77AB0
RDX: 0x0000000000000000
RSI: 0x0000000000000000
RDI: 0x0000019869C77AB0
RBP: 0x0000006D39EDFAA0
R8: 0x0000000000000000
R9: 0x000000000000000E
R10: 0x00007FF690A2AA98
R11: 0x0000006D39EDF980
R12: 0x0000000000000000
R13: 0x0000000000500000
R14: 0x0000000000000000
R15: 0x0000000000000000
Fighter correlations:
RCX -> Slot 0 / Gen 1
RDX -> —
[00:24:09] HARDWARE WRITE TRAP
Sequence: 224
TraceSessionId: 639214175255927292
WatchId: 639214175255927293
ThreadId: 17612
TrapRip: 0x00007FF68FAFCCC5
NormalizedTrapRip / code context: NativeProbe | DBXV2.exe+0xBCCC5 | code[-32,+16]=5DC60F28D0F30F108B040100000F28C2F30F588308010000F30F1193000100000F2FC1760CF30F5CCAF30F118B080100
WatchedAddress: 0x0000019869C77BB0
AccessWidth: 4
AccessType: Write
XMM0.scalar: 333.03891 (0x43A684FB)
XMM6.scalar: 333.03891 (0x43A684FB)
DR6: 0x00000000FFFF0FF1
DR7: 0x00000000000D0401
RAX: 0x0000000000000000
RBX: 0x0000019869C77AB0
RCX: 0x0000019869C77AB0
RDX: 0x0000000000000000
RSI: 0x0000000000000000
RDI: 0x0000019869C77AB0
RBP: 0x0000006D39EDFAA0
R8: 0x0000000000000000
R9: 0x000000000000000E
R10: 0x00007FF690A2AA98
R11: 0x0000006D39EDF980
R12: 0x0000000000000000
R13: 0x0000000000500000
R14: 0x0000000000000000
R15: 0x0000000000000000
Fighter correlations:
RCX -> Slot 0 / Gen 1
RDX -> —
[00:24:09] HARDWARE WRITE TRAP
Sequence: 225
TraceSessionId: 639214175255927292
WatchId: 639214175255927293
ThreadId: 18620
TrapRip: 0x00007FF68FAFCC99
NormalizedTrapRip / code context: NativeProbe | DBXV2.exe+0xBCC99 | code[-32,+16]=0085C075580F57D20F2FF27250F30F58B3000100000F2FF2F30F11B300010000720FF30F108304010000F30F5DC60F28
WatchedAddress: 0x0000019869C77BB0
AccessWidth: 4
AccessType: Write
XMM0.scalar: 0 (0x00000000)
XMM6.scalar: 333.03891 (0x43A684FB)
DR6: 0x00000000FFFF0FF1
DR7: 0x00000000000D0401
RAX: 0x0000000000000000
RBX: 0x0000019869C77AB0
RCX: 0x0000019869C77AB0
RDX: 0x0000000000000000
RSI: 0x0000000000000000
RDI: 0x0000019869C77AB0
RBP: 0x0000006D39CDF600
R8: 0x0000000000000000
R9: 0x000000000000000E
R10: 0x00007FF690A2AA98
R11: 0x0000006D39CDF4E0
R12: 0x0000000000000000
R13: 0x0000000000500000
R14: 0x0000000000000000
R15: 0x0000000000000000
Fighter correlations:
RCX -> Slot 0 / Gen 1
RDX -> —
[00:24:09] HARDWARE WRITE TRAP
Sequence: 226
TraceSessionId: 639214175255927292
WatchId: 639214175255927293
ThreadId: 18620
TrapRip: 0x00007FF68FAFCCC5
NormalizedTrapRip / code context: NativeProbe | DBXV2.exe+0xBCCC5 | code[-32,+16]=5DC60F28D0F30F108B040100000F28C2F30F588308010000F30F1193000100000F2FC1760CF30F5CCAF30F118B080100
WatchedAddress: 0x0000019869C77BB0
AccessWidth: 4
AccessType: Write
XMM0.scalar: 333.03891 (0x43A684FB)
XMM6.scalar: 333.03891 (0x43A684FB)
DR6: 0x00000000FFFF0FF1
DR7: 0x00000000000D0401
RAX: 0x0000000000000000
RBX: 0x0000019869C77AB0
RCX: 0x0000019869C77AB0
RDX: 0x0000000000000000
RSI: 0x0000000000000000
RDI: 0x0000019869C77AB0
RBP: 0x0000006D39CDF600
R8: 0x0000000000000000
R9: 0x000000000000000E
R10: 0x00007FF690A2AA98
R11: 0x0000006D39CDF4E0
R12: 0x0000000000000000
R13: 0x0000000000500000
R14: 0x0000000000000000
R15: 0x0000000000000000
Fighter correlations:
RCX -> Slot 0 / Gen 1
RDX -> —
[00:24:09] HARDWARE WRITE TRAP
Sequence: 227
TraceSessionId: 639214175255927292
WatchId: 639214175255927293
ThreadId: 23268
TrapRip: 0x00007FF68FAFCC99
NormalizedTrapRip / code context: NativeProbe | DBXV2.exe+0xBCC99 | code[-32,+16]=0085C075580F57D20F2FF27250F30F58B3000100000F2FF2F30F11B300010000720FF30F108304010000F30F5DC60F28
WatchedAddress: 0x0000019869C77BB0
AccessWidth: 4
AccessType: Write
XMM0.scalar: 0 (0x00000000)
XMM6.scalar: 333.03891 (0x43A684FB)
DR6: 0x00000000FFFF0FF1
DR7: 0x00000000000D0401
RAX: 0x0000000000000000
RBX: 0x0000019869C77AB0
RCX: 0x0000019869C77AB0
RDX: 0x0000000000000000
RSI: 0x0000000000000000
RDI: 0x0000019869C77AB0
RBP: 0x0000006D39DDFB50
R8: 0x0000000000000000
R9: 0x000000000000000E
R10: 0x00007FF690A2AA98
R11: 0x0000006D39DDFA30
R12: 0x0000000000000000
R13: 0x0000000000500000
R14: 0x0000000000000000
R15: 0x0000000000000000
Fighter correlations:
RCX -> Slot 0 / Gen 1
RDX -> —
[00:24:09] HARDWARE WRITE TRAP
Sequence: 228
TraceSessionId: 639214175255927292
WatchId: 639214175255927293
ThreadId: 23268
TrapRip: 0x00007FF68FAFCCC5
NormalizedTrapRip / code context: NativeProbe | DBXV2.exe+0xBCCC5 | code[-32,+16]=5DC60F28D0F30F108B040100000F28C2F30F588308010000F30F1193000100000F2FC1760CF30F5CCAF30F118B080100
WatchedAddress: 0x0000019869C77BB0
AccessWidth: 4
AccessType: Write
XMM0.scalar: 333.03891 (0x43A684FB)
XMM6.scalar: 333.03891 (0x43A684FB)
DR6: 0x00000000FFFF0FF1
DR7: 0x00000000000D0401
RAX: 0x0000000000000000
RBX: 0x0000019869C77AB0
RCX: 0x0000019869C77AB0
RDX: 0x0000000000000000
RSI: 0x0000000000000000
RDI: 0x0000019869C77AB0
RBP: 0x0000006D39DDFB50
R8: 0x0000000000000000
R9: 0x000000000000000E
R10: 0x00007FF690A2AA98
R11: 0x0000006D39DDFA30
R12: 0x0000000000000000
R13: 0x0000000000500000
R14: 0x0000000000000000
R15: 0x0000000000000000
Fighter correlations:
RCX -> Slot 0 / Gen 1
RDX -> —
[00:24:09] HARDWARE WRITE TRAP
Sequence: 229
TraceSessionId: 639214175255927292
WatchId: 639214175255927293
ThreadId: 11196
TrapRip: 0x00007FF68FAFCC99
NormalizedTrapRip / code context: NativeProbe | DBXV2.exe+0xBCC99 | code[-32,+16]=0085C075580F57D20F2FF27250F30F58B3000100000F2FF2F30F11B300010000720FF30F108304010000F30F5DC60F28
WatchedAddress: 0x0000019869C77BB0
AccessWidth: 4
AccessType: Write
XMM0.scalar: 0 (0x00000000)
XMM6.scalar: 333.03891 (0x43A684FB)
DR6: 0x00000000FFFF0FF1
DR7: 0x00000000000D0401
RAX: 0x0000000000000000
RBX: 0x0000019869C77AB0
RCX: 0x0000019869C77AB0
RDX: 0x0000000000000000
RSI: 0x0000000000000000
RDI: 0x0000019869C77AB0
RBP: 0x0000006D399DFA10
R8: 0x0000000000000000
R9: 0x000000000000000E
R10: 0x00007FF690A2AA98
R11: 0x0000006D399DF8F0
R12: 0x0000000000000000
R13: 0x0000000000500000
R14: 0x0000000000000000
R15: 0x0000000000000000
Fighter correlations:
RCX -> Slot 0 / Gen 1
RDX -> —
[00:24:09] HARDWARE WRITE TRAP
Sequence: 230
TraceSessionId: 639214175255927292
WatchId: 639214175255927293
ThreadId: 11196
TrapRip: 0x00007FF68FAFCCC5
NormalizedTrapRip / code context: NativeProbe | DBXV2.exe+0xBCCC5 | code[-32,+16]=5DC60F28D0F30F108B040100000F28C2F30F588308010000F30F1193000100000F2FC1760CF30F5CCAF30F118B080100
WatchedAddress: 0x0000019869C77BB0
AccessWidth: 4
AccessType: Write
XMM0.scalar: 333.03891 (0x43A684FB)
XMM6.scalar: 333.03891 (0x43A684FB)
DR6: 0x00000000FFFF0FF1
DR7: 0x00000000000D0401
RAX: 0x0000000000000000
RBX: 0x0000019869C77AB0
RCX: 0x0000019869C77AB0
RDX: 0x0000000000000000
RSI: 0x0000000000000000
RDI: 0x0000019869C77AB0
RBP: 0x0000006D399DFA10
R8: 0x0000000000000000
R9: 0x000000000000000E
R10: 0x00007FF690A2AA98
R11: 0x0000006D399DF8F0
R12: 0x0000000000000000
R13: 0x0000000000500000
R14: 0x0000000000000000
R15: 0x0000000000000000
Fighter correlations:
RCX -> Slot 0 / Gen 1
RDX -> —
[00:24:09] HARDWARE WRITE TRAP
Sequence: 231
TraceSessionId: 639214175255927292
WatchId: 639214175255927293
ThreadId: 11196
TrapRip: 0x00007FF68FAFCC99
NormalizedTrapRip / code context: NativeProbe | DBXV2.exe+0xBCC99 | code[-32,+16]=0085C075580F57D20F2FF27250F30F58B3000100000F2FF2F30F11B300010000720FF30F108304010000F30F5DC60F28
WatchedAddress: 0x0000019869C77BB0
AccessWidth: 4
AccessType: Write
XMM0.scalar: 0 (0x00000000)
XMM6.scalar: 333.03891 (0x43A684FB)
DR6: 0x00000000FFFF0FF1
DR7: 0x00000000000D0401
RAX: 0x0000000000000000
RBX: 0x0000019869C77AB0
RCX: 0x0000019869C77AB0
RDX: 0x0000000000000000
RSI: 0x0000000000000000
RDI: 0x0000019869C77AB0
RBP: 0x0000006D399DFA10
R8: 0x0000000000000000
R9: 0x000000000000000E
R10: 0x00007FF690A2AA98
R11: 0x0000006D399DF8F0
R12: 0x0000000000000000
R13: 0x0000000000500000
R14: 0x0000000000000000
R15: 0x0000000000000000
Fighter correlations:
RCX -> Slot 0 / Gen 1
RDX -> —
[00:24:09] HARDWARE WRITE TRAP
Sequence: 232
TraceSessionId: 639214175255927292
WatchId: 639214175255927293
ThreadId: 11196
TrapRip: 0x00007FF68FAFCCC5
NormalizedTrapRip / code context: NativeProbe | DBXV2.exe+0xBCCC5 | code[-32,+16]=5DC60F28D0F30F108B040100000F28C2F30F588308010000F30F1193000100000F2FC1760CF30F5CCAF30F118B080100
WatchedAddress: 0x0000019869C77BB0
AccessWidth: 4
AccessType: Write
XMM0.scalar: 333.03891 (0x43A684FB)
XMM6.scalar: 333.03891 (0x43A684FB)
DR6: 0x00000000FFFF0FF1
DR7: 0x00000000000D0401
RAX: 0x0000000000000000
RBX: 0x0000019869C77AB0
RCX: 0x0000019869C77AB0
RDX: 0x0000000000000000
RSI: 0x0000000000000000
RDI: 0x0000019869C77AB0
RBP: 0x0000006D399DFA10
R8: 0x0000000000000000
R9: 0x000000000000000E
R10: 0x00007FF690A2AA98
R11: 0x0000006D399DF8F0
R12: 0x0000000000000000
R13: 0x0000000000500000
R14: 0x0000000000000000
R15: 0x0000000000000000
Fighter correlations:
RCX -> Slot 0 / Gen 1
RDX -> —
[00:24:09] HARDWARE WRITE TRAP
Sequence: 233
TraceSessionId: 639214175255927292
WatchId: 639214175255927293
ThreadId: 11196
TrapRip: 0x00007FF68FAFCC99
NormalizedTrapRip / code context: NativeProbe | DBXV2.exe+0xBCC99 | code[-32,+16]=0085C075580F57D20F2FF27250F30F58B3000100000F2FF2F30F11B300010000720FF30F108304010000F30F5DC60F28
WatchedAddress: 0x0000019869C77BB0
AccessWidth: 4
AccessType: Write
XMM0.scalar: 0 (0x00000000)
XMM6.scalar: 333.03891 (0x43A684FB)
DR6: 0x00000000FFFF0FF1
DR7: 0x00000000000D0401
RAX: 0x0000000000000000
RBX: 0x0000019869C77AB0
RCX: 0x0000019869C77AB0
RDX: 0x0000000000000000
RSI: 0x0000000000000000
RDI: 0x0000019869C77AB0
RBP: 0x0000006D399DFA10
R8: 0x0000000000000000
R9: 0x000000000000000E
R10: 0x00007FF690A2AA98
R11: 0x0000006D399DF8F0
R12: 0x0000000000000000
R13: 0x0000000000500000
R14: 0x0000000000000000
R15: 0x0000000000000000
Fighter correlations:
RCX -> Slot 0 / Gen 1
RDX -> —
[00:24:09] HARDWARE WRITE TRAP
Sequence: 234
TraceSessionId: 639214175255927292
WatchId: 639214175255927293
ThreadId: 11196
TrapRip: 0x00007FF68FAFCCC5
NormalizedTrapRip / code context: NativeProbe | DBXV2.exe+0xBCCC5 | code[-32,+16]=5DC60F28D0F30F108B040100000F28C2F30F588308010000F30F1193000100000F2FC1760CF30F5CCAF30F118B080100
WatchedAddress: 0x0000019869C77BB0
AccessWidth: 4
AccessType: Write
XMM0.scalar: 333.03891 (0x43A684FB)
XMM6.scalar: 333.03891 (0x43A684FB)
DR6: 0x00000000FFFF0FF1
DR7: 0x00000000000D0401
RAX: 0x0000000000000000
RBX: 0x0000019869C77AB0
RCX: 0x0000019869C77AB0
RDX: 0x0000000000000000
RSI: 0x0000000000000000
RDI: 0x0000019869C77AB0
RBP: 0x0000006D399DFA10
R8: 0x0000000000000000
R9: 0x000000000000000E
R10: 0x00007FF690A2AA98
R11: 0x0000006D399DF8F0
R12: 0x0000000000000000
R13: 0x0000000000500000
R14: 0x0000000000000000
R15: 0x0000000000000000
Fighter correlations:
RCX -> Slot 0 / Gen 1
RDX -> —
[00:24:09] HARDWARE WRITE TRAP
Sequence: 235
TraceSessionId: 639214175255927292
WatchId: 639214175255927293
ThreadId: 11196
TrapRip: 0x00007FF68FAFCC99
NormalizedTrapRip / code context: NativeProbe | DBXV2.exe+0xBCC99 | code[-32,+16]=0085C075580F57D20F2FF27250F30F58B3000100000F2FF2F30F11B300010000720FF30F108304010000F30F5DC60F28
WatchedAddress: 0x0000019869C77BB0
AccessWidth: 4
AccessType: Write
XMM0.scalar: 0 (0x00000000)
XMM6.scalar: 333.03891 (0x43A684FB)
DR6: 0x00000000FFFF0FF1
DR7: 0x00000000000D0401
RAX: 0x0000000000000000
RBX: 0x0000019869C77AB0
RCX: 0x0000019869C77AB0
RDX: 0x0000000000000000
RSI: 0x0000000000000000
RDI: 0x0000019869C77AB0
RBP: 0x0000006D399DFA10
R8: 0x0000000000000000
R9: 0x000000000000000E
R10: 0x00007FF690A2AA98
R11: 0x0000006D399DF8F0
R12: 0x0000000000000000
R13: 0x0000000000500000
R14: 0x0000000000000000
R15: 0x0000000000000000
Fighter correlations:
RCX -> Slot 0 / Gen 1
RDX -> —
[00:24:09] HARDWARE WRITE TRAP
Sequence: 236
TraceSessionId: 639214175255927292
WatchId: 639214175255927293
ThreadId: 11196
TrapRip: 0x00007FF68FAFCCC5
NormalizedTrapRip / code context: NativeProbe | DBXV2.exe+0xBCCC5 | code[-32,+16]=5DC60F28D0F30F108B040100000F28C2F30F588308010000F30F1193000100000F2FC1760CF30F5CCAF30F118B080100
WatchedAddress: 0x0000019869C77BB0
AccessWidth: 4
AccessType: Write
XMM0.scalar: 333.03891 (0x43A684FB)
XMM6.scalar: 333.03891 (0x43A684FB)
DR6: 0x00000000FFFF0FF1
DR7: 0x00000000000D0401
RAX: 0x0000000000000000
RBX: 0x0000019869C77AB0
RCX: 0x0000019869C77AB0
RDX: 0x0000000000000000
RSI: 0x0000000000000000
RDI: 0x0000019869C77AB0
RBP: 0x0000006D399DFA10
R8: 0x0000000000000000
R9: 0x000000000000000E
R10: 0x00007FF690A2AA98
R11: 0x0000006D399DF8F0
R12: 0x0000000000000000
R13: 0x0000000000500000
R14: 0x0000000000000000
R15: 0x0000000000000000
Fighter correlations:
RCX -> Slot 0 / Gen 1
RDX -> —
[00:24:09] HARDWARE WRITE TRAP
Sequence: 237
TraceSessionId: 639214175255927292
WatchId: 639214175255927293
ThreadId: 18620
TrapRip: 0x00007FF68FAFCC99
NormalizedTrapRip / code context: NativeProbe | DBXV2.exe+0xBCC99 | code[-32,+16]=0085C075580F57D20F2FF27250F30F58B3000100000F2FF2F30F11B300010000720FF30F108304010000F30F5DC60F28
WatchedAddress: 0x0000019869C77BB0
AccessWidth: 4
AccessType: Write
XMM0.scalar: 0 (0x00000000)
XMM6.scalar: 333.03891 (0x43A684FB)
DR6: 0x00000000FFFF0FF1
DR7: 0x00000000000D0401
RAX: 0x0000000000000000
RBX: 0x0000019869C77AB0
RCX: 0x0000019869C77AB0
RDX: 0x0000000000000000
RSI: 0x0000000000000000
RDI: 0x0000019869C77AB0
RBP: 0x0000006D39CDF600
R8: 0x0000000000000000
R9: 0x000000000000000E
R10: 0x00007FF690A2AA98
R11: 0x0000006D39CDF4E0
R12: 0x0000000000000000
R13: 0x0000000000500000
R14: 0x0000000000000000
R15: 0x0000000000000000
Fighter correlations:
RCX -> Slot 0 / Gen 1
RDX -> —
[00:24:09] HARDWARE WRITE TRAP
Sequence: 238
TraceSessionId: 639214175255927292
WatchId: 639214175255927293
ThreadId: 18620
TrapRip: 0x00007FF68FAFCCC5
NormalizedTrapRip / code context: NativeProbe | DBXV2.exe+0xBCCC5 | code[-32,+16]=5DC60F28D0F30F108B040100000F28C2F30F588308010000F30F1193000100000F2FC1760CF30F5CCAF30F118B080100
WatchedAddress: 0x0000019869C77BB0
AccessWidth: 4
AccessType: Write
XMM0.scalar: 333.03891 (0x43A684FB)
XMM6.scalar: 333.03891 (0x43A684FB)
DR6: 0x00000000FFFF0FF1
DR7: 0x00000000000D0401
RAX: 0x0000000000000000
RBX: 0x0000019869C77AB0
RCX: 0x0000019869C77AB0
RDX: 0x0000000000000000
RSI: 0x0000000000000000
RDI: 0x0000019869C77AB0
RBP: 0x0000006D39CDF600
R8: 0x0000000000000000
R9: 0x000000000000000E
R10: 0x00007FF690A2AA98
R11: 0x0000006D39CDF4E0
R12: 0x0000000000000000
R13: 0x0000000000500000
R14: 0x0000000000000000
R15: 0x0000000000000000
Fighter correlations:
RCX -> Slot 0 / Gen 1
RDX -> —
[00:24:09] HARDWARE WRITE TRAP
Sequence: 239
TraceSessionId: 639214175255927292
WatchId: 639214175255927293
ThreadId: 23268
TrapRip: 0x00007FF68FAFCC99
NormalizedTrapRip / code context: NativeProbe | DBXV2.exe+0xBCC99 | code[-32,+16]=0085C075580F57D20F2FF27250F30F58B3000100000F2FF2F30F11B300010000720FF30F108304010000F30F5DC60F28
WatchedAddress: 0x0000019869C77BB0
AccessWidth: 4
AccessType: Write
XMM0.scalar: 0 (0x00000000)
XMM6.scalar: 333.03891 (0x43A684FB)
DR6: 0x00000000FFFF0FF1
DR7: 0x00000000000D0401
RAX: 0x0000000000000000
RBX: 0x0000019869C77AB0
RCX: 0x0000019869C77AB0
RDX: 0x0000000000000000
RSI: 0x0000000000000000
RDI: 0x0000019869C77AB0
RBP: 0x0000006D39DDFB50
R8: 0x0000000000000000
R9: 0x000000000000000E
R10: 0x00007FF690A2AA98
R11: 0x0000006D39DDFA30
R12: 0x0000000000000000
R13: 0x0000000000500000
R14: 0x0000000000000000
R15: 0x0000000000000000
Fighter correlations:
RCX -> Slot 0 / Gen 1
RDX -> —
[00:24:09] HARDWARE WRITE TRAP
Sequence: 240
TraceSessionId: 639214175255927292
WatchId: 639214175255927293
ThreadId: 23268
TrapRip: 0x00007FF68FAFCCC5
NormalizedTrapRip / code context: NativeProbe | DBXV2.exe+0xBCCC5 | code[-32,+16]=5DC60F28D0F30F108B040100000F28C2F30F588308010000F30F1193000100000F2FC1760CF30F5CCAF30F118B080100
WatchedAddress: 0x0000019869C77BB0
AccessWidth: 4
AccessType: Write
XMM0.scalar: 333.03891 (0x43A684FB)
XMM6.scalar: 333.03891 (0x43A684FB)
DR6: 0x00000000FFFF0FF1
DR7: 0x00000000000D0401
RAX: 0x0000000000000000
RBX: 0x0000019869C77AB0
RCX: 0x0000019869C77AB0
RDX: 0x0000000000000000
RSI: 0x0000000000000000
RDI: 0x0000019869C77AB0
RBP: 0x0000006D39DDFB50
R8: 0x0000000000000000
R9: 0x000000000000000E
R10: 0x00007FF690A2AA98
R11: 0x0000006D39DDFA30
R12: 0x0000000000000000
R13: 0x0000000000500000
R14: 0x0000000000000000
R15: 0x0000000000000000
Fighter correlations:
RCX -> Slot 0 / Gen 1
RDX -> —
[00:24:09] HARDWARE WRITE TRAP
Sequence: 241
TraceSessionId: 639214175255927292
WatchId: 639214175255927293
ThreadId: 17612
TrapRip: 0x00007FF68FAFCC99
NormalizedTrapRip / code context: NativeProbe | DBXV2.exe+0xBCC99 | code[-32,+16]=0085C075580F57D20F2FF27250F30F58B3000100000F2FF2F30F11B300010000720FF30F108304010000F30F5DC60F28
WatchedAddress: 0x0000019869C77BB0
AccessWidth: 4
AccessType: Write
XMM0.scalar: 0 (0x00000000)
XMM6.scalar: 333.03891 (0x43A684FB)
DR6: 0x00000000FFFF0FF1
DR7: 0x00000000000D0401
RAX: 0x0000000000000000
RBX: 0x0000019869C77AB0
RCX: 0x0000019869C77AB0
RDX: 0x0000000000000000
RSI: 0x0000000000000000
RDI: 0x0000019869C77AB0
RBP: 0x0000006D39EDFAA0
R8: 0x0000000000000000
R9: 0x000000000000000E
R10: 0x00007FF690A2AA98
R11: 0x0000006D39EDF980
R12: 0x0000000000000000
R13: 0x0000000000500000
R14: 0x0000000000000000
R15: 0x0000000000000000
Fighter correlations:
RCX -> Slot 0 / Gen 1
RDX -> —
[00:24:09] HARDWARE WRITE TRAP
Sequence: 242
TraceSessionId: 639214175255927292
WatchId: 639214175255927293
ThreadId: 17612
TrapRip: 0x00007FF68FAFCCC5
NormalizedTrapRip / code context: NativeProbe | DBXV2.exe+0xBCCC5 | code[-32,+16]=5DC60F28D0F30F108B040100000F28C2F30F588308010000F30F1193000100000F2FC1760CF30F5CCAF30F118B080100
WatchedAddress: 0x0000019869C77BB0
AccessWidth: 4
AccessType: Write
XMM0.scalar: 333.03891 (0x43A684FB)
XMM6.scalar: 333.03891 (0x43A684FB)
DR6: 0x00000000FFFF0FF1
DR7: 0x00000000000D0401
RAX: 0x0000000000000000
RBX: 0x0000019869C77AB0
RCX: 0x0000019869C77AB0
RDX: 0x0000000000000000
RSI: 0x0000000000000000
RDI: 0x0000019869C77AB0
RBP: 0x0000006D39EDFAA0
R8: 0x0000000000000000
R9: 0x000000000000000E
R10: 0x00007FF690A2AA98
R11: 0x0000006D39EDF980
R12: 0x0000000000000000
R13: 0x0000000000500000
R14: 0x0000000000000000
R15: 0x0000000000000000
Fighter correlations:
RCX -> Slot 0 / Gen 1
RDX -> —
[00:24:09] HARDWARE WRITE TRAP
Sequence: 243
TraceSessionId: 639214175255927292
WatchId: 639214175255927293
ThreadId: 196
TrapRip: 0x00007FF68FAFCC99
NormalizedTrapRip / code context: NativeProbe | DBXV2.exe+0xBCC99 | code[-32,+16]=0085C075580F57D20F2FF27250F30F58B3000100000F2FF2F30F11B300010000720FF30F108304010000F30F5DC60F28
WatchedAddress: 0x0000019869C77BB0
AccessWidth: 4
AccessType: Write
XMM0.scalar: 0 (0x00000000)
XMM6.scalar: 333.03891 (0x43A684FB)
DR6: 0x00000000FFFF0FF1
DR7: 0x00000000000D0401
RAX: 0x0000000000000000
RBX: 0x0000019869C77AB0
RCX: 0x0000019869C77AB0
RDX: 0x0000000000000000
RSI: 0x0000000000000000
RDI: 0x0000019869C77AB0
RBP: 0x0000006D39BDFC80
R8: 0x0000000000000000
R9: 0x000000000000000E
R10: 0x00007FF690A2AA98
R11: 0x0000006D39BDFB60
R12: 0x0000000000000000
R13: 0x0000000000500000
R14: 0x0000000000000000
R15: 0x0000000000000000
Fighter correlations:
RCX -> Slot 0 / Gen 1
RDX -> —
[00:24:09] HARDWARE WRITE TRAP
Sequence: 244
TraceSessionId: 639214175255927292
WatchId: 639214175255927293
ThreadId: 196
TrapRip: 0x00007FF68FAFCCC5
NormalizedTrapRip / code context: NativeProbe | DBXV2.exe+0xBCCC5 | code[-32,+16]=5DC60F28D0F30F108B040100000F28C2F30F588308010000F30F1193000100000F2FC1760CF30F5CCAF30F118B080100
WatchedAddress: 0x0000019869C77BB0
AccessWidth: 4
AccessType: Write
XMM0.scalar: 333.03891 (0x43A684FB)
XMM6.scalar: 333.03891 (0x43A684FB)
DR6: 0x00000000FFFF0FF1
DR7: 0x00000000000D0401
RAX: 0x0000000000000000
RBX: 0x0000019869C77AB0
RCX: 0x0000019869C77AB0
RDX: 0x0000000000000000
RSI: 0x0000000000000000
RDI: 0x0000019869C77AB0
RBP: 0x0000006D39BDFC80
R8: 0x0000000000000000
R9: 0x000000000000000E
R10: 0x00007FF690A2AA98
R11: 0x0000006D39BDFB60
R12: 0x0000000000000000
R13: 0x0000000000500000
R14: 0x0000000000000000
R15: 0x0000000000000000
Fighter correlations:
RCX -> Slot 0 / Gen 1
RDX -> —
[00:24:09] HARDWARE WRITE TRAP
Sequence: 245
TraceSessionId: 639214175255927292
WatchId: 639214175255927293
ThreadId: 23268
TrapRip: 0x00007FF68FAFCC99
NormalizedTrapRip / code context: NativeProbe | DBXV2.exe+0xBCC99 | code[-32,+16]=0085C075580F57D20F2FF27250F30F58B3000100000F2FF2F30F11B300010000720FF30F108304010000F30F5DC60F28
WatchedAddress: 0x0000019869C77BB0
AccessWidth: 4
AccessType: Write
XMM0.scalar: 0 (0x00000000)
XMM6.scalar: 333.03891 (0x43A684FB)
DR6: 0x00000000FFFF0FF1
DR7: 0x00000000000D0401
RAX: 0x0000000000000000
RBX: 0x0000019869C77AB0
RCX: 0x0000019869C77AB0
RDX: 0x0000000000000000
RSI: 0x0000000000000000
RDI: 0x0000019869C77AB0
RBP: 0x0000006D39DDFB50
R8: 0x0000000000000000
R9: 0x000000000000000E
R10: 0x00007FF690A2AA98
R11: 0x0000006D39DDFA30
R12: 0x0000000000000000
R13: 0x0000000000500000
R14: 0x0000000000000000
R15: 0x0000000000000000
Fighter correlations:
RCX -> Slot 0 / Gen 1
RDX -> —
[00:24:09] HARDWARE WRITE TRAP
Sequence: 246
TraceSessionId: 639214175255927292
WatchId: 639214175255927293
ThreadId: 23268
TrapRip: 0x00007FF68FAFCCC5
NormalizedTrapRip / code context: NativeProbe | DBXV2.exe+0xBCCC5 | code[-32,+16]=5DC60F28D0F30F108B040100000F28C2F30F588308010000F30F1193000100000F2FC1760CF30F5CCAF30F118B080100
WatchedAddress: 0x0000019869C77BB0
AccessWidth: 4
AccessType: Write
XMM0.scalar: 333.03891 (0x43A684FB)
XMM6.scalar: 333.03891 (0x43A684FB)
DR6: 0x00000000FFFF0FF1
DR7: 0x00000000000D0401
RAX: 0x0000000000000000
RBX: 0x0000019869C77AB0
RCX: 0x0000019869C77AB0
RDX: 0x0000000000000000
RSI: 0x0000000000000000
RDI: 0x0000019869C77AB0
RBP: 0x0000006D39DDFB50
R8: 0x0000000000000000
R9: 0x000000000000000E
R10: 0x00007FF690A2AA98
R11: 0x0000006D39DDFA30
R12: 0x0000000000000000
R13: 0x0000000000500000
R14: 0x0000000000000000
R15: 0x0000000000000000
Fighter correlations:
RCX -> Slot 0 / Gen 1
RDX -> —
[00:24:09] HARDWARE WRITE TRAP
Sequence: 247
TraceSessionId: 639214175255927292
WatchId: 639214175255927293
ThreadId: 18620
TrapRip: 0x00007FF68FAFCC99
NormalizedTrapRip / code context: NativeProbe | DBXV2.exe+0xBCC99 | code[-32,+16]=0085C075580F57D20F2FF27250F30F58B3000100000F2FF2F30F11B300010000720FF30F108304010000F30F5DC60F28
WatchedAddress: 0x0000019869C77BB0
AccessWidth: 4
AccessType: Write
XMM0.scalar: 0 (0x00000000)
XMM6.scalar: 333.03891 (0x43A684FB)
DR6: 0x00000000FFFF0FF1
DR7: 0x00000000000D0401
RAX: 0x0000000000000000
RBX: 0x0000019869C77AB0
RCX: 0x0000019869C77AB0
RDX: 0x0000000000000000
RSI: 0x0000000000000000
RDI: 0x0000019869C77AB0
RBP: 0x0000006D39CDF600
R8: 0x0000000000000000
R9: 0x000000000000000E
R10: 0x00007FF690A2AA98
R11: 0x0000006D39CDF4E0
R12: 0x0000000000000000
R13: 0x0000000000500000
R14: 0x0000000000000000
R15: 0x0000000000000000
Fighter correlations:
RCX -> Slot 0 / Gen 1
RDX -> —
[00:24:09] HARDWARE WRITE TRAP
Sequence: 248
TraceSessionId: 639214175255927292
WatchId: 639214175255927293
ThreadId: 18620
TrapRip: 0x00007FF68FAFCCC5
NormalizedTrapRip / code context: NativeProbe | DBXV2.exe+0xBCCC5 | code[-32,+16]=5DC60F28D0F30F108B040100000F28C2F30F588308010000F30F1193000100000F2FC1760CF30F5CCAF30F118B080100
WatchedAddress: 0x0000019869C77BB0
AccessWidth: 4
AccessType: Write
XMM0.scalar: 333.03891 (0x43A684FB)
XMM6.scalar: 333.03891 (0x43A684FB)
DR6: 0x00000000FFFF0FF1
DR7: 0x00000000000D0401
RAX: 0x0000000000000000
RBX: 0x0000019869C77AB0
RCX: 0x0000019869C77AB0
RDX: 0x0000000000000000
RSI: 0x0000000000000000
RDI: 0x0000019869C77AB0
RBP: 0x0000006D39CDF600
R8: 0x0000000000000000
R9: 0x000000000000000E
R10: 0x00007FF690A2AA98
R11: 0x0000006D39CDF4E0
R12: 0x0000000000000000
R13: 0x0000000000500000
R14: 0x0000000000000000
R15: 0x0000000000000000
Fighter correlations:
RCX -> Slot 0 / Gen 1
RDX -> —
[00:24:09] HARDWARE WRITE TRAP
Sequence: 249
TraceSessionId: 639214175255927292
WatchId: 639214175255927293
ThreadId: 11196
TrapRip: 0x00007FF68FAFCC99
NormalizedTrapRip / code context: NativeProbe | DBXV2.exe+0xBCC99 | code[-32,+16]=0085C075580F57D20F2FF27250F30F58B3000100000F2FF2F30F11B300010000720FF30F108304010000F30F5DC60F28
WatchedAddress: 0x0000019869C77BB0
AccessWidth: 4
AccessType: Write
XMM0.scalar: 0 (0x00000000)
XMM6.scalar: 333.03891 (0x43A684FB)
DR6: 0x00000000FFFF0FF1
DR7: 0x00000000000D0401
RAX: 0x0000000000000000
RBX: 0x0000019869C77AB0
RCX: 0x0000019869C77AB0
RDX: 0x0000000000000000
RSI: 0x0000000000000000
RDI: 0x0000019869C77AB0
RBP: 0x0000006D399DFA10
R8: 0x0000000000000000
R9: 0x000000000000000E
R10: 0x00007FF690A2AA98
R11: 0x0000006D399DF8F0
R12: 0x0000000000000000
R13: 0x0000000000500000
R14: 0x0000000000000000
R15: 0x0000000000000000
Fighter correlations:
RCX -> Slot 0 / Gen 1
RDX -> —
[00:24:09] HARDWARE WRITE TRAP
Sequence: 250
TraceSessionId: 639214175255927292
WatchId: 639214175255927293
ThreadId: 11196
TrapRip: 0x00007FF68FAFCCC5
NormalizedTrapRip / code context: NativeProbe | DBXV2.exe+0xBCCC5 | code[-32,+16]=5DC60F28D0F30F108B040100000F28C2F30F588308010000F30F1193000100000F2FC1760CF30F5CCAF30F118B080100
WatchedAddress: 0x0000019869C77BB0
AccessWidth: 4
AccessType: Write
XMM0.scalar: 333.03891 (0x43A684FB)
XMM6.scalar: 333.03891 (0x43A684FB)
DR6: 0x00000000FFFF0FF1
DR7: 0x00000000000D0401
RAX: 0x0000000000000000
RBX: 0x0000019869C77AB0
RCX: 0x0000019869C77AB0
RDX: 0x0000000000000000
RSI: 0x0000000000000000
RDI: 0x0000019869C77AB0
RBP: 0x0000006D399DFA10
R8: 0x0000000000000000
R9: 0x000000000000000E
R10: 0x00007FF690A2AA98
R11: 0x0000006D399DF8F0
R12: 0x0000000000000000
R13: 0x0000000000500000
R14: 0x0000000000000000
R15: 0x0000000000000000
Fighter correlations:
RCX -> Slot 0 / Gen 1
RDX -> —
[00:24:09] HARDWARE WRITE TRAP
Sequence: 251
TraceSessionId: 639214175255927292
WatchId: 639214175255927293
ThreadId: 17612
TrapRip: 0x00007FF68FAFCC99
NormalizedTrapRip / code context: NativeProbe | DBXV2.exe+0xBCC99 | code[-32,+16]=0085C075580F57D20F2FF27250F30F58B3000100000F2FF2F30F11B300010000720FF30F108304010000F30F5DC60F28
WatchedAddress: 0x0000019869C77BB0
AccessWidth: 4
AccessType: Write
XMM0.scalar: 0 (0x00000000)
XMM6.scalar: 333.03891 (0x43A684FB)
DR6: 0x00000000FFFF0FF1
DR7: 0x00000000000D0401
RAX: 0x0000000000000000
RBX: 0x0000019869C77AB0
RCX: 0x0000019869C77AB0
RDX: 0x0000000000000000
RSI: 0x0000000000000000
RDI: 0x0000019869C77AB0
RBP: 0x0000006D39EDFAA0
R8: 0x0000000000000000
R9: 0x000000000000000E
R10: 0x00007FF690A2AA98
R11: 0x0000006D39EDF980
R12: 0x0000000000000000
R13: 0x0000000000500000
R14: 0x0000000000000000
R15: 0x0000000000000000
Fighter correlations:
RCX -> Slot 0 / Gen 1
RDX -> —
[00:24:09] HARDWARE WRITE TRAP
Sequence: 252
TraceSessionId: 639214175255927292
WatchId: 639214175255927293
ThreadId: 17612
TrapRip: 0x00007FF68FAFCCC5
NormalizedTrapRip / code context: NativeProbe | DBXV2.exe+0xBCCC5 | code[-32,+16]=5DC60F28D0F30F108B040100000F28C2F30F588308010000F30F1193000100000F2FC1760CF30F5CCAF30F118B080100
WatchedAddress: 0x0000019869C77BB0
AccessWidth: 4
AccessType: Write
XMM0.scalar: 333.03891 (0x43A684FB)
XMM6.scalar: 333.03891 (0x43A684FB)
DR6: 0x00000000FFFF0FF1
DR7: 0x00000000000D0401
RAX: 0x0000000000000000
RBX: 0x0000019869C77AB0
RCX: 0x0000019869C77AB0
RDX: 0x0000000000000000
RSI: 0x0000000000000000
RDI: 0x0000019869C77AB0
RBP: 0x0000006D39EDFAA0
R8: 0x0000000000000000
R9: 0x000000000000000E
R10: 0x00007FF690A2AA98
R11: 0x0000006D39EDF980
R12: 0x0000000000000000
R13: 0x0000000000500000
R14: 0x0000000000000000
R15: 0x0000000000000000
Fighter correlations:
RCX -> Slot 0 / Gen 1
RDX -> —
[00:24:09] HARDWARE WRITE TRAP
Sequence: 253
TraceSessionId: 639214175255927292
WatchId: 639214175255927293
ThreadId: 11196
TrapRip: 0x00007FF68FAFCC99
NormalizedTrapRip / code context: NativeProbe | DBXV2.exe+0xBCC99 | code[-32,+16]=0085C075580F57D20F2FF27250F30F58B3000100000F2FF2F30F11B300010000720FF30F108304010000F30F5DC60F28
WatchedAddress: 0x0000019869C77BB0
AccessWidth: 4
AccessType: Write
XMM0.scalar: 0 (0x00000000)
XMM6.scalar: 333.03891 (0x43A684FB)
DR6: 0x00000000FFFF0FF1
DR7: 0x00000000000D0401
RAX: 0x0000000000000000
RBX: 0x0000019869C77AB0
RCX: 0x0000019869C77AB0
RDX: 0x0000000000000000
RSI: 0x0000000000000000
RDI: 0x0000019869C77AB0
RBP: 0x0000006D399DFA10
R8: 0x0000000000000000
R9: 0x000000000000000E
R10: 0x00007FF690A2AA98
R11: 0x0000006D399DF8F0
R12: 0x0000000000000000
R13: 0x0000000000500000
R14: 0x0000000000000000
R15: 0x0000000000000000
Fighter correlations:
RCX -> Slot 0 / Gen 1
RDX -> —
[00:24:09] HARDWARE WRITE TRAP
Sequence: 254
TraceSessionId: 639214175255927292
WatchId: 639214175255927293
ThreadId: 11196
TrapRip: 0x00007FF68FAFCCC5
NormalizedTrapRip / code context: NativeProbe | DBXV2.exe+0xBCCC5 | code[-32,+16]=5DC60F28D0F30F108B040100000F28C2F30F588308010000F30F1193000100000F2FC1760CF30F5CCAF30F118B080100
WatchedAddress: 0x0000019869C77BB0
AccessWidth: 4
AccessType: Write
XMM0.scalar: 333.03891 (0x43A684FB)
XMM6.scalar: 333.03891 (0x43A684FB)
DR6: 0x00000000FFFF0FF1
DR7: 0x00000000000D0401
RAX: 0x0000000000000000
RBX: 0x0000019869C77AB0
RCX: 0x0000019869C77AB0
RDX: 0x0000000000000000
RSI: 0x0000000000000000
RDI: 0x0000019869C77AB0
RBP: 0x0000006D399DFA10
R8: 0x0000000000000000
R9: 0x000000000000000E
R10: 0x00007FF690A2AA98
R11: 0x0000006D399DF8F0
R12: 0x0000000000000000
R13: 0x0000000000500000
R14: 0x0000000000000000
R15: 0x0000000000000000
Fighter correlations:
RCX -> Slot 0 / Gen 1
RDX -> —
[00:24:09] HARDWARE WRITE TRAP
Sequence: 255
TraceSessionId: 639214175255927292
WatchId: 639214175255927293
ThreadId: 11196
TrapRip: 0x00007FF68FAFCC99
NormalizedTrapRip / code context: NativeProbe | DBXV2.exe+0xBCC99 | code[-32,+16]=0085C075580F57D20F2FF27250F30F58B3000100000F2FF2F30F11B300010000720FF30F108304010000F30F5DC60F28
WatchedAddress: 0x0000019869C77BB0
AccessWidth: 4
AccessType: Write
XMM0.scalar: 0 (0x00000000)
XMM6.scalar: 333.03891 (0x43A684FB)
DR6: 0x00000000FFFF0FF1
DR7: 0x00000000000D0401
RAX: 0x0000000000000000
RBX: 0x0000019869C77AB0
RCX: 0x0000019869C77AB0
RDX: 0x0000000000000000
RSI: 0x0000000000000000
RDI: 0x0000019869C77AB0
RBP: 0x0000006D399DFA10
R8: 0x0000000000000000
R9: 0x000000000000000E
R10: 0x00007FF690A2AA98
R11: 0x0000006D399DF8F0
R12: 0x0000000000000000
R13: 0x0000000000500000
R14: 0x0000000000000000
R15: 0x0000000000000000
Fighter correlations:
RCX -> Slot 0 / Gen 1
RDX -> —
[00:24:09] HARDWARE WRITE TRAP
Sequence: 256
TraceSessionId: 639214175255927292
WatchId: 639214175255927293
ThreadId: 11196
TrapRip: 0x00007FF68FAFCCC5
NormalizedTrapRip / code context: NativeProbe | DBXV2.exe+0xBCCC5 | code[-32,+16]=5DC60F28D0F30F108B040100000F28C2F30F588308010000F30F1193000100000F2FC1760CF30F5CCAF30F118B080100
WatchedAddress: 0x0000019869C77BB0
AccessWidth: 4
AccessType: Write
XMM0.scalar: 333.03891 (0x43A684FB)
XMM6.scalar: 333.03891 (0x43A684FB)
DR6: 0x00000000FFFF0FF1
DR7: 0x00000000000D0401
RAX: 0x0000000000000000
RBX: 0x0000019869C77AB0
RCX: 0x0000019869C77AB0
RDX: 0x0000000000000000
RSI: 0x0000000000000000
RDI: 0x0000019869C77AB0
RBP: 0x0000006D399DFA10
R8: 0x0000000000000000
R9: 0x000000000000000E
R10: 0x00007FF690A2AA98
R11: 0x0000006D399DF8F0
R12: 0x0000000000000000
R13: 0x0000000000500000
R14: 0x0000000000000000
R15: 0x0000000000000000
Fighter correlations:
RCX -> Slot 0 / Gen 1
RDX -> —
[00:24:09] HARDWARE WRITE TRAP
Sequence: 257
TraceSessionId: 639214175255927292
WatchId: 639214175255927293
ThreadId: 17612
TrapRip: 0x00007FF68FAFCC99
NormalizedTrapRip / code context: NativeProbe | DBXV2.exe+0xBCC99 | code[-32,+16]=0085C075580F57D20F2FF27250F30F58B3000100000F2FF2F30F11B300010000720FF30F108304010000F30F5DC60F28
WatchedAddress: 0x0000019869C77BB0
AccessWidth: 4
AccessType: Write
XMM0.scalar: 0 (0x00000000)
XMM6.scalar: 333.03891 (0x43A684FB)
DR6: 0x00000000FFFF0FF1
DR7: 0x00000000000D0401
RAX: 0x0000000000000000
RBX: 0x0000019869C77AB0
RCX: 0x0000019869C77AB0
RDX: 0x0000000000000000
RSI: 0x0000000000000000
RDI: 0x0000019869C77AB0
RBP: 0x0000006D39EDFAA0
R8: 0x0000000000000000
R9: 0x000000000000000E
R10: 0x00007FF690A2AA98
R11: 0x0000006D39EDF980
R12: 0x0000000000000000
R13: 0x0000000000500000
R14: 0x0000000000000000
R15: 0x0000000000000000
Fighter correlations:
RCX -> Slot 0 / Gen 1
RDX -> —
[00:24:09] HARDWARE WRITE TRAP
Sequence: 258
TraceSessionId: 639214175255927292
WatchId: 639214175255927293
ThreadId: 17612
TrapRip: 0x00007FF68FAFCCC5
NormalizedTrapRip / code context: NativeProbe | DBXV2.exe+0xBCCC5 | code[-32,+16]=5DC60F28D0F30F108B040100000F28C2F30F588308010000F30F1193000100000F2FC1760CF30F5CCAF30F118B080100
WatchedAddress: 0x0000019869C77BB0
AccessWidth: 4
AccessType: Write
XMM0.scalar: 333.03891 (0x43A684FB)
XMM6.scalar: 333.03891 (0x43A684FB)
DR6: 0x00000000FFFF0FF1
DR7: 0x00000000000D0401
RAX: 0x0000000000000000
RBX: 0x0000019869C77AB0
RCX: 0x0000019869C77AB0
RDX: 0x0000000000000000
RSI: 0x0000000000000000
RDI: 0x0000019869C77AB0
RBP: 0x0000006D39EDFAA0
R8: 0x0000000000000000
R9: 0x000000000000000E
R10: 0x00007FF690A2AA98
R11: 0x0000006D39EDF980
R12: 0x0000000000000000
R13: 0x0000000000500000
R14: 0x0000000000000000
R15: 0x0000000000000000
Fighter correlations:
RCX -> Slot 0 / Gen 1
RDX -> —
[00:24:09] HARDWARE WRITE TRAP
Sequence: 259
TraceSessionId: 639214175255927292
WatchId: 639214175255927293
ThreadId: 18620
TrapRip: 0x00007FF68FAFCC99
NormalizedTrapRip / code context: NativeProbe | DBXV2.exe+0xBCC99 | code[-32,+16]=0085C075580F57D20F2FF27250F30F58B3000100000F2FF2F30F11B300010000720FF30F108304010000F30F5DC60F28
WatchedAddress: 0x0000019869C77BB0
AccessWidth: 4
AccessType: Write
XMM0.scalar: 0 (0x00000000)
XMM6.scalar: 333.03891 (0x43A684FB)
DR6: 0x00000000FFFF0FF1
DR7: 0x00000000000D0401
RAX: 0x0000000000000000
RBX: 0x0000019869C77AB0
RCX: 0x0000019869C77AB0
RDX: 0x0000000000000000
RSI: 0x0000000000000000
RDI: 0x0000019869C77AB0
RBP: 0x0000006D39CDF600
R8: 0x0000000000000000
R9: 0x000000000000000E
R10: 0x00007FF690A2AA98
R11: 0x0000006D39CDF4E0
R12: 0x0000000000000000
R13: 0x0000000000500000
R14: 0x0000000000000000
R15: 0x0000000000000000
Fighter correlations:
RCX -> Slot 0 / Gen 1
RDX -> —
[00:24:09] HARDWARE WRITE TRAP
Sequence: 260
TraceSessionId: 639214175255927292
WatchId: 639214175255927293
ThreadId: 18620
TrapRip: 0x00007FF68FAFCCC5
NormalizedTrapRip / code context: NativeProbe | DBXV2.exe+0xBCCC5 | code[-32,+16]=5DC60F28D0F30F108B040100000F28C2F30F588308010000F30F1193000100000F2FC1760CF30F5CCAF30F118B080100
WatchedAddress: 0x0000019869C77BB0
AccessWidth: 4
AccessType: Write
XMM0.scalar: 333.03891 (0x43A684FB)
XMM6.scalar: 333.03891 (0x43A684FB)
DR6: 0x00000000FFFF0FF1
DR7: 0x00000000000D0401
RAX: 0x0000000000000000
RBX: 0x0000019869C77AB0
RCX: 0x0000019869C77AB0
RDX: 0x0000000000000000
RSI: 0x0000000000000000
RDI: 0x0000019869C77AB0
RBP: 0x0000006D39CDF600
R8: 0x0000000000000000
R9: 0x000000000000000E
R10: 0x00007FF690A2AA98
R11: 0x0000006D39CDF4E0
R12: 0x0000000000000000
R13: 0x0000000000500000
R14: 0x0000000000000000
R15: 0x0000000000000000
Fighter correlations:
RCX -> Slot 0 / Gen 1
RDX -> —
[00:24:09] HARDWARE WRITE TRAP
Sequence: 261
TraceSessionId: 639214175255927292
WatchId: 639214175255927293
ThreadId: 17612
TrapRip: 0x00007FF68FAFCC99
NormalizedTrapRip / code context: NativeProbe | DBXV2.exe+0xBCC99 | code[-32,+16]=0085C075580F57D20F2FF27250F30F58B3000100000F2FF2F30F11B300010000720FF30F108304010000F30F5DC60F28
WatchedAddress: 0x0000019869C77BB0
AccessWidth: 4
AccessType: Write
XMM0.scalar: 0 (0x00000000)
XMM6.scalar: 333.03891 (0x43A684FB)
DR6: 0x00000000FFFF0FF1
DR7: 0x00000000000D0401
RAX: 0x0000000000000000
RBX: 0x0000019869C77AB0
RCX: 0x0000019869C77AB0
RDX: 0x0000000000000000
RSI: 0x0000000000000000
RDI: 0x0000019869C77AB0
RBP: 0x0000006D39EDFAA0
R8: 0x0000000000000000
R9: 0x000000000000000E
R10: 0x00007FF690A2AA98
R11: 0x0000006D39EDF980
R12: 0x0000000000000000
R13: 0x0000000000500000
R14: 0x0000000000000000
R15: 0x0000000000000000
Fighter correlations:
RCX -> Slot 0 / Gen 1
RDX -> —
[00:24:09] HARDWARE WRITE TRAP
Sequence: 262
TraceSessionId: 639214175255927292
WatchId: 639214175255927293
ThreadId: 17612
TrapRip: 0x00007FF68FAFCCC5
NormalizedTrapRip / code context: NativeProbe | DBXV2.exe+0xBCCC5 | code[-32,+16]=5DC60F28D0F30F108B040100000F28C2F30F588308010000F30F1193000100000F2FC1760CF30F5CCAF30F118B080100
WatchedAddress: 0x0000019869C77BB0
AccessWidth: 4
AccessType: Write
XMM0.scalar: 333.03891 (0x43A684FB)
XMM6.scalar: 333.03891 (0x43A684FB)
DR6: 0x00000000FFFF0FF1
DR7: 0x00000000000D0401
RAX: 0x0000000000000000
RBX: 0x0000019869C77AB0
RCX: 0x0000019869C77AB0
RDX: 0x0000000000000000
RSI: 0x0000000000000000
RDI: 0x0000019869C77AB0
RBP: 0x0000006D39EDFAA0
R8: 0x0000000000000000
R9: 0x000000000000000E
R10: 0x00007FF690A2AA98
R11: 0x0000006D39EDF980
R12: 0x0000000000000000
R13: 0x0000000000500000
R14: 0x0000000000000000
R15: 0x0000000000000000
Fighter correlations:
RCX -> Slot 0 / Gen 1
RDX -> —
[00:24:09] HARDWARE WRITE TRAP
Sequence: 263
TraceSessionId: 639214175255927292
WatchId: 639214175255927293
ThreadId: 16992
TrapRip: 0x00007FF68FAFCC99
NormalizedTrapRip / code context: NativeProbe | DBXV2.exe+0xBCC99 | code[-32,+16]=0085C075580F57D20F2FF27250F30F58B3000100000F2FF2F30F11B300010000720FF30F108304010000F30F5DC60F28
WatchedAddress: 0x0000019869C77BB0
AccessWidth: 4
AccessType: Write
XMM0.scalar: 0 (0x00000000)
XMM6.scalar: 333.03891 (0x43A684FB)
DR6: 0x00000000FFFF0FF1
DR7: 0x00000000000D0401
RAX: 0x0000000000000000
RBX: 0x0000019869C77AB0
RCX: 0x0000019869C77AB0
RDX: 0x0000000000000000
RSI: 0x0000000000000000
RDI: 0x0000019869C77AB0
RBP: 0x0000006D398DFA20
R8: 0x0000000000000000
R9: 0x000000000000000E
R10: 0x00007FF690A2AA98
R11: 0x0000006D398DF900
R12: 0x0000000000000000
R13: 0x0000000000500000
R14: 0x0000000000000000
R15: 0x0000000000000000
Fighter correlations:
RCX -> Slot 0 / Gen 1
RDX -> —
[00:24:09] HARDWARE WRITE TRAP
Sequence: 264
TraceSessionId: 639214175255927292
WatchId: 639214175255927293
ThreadId: 16992
TrapRip: 0x00007FF68FAFCCC5
NormalizedTrapRip / code context: NativeProbe | DBXV2.exe+0xBCCC5 | code[-32,+16]=5DC60F28D0F30F108B040100000F28C2F30F588308010000F30F1193000100000F2FC1760CF30F5CCAF30F118B080100
WatchedAddress: 0x0000019869C77BB0
AccessWidth: 4
AccessType: Write
XMM0.scalar: 333.03891 (0x43A684FB)
XMM6.scalar: 333.03891 (0x43A684FB)
DR6: 0x00000000FFFF0FF1
DR7: 0x00000000000D0401
RAX: 0x0000000000000000
RBX: 0x0000019869C77AB0
RCX: 0x0000019869C77AB0
RDX: 0x0000000000000000
RSI: 0x0000000000000000
RDI: 0x0000019869C77AB0
RBP: 0x0000006D398DFA20
R8: 0x0000000000000000
R9: 0x000000000000000E
R10: 0x00007FF690A2AA98
R11: 0x0000006D398DF900
R12: 0x0000000000000000
R13: 0x0000000000500000
R14: 0x0000000000000000
R15: 0x0000000000000000
Fighter correlations:
RCX -> Slot 0 / Gen 1
RDX -> —
[00:24:09] HARDWARE WRITE TRAP
Sequence: 265
TraceSessionId: 639214175255927292
WatchId: 639214175255927293
ThreadId: 23268
TrapRip: 0x00007FF68FAFCC99
NormalizedTrapRip / code context: NativeProbe | DBXV2.exe+0xBCC99 | code[-32,+16]=0085C075580F57D20F2FF27250F30F58B3000100000F2FF2F30F11B300010000720FF30F108304010000F30F5DC60F28
WatchedAddress: 0x0000019869C77BB0
AccessWidth: 4
AccessType: Write
XMM0.scalar: 0 (0x00000000)
XMM6.scalar: 333.03891 (0x43A684FB)
DR6: 0x00000000FFFF0FF1
DR7: 0x00000000000D0401
RAX: 0x0000000000000000
RBX: 0x0000019869C77AB0
RCX: 0x0000019869C77AB0
RDX: 0x0000000000000000
RSI: 0x0000000000000000
RDI: 0x0000019869C77AB0
RBP: 0x0000006D39DDFB50
R8: 0x0000000000000000
R9: 0x000000000000000E
R10: 0x00007FF690A2AA98
R11: 0x0000006D39DDFA30
R12: 0x0000000000000000
R13: 0x0000000000500000
R14: 0x0000000000000000
R15: 0x0000000000000000
Fighter correlations:
RCX -> Slot 0 / Gen 1
RDX -> —
[00:24:09] HARDWARE WRITE TRAP
Sequence: 266
TraceSessionId: 639214175255927292
WatchId: 639214175255927293
ThreadId: 23268
TrapRip: 0x00007FF68FAFCCC5
NormalizedTrapRip / code context: NativeProbe | DBXV2.exe+0xBCCC5 | code[-32,+16]=5DC60F28D0F30F108B040100000F28C2F30F588308010000F30F1193000100000F2FC1760CF30F5CCAF30F118B080100
WatchedAddress: 0x0000019869C77BB0
AccessWidth: 4
AccessType: Write
XMM0.scalar: 333.03891 (0x43A684FB)
XMM6.scalar: 333.03891 (0x43A684FB)
DR6: 0x00000000FFFF0FF1
DR7: 0x00000000000D0401
RAX: 0x0000000000000000
RBX: 0x0000019869C77AB0
RCX: 0x0000019869C77AB0
RDX: 0x0000000000000000
RSI: 0x0000000000000000
RDI: 0x0000019869C77AB0
RBP: 0x0000006D39DDFB50
R8: 0x0000000000000000
R9: 0x000000000000000E
R10: 0x00007FF690A2AA98
R11: 0x0000006D39DDFA30
R12: 0x0000000000000000
R13: 0x0000000000500000
R14: 0x0000000000000000
R15: 0x0000000000000000
Fighter correlations:
RCX -> Slot 0 / Gen 1
RDX -> —
[00:24:09] HARDWARE WRITE TRAP
Sequence: 267
TraceSessionId: 639214175255927292
WatchId: 639214175255927293
ThreadId: 23268
TrapRip: 0x00007FF68FAFCC99
NormalizedTrapRip / code context: NativeProbe | DBXV2.exe+0xBCC99 | code[-32,+16]=0085C075580F57D20F2FF27250F30F58B3000100000F2FF2F30F11B300010000720FF30F108304010000F30F5DC60F28
WatchedAddress: 0x0000019869C77BB0
AccessWidth: 4
AccessType: Write
XMM0.scalar: 0 (0x00000000)
XMM6.scalar: 333.03891 (0x43A684FB)
DR6: 0x00000000FFFF0FF1
DR7: 0x00000000000D0401
RAX: 0x0000000000000000
RBX: 0x0000019869C77AB0
RCX: 0x0000019869C77AB0
RDX: 0x0000000000000000
RSI: 0x0000000000000000
RDI: 0x0000019869C77AB0
RBP: 0x0000006D39DDFB50
R8: 0x0000000000000000
R9: 0x000000000000000E
R10: 0x00007FF690A2AA98
R11: 0x0000006D39DDFA30
R12: 0x0000000000000000
R13: 0x0000000000500000
R14: 0x0000000000000000
R15: 0x0000000000000000
Fighter correlations:
RCX -> Slot 0 / Gen 1
RDX -> —
[00:24:09] HARDWARE WRITE TRAP
Sequence: 268
TraceSessionId: 639214175255927292
WatchId: 639214175255927293
ThreadId: 23268
TrapRip: 0x00007FF68FAFCCC5
NormalizedTrapRip / code context: NativeProbe | DBXV2.exe+0xBCCC5 | code[-32,+16]=5DC60F28D0F30F108B040100000F28C2F30F588308010000F30F1193000100000F2FC1760CF30F5CCAF30F118B080100
WatchedAddress: 0x0000019869C77BB0
AccessWidth: 4
AccessType: Write
XMM0.scalar: 333.03891 (0x43A684FB)
XMM6.scalar: 333.03891 (0x43A684FB)
DR6: 0x00000000FFFF0FF1
DR7: 0x00000000000D0401
RAX: 0x0000000000000000
RBX: 0x0000019869C77AB0
RCX: 0x0000019869C77AB0
RDX: 0x0000000000000000
RSI: 0x0000000000000000
RDI: 0x0000019869C77AB0
RBP: 0x0000006D39DDFB50
R8: 0x0000000000000000
R9: 0x000000000000000E
R10: 0x00007FF690A2AA98
R11: 0x0000006D39DDFA30
R12: 0x0000000000000000
R13: 0x0000000000500000
R14: 0x0000000000000000
R15: 0x0000000000000000
Fighter correlations:
RCX -> Slot 0 / Gen 1
RDX -> —
[00:24:09] HARDWARE WRITE TRAP
Sequence: 269
TraceSessionId: 639214175255927292
WatchId: 639214175255927293
ThreadId: 18620
TrapRip: 0x00007FF68FAFCC99
NormalizedTrapRip / code context: NativeProbe | DBXV2.exe+0xBCC99 | code[-32,+16]=0085C075580F57D20F2FF27250F30F58B3000100000F2FF2F30F11B300010000720FF30F108304010000F30F5DC60F28
WatchedAddress: 0x0000019869C77BB0
AccessWidth: 4
AccessType: Write
XMM0.scalar: 0 (0x00000000)
XMM6.scalar: 333.03891 (0x43A684FB)
DR6: 0x00000000FFFF0FF1
DR7: 0x00000000000D0401
RAX: 0x0000000000000000
RBX: 0x0000019869C77AB0
RCX: 0x0000019869C77AB0
RDX: 0x0000000000000000
RSI: 0x0000000000000000
RDI: 0x0000019869C77AB0
RBP: 0x0000006D39CDF600
R8: 0x0000000000000000
R9: 0x000000000000000E
R10: 0x00007FF690A2AA98
R11: 0x0000006D39CDF4E0
R12: 0x0000000000000000
R13: 0x0000000000500000
R14: 0x0000000000000000
R15: 0x0000000000000000
Fighter correlations:
RCX -> Slot 0 / Gen 1
RDX -> —
[00:24:09] HARDWARE WRITE TRAP
Sequence: 270
TraceSessionId: 639214175255927292
WatchId: 639214175255927293
ThreadId: 18620
TrapRip: 0x00007FF68FAFCCC5
NormalizedTrapRip / code context: NativeProbe | DBXV2.exe+0xBCCC5 | code[-32,+16]=5DC60F28D0F30F108B040100000F28C2F30F588308010000F30F1193000100000F2FC1760CF30F5CCAF30F118B080100
WatchedAddress: 0x0000019869C77BB0
AccessWidth: 4
AccessType: Write
XMM0.scalar: 333.03891 (0x43A684FB)
XMM6.scalar: 333.03891 (0x43A684FB)
DR6: 0x00000000FFFF0FF1
DR7: 0x00000000000D0401
RAX: 0x0000000000000000
RBX: 0x0000019869C77AB0
RCX: 0x0000019869C77AB0
RDX: 0x0000000000000000
RSI: 0x0000000000000000
RDI: 0x0000019869C77AB0
RBP: 0x0000006D39CDF600
R8: 0x0000000000000000
R9: 0x000000000000000E
R10: 0x00007FF690A2AA98
R11: 0x0000006D39CDF4E0
R12: 0x0000000000000000
R13: 0x0000000000500000
R14: 0x0000000000000000
R15: 0x0000000000000000
Fighter correlations:
RCX -> Slot 0 / Gen 1
RDX -> —
[00:24:09] HARDWARE WRITE TRAP
Sequence: 271
TraceSessionId: 639214175255927292
WatchId: 639214175255927293
ThreadId: 18620
TrapRip: 0x00007FF68FAFCC99
NormalizedTrapRip / code context: NativeProbe | DBXV2.exe+0xBCC99 | code[-32,+16]=0085C075580F57D20F2FF27250F30F58B3000100000F2FF2F30F11B300010000720FF30F108304010000F30F5DC60F28
WatchedAddress: 0x0000019869C77BB0
AccessWidth: 4
AccessType: Write
XMM0.scalar: 0 (0x00000000)
XMM6.scalar: 333.03891 (0x43A684FB)
DR6: 0x00000000FFFF0FF1
DR7: 0x00000000000D0401
RAX: 0x0000000000000000
RBX: 0x0000019869C77AB0
RCX: 0x0000019869C77AB0
RDX: 0x0000000000000000
RSI: 0x0000000000000000
RDI: 0x0000019869C77AB0
RBP: 0x0000006D39CDF600
R8: 0x0000000000000000
R9: 0x000000000000000E
R10: 0x00007FF690A2AA98
R11: 0x0000006D39CDF4E0
R12: 0x0000000000000000
R13: 0x0000000000500000
R14: 0x0000000000000000
R15: 0x0000000000000000
Fighter correlations:
RCX -> Slot 0 / Gen 1
RDX -> —
[00:24:09] HARDWARE WRITE TRAP
Sequence: 272
TraceSessionId: 639214175255927292
WatchId: 639214175255927293
ThreadId: 18620
TrapRip: 0x00007FF68FAFCCC5
NormalizedTrapRip / code context: NativeProbe | DBXV2.exe+0xBCCC5 | code[-32,+16]=5DC60F28D0F30F108B040100000F28C2F30F588308010000F30F1193000100000F2FC1760CF30F5CCAF30F118B080100
WatchedAddress: 0x0000019869C77BB0
AccessWidth: 4
AccessType: Write
XMM0.scalar: 333.03891 (0x43A684FB)
XMM6.scalar: 333.03891 (0x43A684FB)
DR6: 0x00000000FFFF0FF1
DR7: 0x00000000000D0401
RAX: 0x0000000000000000
RBX: 0x0000019869C77AB0
RCX: 0x0000019869C77AB0
RDX: 0x0000000000000000
RSI: 0x0000000000000000
RDI: 0x0000019869C77AB0
RBP: 0x0000006D39CDF600
R8: 0x0000000000000000
R9: 0x000000000000000E
R10: 0x00007FF690A2AA98
R11: 0x0000006D39CDF4E0
R12: 0x0000000000000000
R13: 0x0000000000500000
R14: 0x0000000000000000
R15: 0x0000000000000000
Fighter correlations:
RCX -> Slot 0 / Gen 1
RDX -> —
[00:24:09] HARDWARE WRITE TRAP
Sequence: 273
TraceSessionId: 639214175255927292
WatchId: 639214175255927293
ThreadId: 16992
TrapRip: 0x00007FF68FAFCC99
NormalizedTrapRip / code context: NativeProbe | DBXV2.exe+0xBCC99 | code[-32,+16]=0085C075580F57D20F2FF27250F30F58B3000100000F2FF2F30F11B300010000720FF30F108304010000F30F5DC60F28
WatchedAddress: 0x0000019869C77BB0
AccessWidth: 4
AccessType: Write
XMM0.scalar: 0 (0x00000000)
XMM6.scalar: 333.03891 (0x43A684FB)
DR6: 0x00000000FFFF0FF1
DR7: 0x00000000000D0401
RAX: 0x0000000000000000
RBX: 0x0000019869C77AB0
RCX: 0x0000019869C77AB0
RDX: 0x0000000000000000
RSI: 0x0000000000000000
RDI: 0x0000019869C77AB0
RBP: 0x0000006D398DFA20
R8: 0x0000000000000000
R9: 0x000000000000000E
R10: 0x00007FF690A2AA98
R11: 0x0000006D398DF900
R12: 0x0000000000000000
R13: 0x0000000000500000
R14: 0x0000000000000000
R15: 0x0000000000000000
Fighter correlations:
RCX -> Slot 0 / Gen 1
RDX -> —
[00:24:09] HARDWARE WRITE TRAP
Sequence: 274
TraceSessionId: 639214175255927292
WatchId: 639214175255927293
ThreadId: 16992
TrapRip: 0x00007FF68FAFCCC5
NormalizedTrapRip / code context: NativeProbe | DBXV2.exe+0xBCCC5 | code[-32,+16]=5DC60F28D0F30F108B040100000F28C2F30F588308010000F30F1193000100000F2FC1760CF30F5CCAF30F118B080100
WatchedAddress: 0x0000019869C77BB0
AccessWidth: 4
AccessType: Write
XMM0.scalar: 333.03891 (0x43A684FB)
XMM6.scalar: 333.03891 (0x43A684FB)
DR6: 0x00000000FFFF0FF1
DR7: 0x00000000000D0401
RAX: 0x0000000000000000
RBX: 0x0000019869C77AB0
RCX: 0x0000019869C77AB0
RDX: 0x0000000000000000
RSI: 0x0000000000000000
RDI: 0x0000019869C77AB0
RBP: 0x0000006D398DFA20
R8: 0x0000000000000000
R9: 0x000000000000000E
R10: 0x00007FF690A2AA98
R11: 0x0000006D398DF900
R12: 0x0000000000000000
R13: 0x0000000000500000
R14: 0x0000000000000000
R15: 0x0000000000000000
Fighter correlations:
RCX -> Slot 0 / Gen 1
RDX -> —
[00:24:09] HARDWARE WRITE TRAP
Sequence: 275
TraceSessionId: 639214175255927292
WatchId: 639214175255927293
ThreadId: 18620
TrapRip: 0x00007FF68FAFCC99
NormalizedTrapRip / code context: NativeProbe | DBXV2.exe+0xBCC99 | code[-32,+16]=0085C075580F57D20F2FF27250F30F58B3000100000F2FF2F30F11B300010000720FF30F108304010000F30F5DC60F28
WatchedAddress: 0x0000019869C77BB0
AccessWidth: 4
AccessType: Write
XMM0.scalar: 0 (0x00000000)
XMM6.scalar: 333.03891 (0x43A684FB)
DR6: 0x00000000FFFF0FF1
DR7: 0x00000000000D0401
RAX: 0x0000000000000000
RBX: 0x0000019869C77AB0
RCX: 0x0000019869C77AB0
RDX: 0x0000000000000000
RSI: 0x0000000000000000
RDI: 0x0000019869C77AB0
RBP: 0x0000006D39CDF600
R8: 0x0000000000000000
R9: 0x000000000000000E
R10: 0x00007FF690A2AA98
R11: 0x0000006D39CDF4E0
R12: 0x0000000000000000
R13: 0x0000000000500000
R14: 0x0000000000000000
R15: 0x0000000000000000
Fighter correlations:
RCX -> Slot 0 / Gen 1
RDX -> —
[00:24:09] HARDWARE WRITE TRAP
Sequence: 276
TraceSessionId: 639214175255927292
WatchId: 639214175255927293
ThreadId: 18620
TrapRip: 0x00007FF68FAFCCC5
NormalizedTrapRip / code context: NativeProbe | DBXV2.exe+0xBCCC5 | code[-32,+16]=5DC60F28D0F30F108B040100000F28C2F30F588308010000F30F1193000100000F2FC1760CF30F5CCAF30F118B080100
WatchedAddress: 0x0000019869C77BB0
AccessWidth: 4
AccessType: Write
XMM0.scalar: 333.03891 (0x43A684FB)
XMM6.scalar: 333.03891 (0x43A684FB)
DR6: 0x00000000FFFF0FF1
DR7: 0x00000000000D0401
RAX: 0x0000000000000000
RBX: 0x0000019869C77AB0
RCX: 0x0000019869C77AB0
RDX: 0x0000000000000000
RSI: 0x0000000000000000
RDI: 0x0000019869C77AB0
RBP: 0x0000006D39CDF600
R8: 0x0000000000000000
R9: 0x000000000000000E
R10: 0x00007FF690A2AA98
R11: 0x0000006D39CDF4E0
R12: 0x0000000000000000
R13: 0x0000000000500000
R14: 0x0000000000000000
R15: 0x0000000000000000
Fighter correlations:
RCX -> Slot 0 / Gen 1
RDX -> —
[00:24:10] HARDWARE WRITE TRAP
Sequence: 277
TraceSessionId: 639214175255927292
WatchId: 639214175255927293
ThreadId: 11196
TrapRip: 0x00007FF68FAFCC99
NormalizedTrapRip / code context: NativeProbe | DBXV2.exe+0xBCC99 | code[-32,+16]=0085C075580F57D20F2FF27250F30F58B3000100000F2FF2F30F11B300010000720FF30F108304010000F30F5DC60F28
WatchedAddress: 0x0000019869C77BB0
AccessWidth: 4
AccessType: Write
XMM0.scalar: 0 (0x00000000)
XMM6.scalar: 333.03891 (0x43A684FB)
DR6: 0x00000000FFFF0FF1
DR7: 0x00000000000D0401
RAX: 0x0000000000000000
RBX: 0x0000019869C77AB0
RCX: 0x0000019869C77AB0
RDX: 0x0000000000000000
RSI: 0x0000000000000000
RDI: 0x0000019869C77AB0
RBP: 0x0000006D399DFA10
R8: 0x0000000000000000
R9: 0x000000000000000E
R10: 0x00007FF690A2AA98
R11: 0x0000006D399DF8F0
R12: 0x0000000000000000
R13: 0x0000000000500000
R14: 0x0000000000000000
R15: 0x0000000000000000
Fighter correlations:
RCX -> Slot 0 / Gen 1
RDX -> —
[00:24:10] HARDWARE WRITE TRAP
Sequence: 278
TraceSessionId: 639214175255927292
WatchId: 639214175255927293
ThreadId: 11196
TrapRip: 0x00007FF68FAFCCC5
NormalizedTrapRip / code context: NativeProbe | DBXV2.exe+0xBCCC5 | code[-32,+16]=5DC60F28D0F30F108B040100000F28C2F30F588308010000F30F1193000100000F2FC1760CF30F5CCAF30F118B080100
WatchedAddress: 0x0000019869C77BB0
AccessWidth: 4
AccessType: Write
XMM0.scalar: 333.03891 (0x43A684FB)
XMM6.scalar: 333.03891 (0x43A684FB)
DR6: 0x00000000FFFF0FF1
DR7: 0x00000000000D0401
RAX: 0x0000000000000000
RBX: 0x0000019869C77AB0
RCX: 0x0000019869C77AB0
RDX: 0x0000000000000000
RSI: 0x0000000000000000
RDI: 0x0000019869C77AB0
RBP: 0x0000006D399DFA10
R8: 0x0000000000000000
R9: 0x000000000000000E
R10: 0x00007FF690A2AA98
R11: 0x0000006D399DF8F0
R12: 0x0000000000000000
R13: 0x0000000000500000
R14: 0x0000000000000000
R15: 0x0000000000000000
Fighter correlations:
RCX -> Slot 0 / Gen 1
RDX -> —
[00:24:10] HARDWARE WRITE TRAP
Sequence: 279
TraceSessionId: 639214175255927292
WatchId: 639214175255927293
ThreadId: 18620
TrapRip: 0x00007FF68FAFCC99
NormalizedTrapRip / code context: NativeProbe | DBXV2.exe+0xBCC99 | code[-32,+16]=0085C075580F57D20F2FF27250F30F58B3000100000F2FF2F30F11B300010000720FF30F108304010000F30F5DC60F28
WatchedAddress: 0x0000019869C77BB0
AccessWidth: 4
AccessType: Write
XMM0.scalar: 0 (0x00000000)
XMM6.scalar: 333.03891 (0x43A684FB)
DR6: 0x00000000FFFF0FF1
DR7: 0x00000000000D0401
RAX: 0x0000000000000000
RBX: 0x0000019869C77AB0
RCX: 0x0000019869C77AB0
RDX: 0x0000000000000000
RSI: 0x0000000000000000
RDI: 0x0000019869C77AB0
RBP: 0x0000006D39CDF600
R8: 0x0000000000000000
R9: 0x000000000000000E
R10: 0x00007FF690A2AA98
R11: 0x0000006D39CDF4E0
R12: 0x0000000000000000
R13: 0x0000000000500000
R14: 0x0000000000000000
R15: 0x0000000000000000
Fighter correlations:
RCX -> Slot 0 / Gen 1
RDX -> —
[00:24:10] HARDWARE WRITE TRAP
Sequence: 280
TraceSessionId: 639214175255927292
WatchId: 639214175255927293
ThreadId: 18620
TrapRip: 0x00007FF68FAFCCC5
NormalizedTrapRip / code context: NativeProbe | DBXV2.exe+0xBCCC5 | code[-32,+16]=5DC60F28D0F30F108B040100000F28C2F30F588308010000F30F1193000100000F2FC1760CF30F5CCAF30F118B080100
WatchedAddress: 0x0000019869C77BB0
AccessWidth: 4
AccessType: Write
XMM0.scalar: 333.03891 (0x43A684FB)
XMM6.scalar: 333.03891 (0x43A684FB)
DR6: 0x00000000FFFF0FF1
DR7: 0x00000000000D0401
RAX: 0x0000000000000000
RBX: 0x0000019869C77AB0
RCX: 0x0000019869C77AB0
RDX: 0x0000000000000000
RSI: 0x0000000000000000
RDI: 0x0000019869C77AB0
RBP: 0x0000006D39CDF600
R8: 0x0000000000000000
R9: 0x000000000000000E
R10: 0x00007FF690A2AA98
R11: 0x0000006D39CDF4E0
R12: 0x0000000000000000
R13: 0x0000000000500000
R14: 0x0000000000000000
R15: 0x0000000000000000
Fighter correlations:
RCX -> Slot 0 / Gen 1
RDX -> —
[00:24:10] HARDWARE WRITE TRAP
Sequence: 281
TraceSessionId: 639214175255927292
WatchId: 639214175255927293
ThreadId: 24252
TrapRip: 0x00007FF68FAFCC99
NormalizedTrapRip / code context: NativeProbe | DBXV2.exe+0xBCC99 | code[-32,+16]=0085C075580F57D20F2FF27250F30F58B3000100000F2FF2F30F11B300010000720FF30F108304010000F30F5DC60F28
WatchedAddress: 0x0000019869C77BB0
AccessWidth: 4
AccessType: Write
XMM0.scalar: 0 (0x00000000)
XMM6.scalar: 333.03891 (0x43A684FB)
DR6: 0x00000000FFFF0FF1
DR7: 0x00000000000D0401
RAX: 0x0000000000000000
RBX: 0x0000019869C77AB0
RCX: 0x0000019869C77AB0
RDX: 0x0000000000000000
RSI: 0x0000000000000000
RDI: 0x0000019869C77AB0
RBP: 0x0000006D39FDF6D0
R8: 0x0000000000000000
R9: 0x000000000000000E
R10: 0x00007FF690A2AA98
R11: 0x0000006D39FDF5B0
R12: 0x0000000000000000
R13: 0x0000000000500000
R14: 0x0000000000000000
R15: 0x0000000000000000
Fighter correlations:
RCX -> Slot 0 / Gen 1
RDX -> —
[00:24:10] HARDWARE WRITE TRAP
Sequence: 282
TraceSessionId: 639214175255927292
WatchId: 639214175255927293
ThreadId: 24252
TrapRip: 0x00007FF68FAFCCC5
NormalizedTrapRip / code context: NativeProbe | DBXV2.exe+0xBCCC5 | code[-32,+16]=5DC60F28D0F30F108B040100000F28C2F30F588308010000F30F1193000100000F2FC1760CF30F5CCAF30F118B080100
WatchedAddress: 0x0000019869C77BB0
AccessWidth: 4
AccessType: Write
XMM0.scalar: 333.03891 (0x43A684FB)
XMM6.scalar: 333.03891 (0x43A684FB)
DR6: 0x00000000FFFF0FF1
DR7: 0x00000000000D0401
RAX: 0x0000000000000000
RBX: 0x0000019869C77AB0
RCX: 0x0000019869C77AB0
RDX: 0x0000000000000000
RSI: 0x0000000000000000
RDI: 0x0000019869C77AB0
RBP: 0x0000006D39FDF6D0
R8: 0x0000000000000000
R9: 0x000000000000000E
R10: 0x00007FF690A2AA98
R11: 0x0000006D39FDF5B0
R12: 0x0000000000000000
R13: 0x0000000000500000
R14: 0x0000000000000000
R15: 0x0000000000000000
Fighter correlations:
RCX -> Slot 0 / Gen 1
RDX -> —
[00:24:10] HARDWARE WRITE TRAP
Sequence: 283
TraceSessionId: 639214175255927292
WatchId: 639214175255927293
ThreadId: 23268
TrapRip: 0x00007FF68FAFCC99
NormalizedTrapRip / code context: NativeProbe | DBXV2.exe+0xBCC99 | code[-32,+16]=0085C075580F57D20F2FF27250F30F58B3000100000F2FF2F30F11B300010000720FF30F108304010000F30F5DC60F28
WatchedAddress: 0x0000019869C77BB0
AccessWidth: 4
AccessType: Write
XMM0.scalar: 0 (0x00000000)
XMM6.scalar: 333.03891 (0x43A684FB)
DR6: 0x00000000FFFF0FF1
DR7: 0x00000000000D0401
RAX: 0x0000000000000000
RBX: 0x0000019869C77AB0
RCX: 0x0000019869C77AB0
RDX: 0x0000000000000000
RSI: 0x0000000000000000
RDI: 0x0000019869C77AB0
RBP: 0x0000006D39DDFB50
R8: 0x0000000000000000
R9: 0x000000000000000E
R10: 0x00007FF690A2AA98
R11: 0x0000006D39DDFA30
R12: 0x0000000000000000
R13: 0x0000000000500000
R14: 0x0000000000000000
R15: 0x0000000000000000
Fighter correlations:
RCX -> Slot 0 / Gen 1
RDX -> —
[00:24:10] HARDWARE WRITE TRAP
Sequence: 284
TraceSessionId: 639214175255927292
WatchId: 639214175255927293
ThreadId: 23268
TrapRip: 0x00007FF68FAFCCC5
NormalizedTrapRip / code context: NativeProbe | DBXV2.exe+0xBCCC5 | code[-32,+16]=5DC60F28D0F30F108B040100000F28C2F30F588308010000F30F1193000100000F2FC1760CF30F5CCAF30F118B080100
WatchedAddress: 0x0000019869C77BB0
AccessWidth: 4
AccessType: Write
XMM0.scalar: 333.03891 (0x43A684FB)
XMM6.scalar: 333.03891 (0x43A684FB)
DR6: 0x00000000FFFF0FF1
DR7: 0x00000000000D0401
RAX: 0x0000000000000000
RBX: 0x0000019869C77AB0
RCX: 0x0000019869C77AB0
RDX: 0x0000000000000000
RSI: 0x0000000000000000
RDI: 0x0000019869C77AB0
RBP: 0x0000006D39DDFB50
R8: 0x0000000000000000
R9: 0x000000000000000E
R10: 0x00007FF690A2AA98
R11: 0x0000006D39DDFA30
R12: 0x0000000000000000
R13: 0x0000000000500000
R14: 0x0000000000000000
R15: 0x0000000000000000
Fighter correlations:
RCX -> Slot 0 / Gen 1
RDX -> —
[00:24:10] HARDWARE WRITE TRAP
Sequence: 285
TraceSessionId: 639214175255927292
WatchId: 639214175255927293
ThreadId: 18620
TrapRip: 0x00007FF68FAFCC99
NormalizedTrapRip / code context: NativeProbe | DBXV2.exe+0xBCC99 | code[-32,+16]=0085C075580F57D20F2FF27250F30F58B3000100000F2FF2F30F11B300010000720FF30F108304010000F30F5DC60F28
WatchedAddress: 0x0000019869C77BB0
AccessWidth: 4
AccessType: Write
XMM0.scalar: 0 (0x00000000)
XMM6.scalar: 333.03891 (0x43A684FB)
DR6: 0x00000000FFFF0FF1
DR7: 0x00000000000D0401
RAX: 0x0000000000000000
RBX: 0x0000019869C77AB0
RCX: 0x0000019869C77AB0
RDX: 0x0000000000000000
RSI: 0x0000000000000000
RDI: 0x0000019869C77AB0
RBP: 0x0000006D39CDF600
R8: 0x0000000000000000
R9: 0x000000000000000E
R10: 0x00007FF690A2AA98
R11: 0x0000006D39CDF4E0
R12: 0x0000000000000000
R13: 0x0000000000500000
R14: 0x0000000000000000
R15: 0x0000000000000000
Fighter correlations:
RCX -> Slot 0 / Gen 1
RDX -> —
[00:24:10] HARDWARE WRITE TRAP
Sequence: 286
TraceSessionId: 639214175255927292
WatchId: 639214175255927293
ThreadId: 18620
TrapRip: 0x00007FF68FAFCCC5
NormalizedTrapRip / code context: NativeProbe | DBXV2.exe+0xBCCC5 | code[-32,+16]=5DC60F28D0F30F108B040100000F28C2F30F588308010000F30F1193000100000F2FC1760CF30F5CCAF30F118B080100
WatchedAddress: 0x0000019869C77BB0
AccessWidth: 4
AccessType: Write
XMM0.scalar: 333.03891 (0x43A684FB)
XMM6.scalar: 333.03891 (0x43A684FB)
DR6: 0x00000000FFFF0FF1
DR7: 0x00000000000D0401
RAX: 0x0000000000000000
RBX: 0x0000019869C77AB0
RCX: 0x0000019869C77AB0
RDX: 0x0000000000000000
RSI: 0x0000000000000000
RDI: 0x0000019869C77AB0
RBP: 0x0000006D39CDF600
R8: 0x0000000000000000
R9: 0x000000000000000E
R10: 0x00007FF690A2AA98
R11: 0x0000006D39CDF4E0
R12: 0x0000000000000000
R13: 0x0000000000500000
R14: 0x0000000000000000
R15: 0x0000000000000000
Fighter correlations:
RCX -> Slot 0 / Gen 1
RDX -> —
[00:24:10] HARDWARE WRITE TRAP
Sequence: 287
TraceSessionId: 639214175255927292
WatchId: 639214175255927293
ThreadId: 18620
TrapRip: 0x00007FF68FAFCC99
NormalizedTrapRip / code context: NativeProbe | DBXV2.exe+0xBCC99 | code[-32,+16]=0085C075580F57D20F2FF27250F30F58B3000100000F2FF2F30F11B300010000720FF30F108304010000F30F5DC60F28
WatchedAddress: 0x0000019869C77BB0
AccessWidth: 4
AccessType: Write
XMM0.scalar: 0 (0x00000000)
XMM6.scalar: 333.03891 (0x43A684FB)
DR6: 0x00000000FFFF0FF1
DR7: 0x00000000000D0401
RAX: 0x0000000000000000
RBX: 0x0000019869C77AB0
RCX: 0x0000019869C77AB0
RDX: 0x0000000000000000
RSI: 0x0000000000000000
RDI: 0x0000019869C77AB0
RBP: 0x0000006D39CDF600
R8: 0x0000000000000000
R9: 0x000000000000000E
R10: 0x00007FF690A2AA98
R11: 0x0000006D39CDF4E0
R12: 0x0000000000000000
R13: 0x0000000000500000
R14: 0x0000000000000000
R15: 0x0000000000000000
Fighter correlations:
RCX -> Slot 0 / Gen 1
RDX -> —
[00:24:10] HARDWARE WRITE TRAP
Sequence: 288
TraceSessionId: 639214175255927292
WatchId: 639214175255927293
ThreadId: 18620
TrapRip: 0x00007FF68FAFCCC5
NormalizedTrapRip / code context: NativeProbe | DBXV2.exe+0xBCCC5 | code[-32,+16]=5DC60F28D0F30F108B040100000F28C2F30F588308010000F30F1193000100000F2FC1760CF30F5CCAF30F118B080100
WatchedAddress: 0x0000019869C77BB0
AccessWidth: 4
AccessType: Write
XMM0.scalar: 333.03891 (0x43A684FB)
XMM6.scalar: 333.03891 (0x43A684FB)
DR6: 0x00000000FFFF0FF1
DR7: 0x00000000000D0401
RAX: 0x0000000000000000
RBX: 0x0000019869C77AB0
RCX: 0x0000019869C77AB0
RDX: 0x0000000000000000
RSI: 0x0000000000000000
RDI: 0x0000019869C77AB0
RBP: 0x0000006D39CDF600
R8: 0x0000000000000000
R9: 0x000000000000000E
R10: 0x00007FF690A2AA98
R11: 0x0000006D39CDF4E0
R12: 0x0000000000000000
R13: 0x0000000000500000
R14: 0x0000000000000000
R15: 0x0000000000000000
Fighter correlations:
RCX -> Slot 0 / Gen 1
RDX -> —
[00:24:10] HARDWARE WRITE TRAP
Sequence: 289
TraceSessionId: 639214175255927292
WatchId: 639214175255927293
ThreadId: 24252
TrapRip: 0x00007FF68FAFCC99
NormalizedTrapRip / code context: NativeProbe | DBXV2.exe+0xBCC99 | code[-32,+16]=0085C075580F57D20F2FF27250F30F58B3000100000F2FF2F30F11B300010000720FF30F108304010000F30F5DC60F28
WatchedAddress: 0x0000019869C77BB0
AccessWidth: 4
AccessType: Write
XMM0.scalar: 0 (0x00000000)
XMM6.scalar: 333.03891 (0x43A684FB)
DR6: 0x00000000FFFF0FF1
DR7: 0x00000000000D0401
RAX: 0x0000000000000000
RBX: 0x0000019869C77AB0
RCX: 0x0000019869C77AB0
RDX: 0x0000000000000000
RSI: 0x0000000000000000
RDI: 0x0000019869C77AB0
RBP: 0x0000006D39FDF6D0
R8: 0x0000000000000000
R9: 0x000000000000000E
R10: 0x00007FF690A2AA98
R11: 0x0000006D39FDF5B0
R12: 0x0000000000000000
R13: 0x0000000000500000
R14: 0x0000000000000000
R15: 0x0000000000000000
Fighter correlations:
RCX -> Slot 0 / Gen 1
RDX -> —
[00:24:10] HARDWARE WRITE TRAP
Sequence: 290
TraceSessionId: 639214175255927292
WatchId: 639214175255927293
ThreadId: 24252
TrapRip: 0x00007FF68FAFCCC5
NormalizedTrapRip / code context: NativeProbe | DBXV2.exe+0xBCCC5 | code[-32,+16]=5DC60F28D0F30F108B040100000F28C2F30F588308010000F30F1193000100000F2FC1760CF30F5CCAF30F118B080100
WatchedAddress: 0x0000019869C77BB0
AccessWidth: 4
AccessType: Write
XMM0.scalar: 333.03891 (0x43A684FB)
XMM6.scalar: 333.03891 (0x43A684FB)
DR6: 0x00000000FFFF0FF1
DR7: 0x00000000000D0401
RAX: 0x0000000000000000
RBX: 0x0000019869C77AB0
RCX: 0x0000019869C77AB0
RDX: 0x0000000000000000
RSI: 0x0000000000000000
RDI: 0x0000019869C77AB0
RBP: 0x0000006D39FDF6D0
R8: 0x0000000000000000
R9: 0x000000000000000E
R10: 0x00007FF690A2AA98
R11: 0x0000006D39FDF5B0
R12: 0x0000000000000000
R13: 0x0000000000500000
R14: 0x0000000000000000
R15: 0x0000000000000000
Fighter correlations:
RCX -> Slot 0 / Gen 1
RDX -> —
[00:24:10] HARDWARE WRITE TRAP
Sequence: 291
TraceSessionId: 639214175255927292
WatchId: 639214175255927293
ThreadId: 23268
TrapRip: 0x00007FF68FAFCC99
NormalizedTrapRip / code context: NativeProbe | DBXV2.exe+0xBCC99 | code[-32,+16]=0085C075580F57D20F2FF27250F30F58B3000100000F2FF2F30F11B300010000720FF30F108304010000F30F5DC60F28
WatchedAddress: 0x0000019869C77BB0
AccessWidth: 4
AccessType: Write
XMM0.scalar: 0 (0x00000000)
XMM6.scalar: 333.03891 (0x43A684FB)
DR6: 0x00000000FFFF0FF1
DR7: 0x00000000000D0401
RAX: 0x0000000000000000
RBX: 0x0000019869C77AB0
RCX: 0x0000019869C77AB0
RDX: 0x0000000000000000
RSI: 0x0000000000000000
RDI: 0x0000019869C77AB0
RBP: 0x0000006D39DDFB50
R8: 0x0000000000000000
R9: 0x000000000000000E
R10: 0x00007FF690A2AA98
R11: 0x0000006D39DDFA30
R12: 0x0000000000000000
R13: 0x0000000000500000
R14: 0x0000000000000000
R15: 0x0000000000000000
Fighter correlations:
RCX -> Slot 0 / Gen 1
RDX -> —
[00:24:10] HARDWARE WRITE TRAP
Sequence: 292
TraceSessionId: 639214175255927292
WatchId: 639214175255927293
ThreadId: 23268
TrapRip: 0x00007FF68FAFCCC5
NormalizedTrapRip / code context: NativeProbe | DBXV2.exe+0xBCCC5 | code[-32,+16]=5DC60F28D0F30F108B040100000F28C2F30F588308010000F30F1193000100000F2FC1760CF30F5CCAF30F118B080100
WatchedAddress: 0x0000019869C77BB0
AccessWidth: 4
AccessType: Write
XMM0.scalar: 333.03891 (0x43A684FB)
XMM6.scalar: 333.03891 (0x43A684FB)
DR6: 0x00000000FFFF0FF1
DR7: 0x00000000000D0401
RAX: 0x0000000000000000
RBX: 0x0000019869C77AB0
RCX: 0x0000019869C77AB0
RDX: 0x0000000000000000
RSI: 0x0000000000000000
RDI: 0x0000019869C77AB0
RBP: 0x0000006D39DDFB50
R8: 0x0000000000000000
R9: 0x000000000000000E
R10: 0x00007FF690A2AA98
R11: 0x0000006D39DDFA30
R12: 0x0000000000000000
R13: 0x0000000000500000
R14: 0x0000000000000000
R15: 0x0000000000000000
Fighter correlations:
RCX -> Slot 0 / Gen 1
RDX -> —
[00:24:10] HARDWARE WRITE TRAP
Sequence: 293
TraceSessionId: 639214175255927292
WatchId: 639214175255927293
ThreadId: 18620
TrapRip: 0x00007FF68FAFCC99
NormalizedTrapRip / code context: NativeProbe | DBXV2.exe+0xBCC99 | code[-32,+16]=0085C075580F57D20F2FF27250F30F58B3000100000F2FF2F30F11B300010000720FF30F108304010000F30F5DC60F28
WatchedAddress: 0x0000019869C77BB0
AccessWidth: 4
AccessType: Write
XMM0.scalar: 0 (0x00000000)
XMM6.scalar: 333.03891 (0x43A684FB)
DR6: 0x00000000FFFF0FF1
DR7: 0x00000000000D0401
RAX: 0x0000000000000000
RBX: 0x0000019869C77AB0
RCX: 0x0000019869C77AB0
RDX: 0x0000000000000000
RSI: 0x0000000000000000
RDI: 0x0000019869C77AB0
RBP: 0x0000006D39CDF600
R8: 0x0000000000000000
R9: 0x000000000000000E
R10: 0x00007FF690A2AA98
R11: 0x0000006D39CDF4E0
R12: 0x0000000000000000
R13: 0x0000000000500000
R14: 0x0000000000000000
R15: 0x0000000000000000
Fighter correlations:
RCX -> Slot 0 / Gen 1
RDX -> —
[00:24:10] HARDWARE WRITE TRAP
Sequence: 294
TraceSessionId: 639214175255927292
WatchId: 639214175255927293
ThreadId: 18620
TrapRip: 0x00007FF68FAFCCC5
NormalizedTrapRip / code context: NativeProbe | DBXV2.exe+0xBCCC5 | code[-32,+16]=5DC60F28D0F30F108B040100000F28C2F30F588308010000F30F1193000100000F2FC1760CF30F5CCAF30F118B080100
WatchedAddress: 0x0000019869C77BB0
AccessWidth: 4
AccessType: Write
XMM0.scalar: 333.03891 (0x43A684FB)
XMM6.scalar: 333.03891 (0x43A684FB)
DR6: 0x00000000FFFF0FF1
DR7: 0x00000000000D0401
RAX: 0x0000000000000000
RBX: 0x0000019869C77AB0
RCX: 0x0000019869C77AB0
RDX: 0x0000000000000000
RSI: 0x0000000000000000
RDI: 0x0000019869C77AB0
RBP: 0x0000006D39CDF600
R8: 0x0000000000000000
R9: 0x000000000000000E
R10: 0x00007FF690A2AA98
R11: 0x0000006D39CDF4E0
R12: 0x0000000000000000
R13: 0x0000000000500000
R14: 0x0000000000000000
R15: 0x0000000000000000
Fighter correlations:
RCX -> Slot 0 / Gen 1
RDX -> —
[00:24:10] HARDWARE WRITE TRAP
Sequence: 295
TraceSessionId: 639214175255927292
WatchId: 639214175255927293
ThreadId: 24252
TrapRip: 0x00007FF68FAFCC99
NormalizedTrapRip / code context: NativeProbe | DBXV2.exe+0xBCC99 | code[-32,+16]=0085C075580F57D20F2FF27250F30F58B3000100000F2FF2F30F11B300010000720FF30F108304010000F30F5DC60F28
WatchedAddress: 0x0000019869C77BB0
AccessWidth: 4
AccessType: Write
XMM0.scalar: 0 (0x00000000)
XMM6.scalar: 333.03891 (0x43A684FB)
DR6: 0x00000000FFFF0FF1
DR7: 0x00000000000D0401
RAX: 0x0000000000000000
RBX: 0x0000019869C77AB0
RCX: 0x0000019869C77AB0
RDX: 0x0000000000000000
RSI: 0x0000000000000000
RDI: 0x0000019869C77AB0
RBP: 0x0000006D39FDF6D0
R8: 0x0000000000000000
R9: 0x000000000000000E
R10: 0x00007FF690A2AA98
R11: 0x0000006D39FDF5B0
R12: 0x0000000000000000
R13: 0x0000000000500000
R14: 0x0000000000000000
R15: 0x0000000000000000
Fighter correlations:
RCX -> Slot 0 / Gen 1
RDX -> —
[00:24:10] HARDWARE WRITE TRAP
Sequence: 296
TraceSessionId: 639214175255927292
WatchId: 639214175255927293
ThreadId: 24252
TrapRip: 0x00007FF68FAFCCC5
NormalizedTrapRip / code context: NativeProbe | DBXV2.exe+0xBCCC5 | code[-32,+16]=5DC60F28D0F30F108B040100000F28C2F30F588308010000F30F1193000100000F2FC1760CF30F5CCAF30F118B080100
WatchedAddress: 0x0000019869C77BB0
AccessWidth: 4
AccessType: Write
XMM0.scalar: 333.03891 (0x43A684FB)
XMM6.scalar: 333.03891 (0x43A684FB)
DR6: 0x00000000FFFF0FF1
DR7: 0x00000000000D0401
RAX: 0x0000000000000000
RBX: 0x0000019869C77AB0
RCX: 0x0000019869C77AB0
RDX: 0x0000000000000000
RSI: 0x0000000000000000
RDI: 0x0000019869C77AB0
RBP: 0x0000006D39FDF6D0
R8: 0x0000000000000000
R9: 0x000000000000000E
R10: 0x00007FF690A2AA98
R11: 0x0000006D39FDF5B0
R12: 0x0000000000000000
R13: 0x0000000000500000
R14: 0x0000000000000000
R15: 0x0000000000000000
Fighter correlations:
RCX -> Slot 0 / Gen 1
RDX -> —
[00:24:10] HARDWARE WRITE TRAP
Sequence: 297
TraceSessionId: 639214175255927292
WatchId: 639214175255927293
ThreadId: 17612
TrapRip: 0x00007FF68FAFCC99
NormalizedTrapRip / code context: NativeProbe | DBXV2.exe+0xBCC99 | code[-32,+16]=0085C075580F57D20F2FF27250F30F58B3000100000F2FF2F30F11B300010000720FF30F108304010000F30F5DC60F28
WatchedAddress: 0x0000019869C77BB0
AccessWidth: 4
AccessType: Write
XMM0.scalar: 0 (0x00000000)
XMM6.scalar: 333.03891 (0x43A684FB)
DR6: 0x00000000FFFF0FF1
DR7: 0x00000000000D0401
RAX: 0x0000000000000000
RBX: 0x0000019869C77AB0
RCX: 0x0000019869C77AB0
RDX: 0x0000000000000000
RSI: 0x0000000000000000
RDI: 0x0000019869C77AB0
RBP: 0x0000006D39EDFAA0
R8: 0x0000000000000000
R9: 0x000000000000000E
R10: 0x00007FF690A2AA98
R11: 0x0000006D39EDF980
R12: 0x0000000000000000
R13: 0x0000000000500000
R14: 0x0000000000000000
R15: 0x0000000000000000
Fighter correlations:
RCX -> Slot 0 / Gen 1
RDX -> —
[00:24:10] HARDWARE WRITE TRAP
Sequence: 298
TraceSessionId: 639214175255927292
WatchId: 639214175255927293
ThreadId: 17612
TrapRip: 0x00007FF68FAFCCC5
NormalizedTrapRip / code context: NativeProbe | DBXV2.exe+0xBCCC5 | code[-32,+16]=5DC60F28D0F30F108B040100000F28C2F30F588308010000F30F1193000100000F2FC1760CF30F5CCAF30F118B080100
WatchedAddress: 0x0000019869C77BB0
AccessWidth: 4
AccessType: Write
XMM0.scalar: 333.03891 (0x43A684FB)
XMM6.scalar: 333.03891 (0x43A684FB)
DR6: 0x00000000FFFF0FF1
DR7: 0x00000000000D0401
RAX: 0x0000000000000000
RBX: 0x0000019869C77AB0
RCX: 0x0000019869C77AB0
RDX: 0x0000000000000000
RSI: 0x0000000000000000
RDI: 0x0000019869C77AB0
RBP: 0x0000006D39EDFAA0
R8: 0x0000000000000000
R9: 0x000000000000000E
R10: 0x00007FF690A2AA98
R11: 0x0000006D39EDF980
R12: 0x0000000000000000
R13: 0x0000000000500000
R14: 0x0000000000000000
R15: 0x0000000000000000
Fighter correlations:
RCX -> Slot 0 / Gen 1
RDX -> —
[00:24:10] HARDWARE WRITE TRAP
Sequence: 299
TraceSessionId: 639214175255927292
WatchId: 639214175255927293
ThreadId: 23268
TrapRip: 0x00007FF68FAFCC99
NormalizedTrapRip / code context: NativeProbe | DBXV2.exe+0xBCC99 | code[-32,+16]=0085C075580F57D20F2FF27250F30F58B3000100000F2FF2F30F11B300010000720FF30F108304010000F30F5DC60F28
WatchedAddress: 0x0000019869C77BB0
AccessWidth: 4
AccessType: Write
XMM0.scalar: 0 (0x00000000)
XMM6.scalar: 333.03891 (0x43A684FB)
DR6: 0x00000000FFFF0FF1
DR7: 0x00000000000D0401
RAX: 0x0000000000000000
RBX: 0x0000019869C77AB0
RCX: 0x0000019869C77AB0
RDX: 0x0000000000000000
RSI: 0x0000000000000000
RDI: 0x0000019869C77AB0
RBP: 0x0000006D39DDFB50
R8: 0x0000000000000000
R9: 0x000000000000000E
R10: 0x00007FF690A2AA98
R11: 0x0000006D39DDFA30
R12: 0x0000000000000000
R13: 0x0000000000500000
R14: 0x0000000000000000
R15: 0x0000000000000000
Fighter correlations:
RCX -> Slot 0 / Gen 1
RDX -> —
[00:24:10] HARDWARE WRITE TRAP
Sequence: 300
TraceSessionId: 639214175255927292
WatchId: 639214175255927293
ThreadId: 23268
TrapRip: 0x00007FF68FAFCCC5
NormalizedTrapRip / code context: NativeProbe | DBXV2.exe+0xBCCC5 | code[-32,+16]=5DC60F28D0F30F108B040100000F28C2F30F588308010000F30F1193000100000F2FC1760CF30F5CCAF30F118B080100
WatchedAddress: 0x0000019869C77BB0
AccessWidth: 4
AccessType: Write
XMM0.scalar: 333.03891 (0x43A684FB)
XMM6.scalar: 333.03891 (0x43A684FB)
DR6: 0x00000000FFFF0FF1
DR7: 0x00000000000D0401
RAX: 0x0000000000000000
RBX: 0x0000019869C77AB0
RCX: 0x0000019869C77AB0
RDX: 0x0000000000000000
RSI: 0x0000000000000000
RDI: 0x0000019869C77AB0
RBP: 0x0000006D39DDFB50
R8: 0x0000000000000000
R9: 0x000000000000000E
R10: 0x00007FF690A2AA98
R11: 0x0000006D39DDFA30
R12: 0x0000000000000000
R13: 0x0000000000500000
R14: 0x0000000000000000
R15: 0x0000000000000000
Fighter correlations:
RCX -> Slot 0 / Gen 1
RDX -> —
[00:24:10] HARDWARE WRITE TRAP
Sequence: 301
TraceSessionId: 639214175255927292
WatchId: 639214175255927293
ThreadId: 18620
TrapRip: 0x00007FF68FAFCC99
NormalizedTrapRip / code context: NativeProbe | DBXV2.exe+0xBCC99 | code[-32,+16]=0085C075580F57D20F2FF27250F30F58B3000100000F2FF2F30F11B300010000720FF30F108304010000F30F5DC60F28
WatchedAddress: 0x0000019869C77BB0
AccessWidth: 4
AccessType: Write
XMM0.scalar: 0 (0x00000000)
XMM6.scalar: 333.03891 (0x43A684FB)
DR6: 0x00000000FFFF0FF1
DR7: 0x00000000000D0401
RAX: 0x0000000000000000
RBX: 0x0000019869C77AB0
RCX: 0x0000019869C77AB0
RDX: 0x0000000000000000
RSI: 0x0000000000000000
RDI: 0x0000019869C77AB0
RBP: 0x0000006D39CDF600
R8: 0x0000000000000000
R9: 0x000000000000000E
R10: 0x00007FF690A2AA98
R11: 0x0000006D39CDF4E0
R12: 0x0000000000000000
R13: 0x0000000000500000
R14: 0x0000000000000000
R15: 0x0000000000000000
Fighter correlations:
RCX -> Slot 0 / Gen 1
RDX -> —
[00:24:10] HARDWARE WRITE TRAP
Sequence: 302
TraceSessionId: 639214175255927292
WatchId: 639214175255927293
ThreadId: 18620
TrapRip: 0x00007FF68FAFCCC5
NormalizedTrapRip / code context: NativeProbe | DBXV2.exe+0xBCCC5 | code[-32,+16]=5DC60F28D0F30F108B040100000F28C2F30F588308010000F30F1193000100000F2FC1760CF30F5CCAF30F118B080100
WatchedAddress: 0x0000019869C77BB0
AccessWidth: 4
AccessType: Write
XMM0.scalar: 333.03891 (0x43A684FB)
XMM6.scalar: 333.03891 (0x43A684FB)
DR6: 0x00000000FFFF0FF1
DR7: 0x00000000000D0401
RAX: 0x0000000000000000
RBX: 0x0000019869C77AB0
RCX: 0x0000019869C77AB0
RDX: 0x0000000000000000
RSI: 0x0000000000000000
RDI: 0x0000019869C77AB0
RBP: 0x0000006D39CDF600
R8: 0x0000000000000000
R9: 0x000000000000000E
R10: 0x00007FF690A2AA98
R11: 0x0000006D39CDF4E0
R12: 0x0000000000000000
R13: 0x0000000000500000
R14: 0x0000000000000000
R15: 0x0000000000000000
Fighter correlations:
RCX -> Slot 0 / Gen 1
RDX -> —
[00:24:10] HARDWARE WRITE TRAP
Sequence: 303
TraceSessionId: 639214175255927292
WatchId: 639214175255927293
ThreadId: 24252
TrapRip: 0x00007FF68FAFCC99
NormalizedTrapRip / code context: NativeProbe | DBXV2.exe+0xBCC99 | code[-32,+16]=0085C075580F57D20F2FF27250F30F58B3000100000F2FF2F30F11B300010000720FF30F108304010000F30F5DC60F28
WatchedAddress: 0x0000019869C77BB0
AccessWidth: 4
AccessType: Write
XMM0.scalar: 0 (0x00000000)
XMM6.scalar: 333.03891 (0x43A684FB)
DR6: 0x00000000FFFF0FF1
DR7: 0x00000000000D0401
RAX: 0x0000000000000000
RBX: 0x0000019869C77AB0
RCX: 0x0000019869C77AB0
RDX: 0x0000000000000000
RSI: 0x0000000000000000
RDI: 0x0000019869C77AB0
RBP: 0x0000006D39FDF6D0
R8: 0x0000000000000000
R9: 0x000000000000000E
R10: 0x00007FF690A2AA98
R11: 0x0000006D39FDF5B0
R12: 0x0000000000000000
R13: 0x0000000000500000
R14: 0x0000000000000000
R15: 0x0000000000000000
Fighter correlations:
RCX -> Slot 0 / Gen 1
RDX -> —
[00:24:10] HARDWARE WRITE TRAP
Sequence: 304
TraceSessionId: 639214175255927292
WatchId: 639214175255927293
ThreadId: 24252
TrapRip: 0x00007FF68FAFCCC5
NormalizedTrapRip / code context: NativeProbe | DBXV2.exe+0xBCCC5 | code[-32,+16]=5DC60F28D0F30F108B040100000F28C2F30F588308010000F30F1193000100000F2FC1760CF30F5CCAF30F118B080100
WatchedAddress: 0x0000019869C77BB0
AccessWidth: 4
AccessType: Write
XMM0.scalar: 333.03891 (0x43A684FB)
XMM6.scalar: 333.03891 (0x43A684FB)
DR6: 0x00000000FFFF0FF1
DR7: 0x00000000000D0401
RAX: 0x0000000000000000
RBX: 0x0000019869C77AB0
RCX: 0x0000019869C77AB0
RDX: 0x0000000000000000
RSI: 0x0000000000000000
RDI: 0x0000019869C77AB0
RBP: 0x0000006D39FDF6D0
R8: 0x0000000000000000
R9: 0x000000000000000E
R10: 0x00007FF690A2AA98
R11: 0x0000006D39FDF5B0
R12: 0x0000000000000000
R13: 0x0000000000500000
R14: 0x0000000000000000
R15: 0x0000000000000000
Fighter correlations:
RCX -> Slot 0 / Gen 1
RDX -> —
[00:24:10] HARDWARE WRITE TRAP
Sequence: 305
TraceSessionId: 639214175255927292
WatchId: 639214175255927293
ThreadId: 18620
TrapRip: 0x00007FF68FAFCC99
NormalizedTrapRip / code context: NativeProbe | DBXV2.exe+0xBCC99 | code[-32,+16]=0085C075580F57D20F2FF27250F30F58B3000100000F2FF2F30F11B300010000720FF30F108304010000F30F5DC60F28
WatchedAddress: 0x0000019869C77BB0
AccessWidth: 4
AccessType: Write
XMM0.scalar: 0 (0x00000000)
XMM6.scalar: 333.03891 (0x43A684FB)
DR6: 0x00000000FFFF0FF1
DR7: 0x00000000000D0401
RAX: 0x0000000000000000
RBX: 0x0000019869C77AB0
RCX: 0x0000019869C77AB0
RDX: 0x0000000000000000
RSI: 0x0000000000000000
RDI: 0x0000019869C77AB0
RBP: 0x0000006D39CDF600
R8: 0x0000000000000000
R9: 0x000000000000000E
R10: 0x00007FF690A2AA98
R11: 0x0000006D39CDF4E0
R12: 0x0000000000000000
R13: 0x0000000000500000
R14: 0x0000000000000000
R15: 0x0000000000000000
Fighter correlations:
RCX -> Slot 0 / Gen 1
RDX -> —
[00:24:10] HARDWARE WRITE TRAP
Sequence: 306
TraceSessionId: 639214175255927292
WatchId: 639214175255927293
ThreadId: 18620
TrapRip: 0x00007FF68FAFCCC5
NormalizedTrapRip / code context: NativeProbe | DBXV2.exe+0xBCCC5 | code[-32,+16]=5DC60F28D0F30F108B040100000F28C2F30F588308010000F30F1193000100000F2FC1760CF30F5CCAF30F118B080100
WatchedAddress: 0x0000019869C77BB0
AccessWidth: 4
AccessType: Write
XMM0.scalar: 333.03891 (0x43A684FB)
XMM6.scalar: 333.03891 (0x43A684FB)
DR6: 0x00000000FFFF0FF1
DR7: 0x00000000000D0401
RAX: 0x0000000000000000
RBX: 0x0000019869C77AB0
RCX: 0x0000019869C77AB0
RDX: 0x0000000000000000
RSI: 0x0000000000000000
RDI: 0x0000019869C77AB0
RBP: 0x0000006D39CDF600
R8: 0x0000000000000000
R9: 0x000000000000000E
R10: 0x00007FF690A2AA98
R11: 0x0000006D39CDF4E0
R12: 0x0000000000000000
R13: 0x0000000000500000
R14: 0x0000000000000000
R15: 0x0000000000000000
Fighter correlations:
RCX -> Slot 0 / Gen 1
RDX -> —
[00:24:10] HARDWARE WRITE TRAP
Sequence: 307
TraceSessionId: 639214175255927292
WatchId: 639214175255927293
ThreadId: 17612
TrapRip: 0x00007FF68FAFCC99
NormalizedTrapRip / code context: NativeProbe | DBXV2.exe+0xBCC99 | code[-32,+16]=0085C075580F57D20F2FF27250F30F58B3000100000F2FF2F30F11B300010000720FF30F108304010000F30F5DC60F28
WatchedAddress: 0x0000019869C77BB0
AccessWidth: 4
AccessType: Write
XMM0.scalar: 0 (0x00000000)
XMM6.scalar: 333.03891 (0x43A684FB)
DR6: 0x00000000FFFF0FF1
DR7: 0x00000000000D0401
RAX: 0x0000000000000000
RBX: 0x0000019869C77AB0
RCX: 0x0000019869C77AB0
RDX: 0x0000000000000000
RSI: 0x0000000000000000
RDI: 0x0000019869C77AB0
RBP: 0x0000006D39EDFAA0
R8: 0x0000000000000000
R9: 0x000000000000000E
R10: 0x00007FF690A2AA98
R11: 0x0000006D39EDF980
R12: 0x0000000000000000
R13: 0x0000000000500000
R14: 0x0000000000000000
R15: 0x0000000000000000
Fighter correlations:
RCX -> Slot 0 / Gen 1
RDX -> —
[00:24:10] HARDWARE WRITE TRAP
Sequence: 308
TraceSessionId: 639214175255927292
WatchId: 639214175255927293
ThreadId: 17612
TrapRip: 0x00007FF68FAFCCC5
NormalizedTrapRip / code context: NativeProbe | DBXV2.exe+0xBCCC5 | code[-32,+16]=5DC60F28D0F30F108B040100000F28C2F30F588308010000F30F1193000100000F2FC1760CF30F5CCAF30F118B080100
WatchedAddress: 0x0000019869C77BB0
AccessWidth: 4
AccessType: Write
XMM0.scalar: 333.03891 (0x43A684FB)
XMM6.scalar: 333.03891 (0x43A684FB)
DR6: 0x00000000FFFF0FF1
DR7: 0x00000000000D0401
RAX: 0x0000000000000000
RBX: 0x0000019869C77AB0
RCX: 0x0000019869C77AB0
RDX: 0x0000000000000000
RSI: 0x0000000000000000
RDI: 0x0000019869C77AB0
RBP: 0x0000006D39EDFAA0
R8: 0x0000000000000000
R9: 0x000000000000000E
R10: 0x00007FF690A2AA98
R11: 0x0000006D39EDF980
R12: 0x0000000000000000
R13: 0x0000000000500000
R14: 0x0000000000000000
R15: 0x0000000000000000
Fighter correlations:
RCX -> Slot 0 / Gen 1
RDX -> —
[00:24:10] HARDWARE WRITE TRAP
Sequence: 309
TraceSessionId: 639214175255927292
WatchId: 639214175255927293
ThreadId: 16992
TrapRip: 0x00007FF68FAFCC99
NormalizedTrapRip / code context: NativeProbe | DBXV2.exe+0xBCC99 | code[-32,+16]=0085C075580F57D20F2FF27250F30F58B3000100000F2FF2F30F11B300010000720FF30F108304010000F30F5DC60F28
WatchedAddress: 0x0000019869C77BB0
AccessWidth: 4
AccessType: Write
XMM0.scalar: 0 (0x00000000)
XMM6.scalar: 333.03891 (0x43A684FB)
DR6: 0x00000000FFFF0FF1
DR7: 0x00000000000D0401
RAX: 0x0000000000000000
RBX: 0x0000019869C77AB0
RCX: 0x0000019869C77AB0
RDX: 0x0000000000000000
RSI: 0x0000000000000000
RDI: 0x0000019869C77AB0
RBP: 0x0000006D398DFA20
R8: 0x0000000000000000
R9: 0x000000000000000E
R10: 0x00007FF690A2AA98
R11: 0x0000006D398DF900
R12: 0x0000000000000000
R13: 0x0000000000500000
R14: 0x0000000000000000
R15: 0x0000000000000000
Fighter correlations:
RCX -> Slot 0 / Gen 1
RDX -> —
[00:24:10] HARDWARE WRITE TRAP
Sequence: 310
TraceSessionId: 639214175255927292
WatchId: 639214175255927293
ThreadId: 16992
TrapRip: 0x00007FF68FAFCCC5
NormalizedTrapRip / code context: NativeProbe | DBXV2.exe+0xBCCC5 | code[-32,+16]=5DC60F28D0F30F108B040100000F28C2F30F588308010000F30F1193000100000F2FC1760CF30F5CCAF30F118B080100
WatchedAddress: 0x0000019869C77BB0
AccessWidth: 4
AccessType: Write
XMM0.scalar: 333.03891 (0x43A684FB)
XMM6.scalar: 333.03891 (0x43A684FB)
DR6: 0x00000000FFFF0FF1
DR7: 0x00000000000D0401
RAX: 0x0000000000000000
RBX: 0x0000019869C77AB0
RCX: 0x0000019869C77AB0
RDX: 0x0000000000000000
RSI: 0x0000000000000000
RDI: 0x0000019869C77AB0
RBP: 0x0000006D398DFA20
R8: 0x0000000000000000
R9: 0x000000000000000E
R10: 0x00007FF690A2AA98
R11: 0x0000006D398DF900
R12: 0x0000000000000000
R13: 0x0000000000500000
R14: 0x0000000000000000
R15: 0x0000000000000000
Fighter correlations:
RCX -> Slot 0 / Gen 1
RDX -> —
[00:24:10] HARDWARE WRITE TRAP
Sequence: 311
TraceSessionId: 639214175255927292
WatchId: 639214175255927293
ThreadId: 24252
TrapRip: 0x00007FF68FAFCC99
NormalizedTrapRip / code context: NativeProbe | DBXV2.exe+0xBCC99 | code[-32,+16]=0085C075580F57D20F2FF27250F30F58B3000100000F2FF2F30F11B300010000720FF30F108304010000F30F5DC60F28
WatchedAddress: 0x0000019869C77BB0
AccessWidth: 4
AccessType: Write
XMM0.scalar: 0 (0x00000000)
XMM6.scalar: 333.03891 (0x43A684FB)
DR6: 0x00000000FFFF0FF1
DR7: 0x00000000000D0401
RAX: 0x0000000000000000
RBX: 0x0000019869C77AB0
RCX: 0x0000019869C77AB0
RDX: 0x0000000000000000
RSI: 0x0000000000000000
RDI: 0x0000019869C77AB0
RBP: 0x0000006D39FDF6D0
R8: 0x0000000000000000
R9: 0x000000000000000E
R10: 0x00007FF690A2AA98
R11: 0x0000006D39FDF5B0
R12: 0x0000000000000000
R13: 0x0000000000500000
R14: 0x0000000000000000
R15: 0x0000000000000000
Fighter correlations:
RCX -> Slot 0 / Gen 1
RDX -> —
[00:24:10] HARDWARE WRITE TRAP
Sequence: 312
TraceSessionId: 639214175255927292
WatchId: 639214175255927293
ThreadId: 24252
TrapRip: 0x00007FF68FAFCCC5
NormalizedTrapRip / code context: NativeProbe | DBXV2.exe+0xBCCC5 | code[-32,+16]=5DC60F28D0F30F108B040100000F28C2F30F588308010000F30F1193000100000F2FC1760CF30F5CCAF30F118B080100
WatchedAddress: 0x0000019869C77BB0
AccessWidth: 4
AccessType: Write
XMM0.scalar: 333.03891 (0x43A684FB)
XMM6.scalar: 333.03891 (0x43A684FB)
DR6: 0x00000000FFFF0FF1
DR7: 0x00000000000D0401
RAX: 0x0000000000000000
RBX: 0x0000019869C77AB0
RCX: 0x0000019869C77AB0
RDX: 0x0000000000000000
RSI: 0x0000000000000000
RDI: 0x0000019869C77AB0
RBP: 0x0000006D39FDF6D0
R8: 0x0000000000000000
R9: 0x000000000000000E
R10: 0x00007FF690A2AA98
R11: 0x0000006D39FDF5B0
R12: 0x0000000000000000
R13: 0x0000000000500000
R14: 0x0000000000000000
R15: 0x0000000000000000
Fighter correlations:
RCX -> Slot 0 / Gen 1
RDX -> —
[00:24:10] HARDWARE WRITE TRAP
Sequence: 313
TraceSessionId: 639214175255927292
WatchId: 639214175255927293
ThreadId: 18620
TrapRip: 0x00007FF68FAFCC99
NormalizedTrapRip / code context: NativeProbe | DBXV2.exe+0xBCC99 | code[-32,+16]=0085C075580F57D20F2FF27250F30F58B3000100000F2FF2F30F11B300010000720FF30F108304010000F30F5DC60F28
WatchedAddress: 0x0000019869C77BB0
AccessWidth: 4
AccessType: Write
XMM0.scalar: 0 (0x00000000)
XMM6.scalar: 333.03891 (0x43A684FB)
DR6: 0x00000000FFFF0FF1
DR7: 0x00000000000D0401
RAX: 0x0000000000000000
RBX: 0x0000019869C77AB0
RCX: 0x0000019869C77AB0
RDX: 0x0000000000000000
RSI: 0x0000000000000000
RDI: 0x0000019869C77AB0
RBP: 0x0000006D39CDF600
R8: 0x0000000000000000
R9: 0x000000000000000E
R10: 0x00007FF690A2AA98
R11: 0x0000006D39CDF4E0
R12: 0x0000000000000000
R13: 0x0000000000500000
R14: 0x0000000000000000
R15: 0x0000000000000000
Fighter correlations:
RCX -> Slot 0 / Gen 1
RDX -> —
[00:24:10] HARDWARE WRITE TRAP
Sequence: 314
TraceSessionId: 639214175255927292
WatchId: 639214175255927293
ThreadId: 18620
TrapRip: 0x00007FF68FAFCCC5
NormalizedTrapRip / code context: NativeProbe | DBXV2.exe+0xBCCC5 | code[-32,+16]=5DC60F28D0F30F108B040100000F28C2F30F588308010000F30F1193000100000F2FC1760CF30F5CCAF30F118B080100
WatchedAddress: 0x0000019869C77BB0
AccessWidth: 4
AccessType: Write
XMM0.scalar: 333.03891 (0x43A684FB)
XMM6.scalar: 333.03891 (0x43A684FB)
DR6: 0x00000000FFFF0FF1
DR7: 0x00000000000D0401
RAX: 0x0000000000000000
RBX: 0x0000019869C77AB0
RCX: 0x0000019869C77AB0
RDX: 0x0000000000000000
RSI: 0x0000000000000000
RDI: 0x0000019869C77AB0
RBP: 0x0000006D39CDF600
R8: 0x0000000000000000
R9: 0x000000000000000E
R10: 0x00007FF690A2AA98
R11: 0x0000006D39CDF4E0
R12: 0x0000000000000000
R13: 0x0000000000500000
R14: 0x0000000000000000
R15: 0x0000000000000000
Fighter correlations:
RCX -> Slot 0 / Gen 1
RDX -> —
[00:24:10] HARDWARE WRITE TRAP
Sequence: 315
TraceSessionId: 639214175255927292
WatchId: 639214175255927293
ThreadId: 23268
TrapRip: 0x00007FF68FAFCC99
NormalizedTrapRip / code context: NativeProbe | DBXV2.exe+0xBCC99 | code[-32,+16]=0085C075580F57D20F2FF27250F30F58B3000100000F2FF2F30F11B300010000720FF30F108304010000F30F5DC60F28
WatchedAddress: 0x0000019869C77BB0
AccessWidth: 4
AccessType: Write
XMM0.scalar: 0 (0x00000000)
XMM6.scalar: 333.03891 (0x43A684FB)
DR6: 0x00000000FFFF0FF1
DR7: 0x00000000000D0401
RAX: 0x0000000000000000
RBX: 0x0000019869C77AB0
RCX: 0x0000019869C77AB0
RDX: 0x0000000000000000
RSI: 0x0000000000000000
RDI: 0x0000019869C77AB0
RBP: 0x0000006D39DDFB50
R8: 0x0000000000000000
R9: 0x000000000000000E
R10: 0x00007FF690A2AA98
R11: 0x0000006D39DDFA30
R12: 0x0000000000000000
R13: 0x0000000000500000
R14: 0x0000000000000000
R15: 0x0000000000000000
Fighter correlations:
RCX -> Slot 0 / Gen 1
RDX -> —
[00:24:10] HARDWARE WRITE TRAP
Sequence: 316
TraceSessionId: 639214175255927292
WatchId: 639214175255927293
ThreadId: 23268
TrapRip: 0x00007FF68FAFCCC5
NormalizedTrapRip / code context: NativeProbe | DBXV2.exe+0xBCCC5 | code[-32,+16]=5DC60F28D0F30F108B040100000F28C2F30F588308010000F30F1193000100000F2FC1760CF30F5CCAF30F118B080100
WatchedAddress: 0x0000019869C77BB0
AccessWidth: 4
AccessType: Write
XMM0.scalar: 333.03891 (0x43A684FB)
XMM6.scalar: 333.03891 (0x43A684FB)
DR6: 0x00000000FFFF0FF1
DR7: 0x00000000000D0401
RAX: 0x0000000000000000
RBX: 0x0000019869C77AB0
RCX: 0x0000019869C77AB0
RDX: 0x0000000000000000
RSI: 0x0000000000000000
RDI: 0x0000019869C77AB0
RBP: 0x0000006D39DDFB50
R8: 0x0000000000000000
R9: 0x000000000000000E
R10: 0x00007FF690A2AA98
R11: 0x0000006D39DDFA30
R12: 0x0000000000000000
R13: 0x0000000000500000
R14: 0x0000000000000000
R15: 0x0000000000000000
Fighter correlations:
RCX -> Slot 0 / Gen 1
RDX -> —
[00:24:10] HARDWARE WRITE TRAP
Sequence: 317
TraceSessionId: 639214175255927292
WatchId: 639214175255927293
ThreadId: 24252
TrapRip: 0x00007FF68FAFCC99
NormalizedTrapRip / code context: NativeProbe | DBXV2.exe+0xBCC99 | code[-32,+16]=0085C075580F57D20F2FF27250F30F58B3000100000F2FF2F30F11B300010000720FF30F108304010000F30F5DC60F28
WatchedAddress: 0x0000019869C77BB0
AccessWidth: 4
AccessType: Write
XMM0.scalar: 0 (0x00000000)
XMM6.scalar: 333.03891 (0x43A684FB)
DR6: 0x00000000FFFF0FF1
DR7: 0x00000000000D0401
RAX: 0x0000000000000000
RBX: 0x0000019869C77AB0
RCX: 0x0000019869C77AB0
RDX: 0x0000000000000000
RSI: 0x0000000000000000
RDI: 0x0000019869C77AB0
RBP: 0x0000006D39FDF6D0
R8: 0x0000000000000000
R9: 0x000000000000000E
R10: 0x00007FF690A2AA98
R11: 0x0000006D39FDF5B0
R12: 0x0000000000000000
R13: 0x0000000000500000
R14: 0x0000000000000000
R15: 0x0000000000000000
Fighter correlations:
RCX -> Slot 0 / Gen 1
RDX -> —
[00:24:10] HARDWARE WRITE TRAP
Sequence: 318
TraceSessionId: 639214175255927292
WatchId: 639214175255927293
ThreadId: 24252
TrapRip: 0x00007FF68FAFCCC5
NormalizedTrapRip / code context: NativeProbe | DBXV2.exe+0xBCCC5 | code[-32,+16]=5DC60F28D0F30F108B040100000F28C2F30F588308010000F30F1193000100000F2FC1760CF30F5CCAF30F118B080100
WatchedAddress: 0x0000019869C77BB0
AccessWidth: 4
AccessType: Write
XMM0.scalar: 333.03891 (0x43A684FB)
XMM6.scalar: 333.03891 (0x43A684FB)
DR6: 0x00000000FFFF0FF1
DR7: 0x00000000000D0401
RAX: 0x0000000000000000
RBX: 0x0000019869C77AB0
RCX: 0x0000019869C77AB0
RDX: 0x0000000000000000
RSI: 0x0000000000000000
RDI: 0x0000019869C77AB0
RBP: 0x0000006D39FDF6D0
R8: 0x0000000000000000
R9: 0x000000000000000E
R10: 0x00007FF690A2AA98
R11: 0x0000006D39FDF5B0
R12: 0x0000000000000000
R13: 0x0000000000500000
R14: 0x0000000000000000
R15: 0x0000000000000000
Fighter correlations:
RCX -> Slot 0 / Gen 1
RDX -> —
[00:24:10] HARDWARE WRITE TRAP
Sequence: 319
TraceSessionId: 639214175255927292
WatchId: 639214175255927293
ThreadId: 23268
TrapRip: 0x00007FF68FAFCC99
NormalizedTrapRip / code context: NativeProbe | DBXV2.exe+0xBCC99 | code[-32,+16]=0085C075580F57D20F2FF27250F30F58B3000100000F2FF2F30F11B300010000720FF30F108304010000F30F5DC60F28
WatchedAddress: 0x0000019869C77BB0
AccessWidth: 4
AccessType: Write
XMM0.scalar: 0 (0x00000000)
XMM6.scalar: 333.03891 (0x43A684FB)
DR6: 0x00000000FFFF0FF1
DR7: 0x00000000000D0401
RAX: 0x0000000000000000
RBX: 0x0000019869C77AB0
RCX: 0x0000019869C77AB0
RDX: 0x0000000000000000
RSI: 0x0000000000000000
RDI: 0x0000019869C77AB0
RBP: 0x0000006D39DDFB50
R8: 0x0000000000000000
R9: 0x000000000000000E
R10: 0x00007FF690A2AA98
R11: 0x0000006D39DDFA30
R12: 0x0000000000000000
R13: 0x0000000000500000
R14: 0x0000000000000000
R15: 0x0000000000000000
Fighter correlations:
RCX -> Slot 0 / Gen 1
RDX -> —
[00:24:10] HARDWARE WRITE TRAP
Sequence: 320
TraceSessionId: 639214175255927292
WatchId: 639214175255927293
ThreadId: 23268
TrapRip: 0x00007FF68FAFCCC5
NormalizedTrapRip / code context: NativeProbe | DBXV2.exe+0xBCCC5 | code[-32,+16]=5DC60F28D0F30F108B040100000F28C2F30F588308010000F30F1193000100000F2FC1760CF30F5CCAF30F118B080100
WatchedAddress: 0x0000019869C77BB0
AccessWidth: 4
AccessType: Write
XMM0.scalar: 333.03891 (0x43A684FB)
XMM6.scalar: 333.03891 (0x43A684FB)
DR6: 0x00000000FFFF0FF1
DR7: 0x00000000000D0401
RAX: 0x0000000000000000
RBX: 0x0000019869C77AB0
RCX: 0x0000019869C77AB0
RDX: 0x0000000000000000
RSI: 0x0000000000000000
RDI: 0x0000019869C77AB0
RBP: 0x0000006D39DDFB50
R8: 0x0000000000000000
R9: 0x000000000000000E
R10: 0x00007FF690A2AA98
R11: 0x0000006D39DDFA30
R12: 0x0000000000000000
R13: 0x0000000000500000
R14: 0x0000000000000000
R15: 0x0000000000000000
Fighter correlations:
RCX -> Slot 0 / Gen 1
RDX -> —
[00:24:10] HARDWARE WRITE TRAP
Sequence: 321
TraceSessionId: 639214175255927292
WatchId: 639214175255927293
ThreadId: 18620
TrapRip: 0x00007FF68FAFCC99
NormalizedTrapRip / code context: NativeProbe | DBXV2.exe+0xBCC99 | code[-32,+16]=0085C075580F57D20F2FF27250F30F58B3000100000F2FF2F30F11B300010000720FF30F108304010000F30F5DC60F28
WatchedAddress: 0x0000019869C77BB0
AccessWidth: 4
AccessType: Write
XMM0.scalar: 0 (0x00000000)
XMM6.scalar: 333.03891 (0x43A684FB)
DR6: 0x00000000FFFF0FF1
DR7: 0x00000000000D0401
RAX: 0x0000000000000000
RBX: 0x0000019869C77AB0
RCX: 0x0000019869C77AB0
RDX: 0x0000000000000000
RSI: 0x0000000000000000
RDI: 0x0000019869C77AB0
RBP: 0x0000006D39CDF600
R8: 0x0000000000000000
R9: 0x000000000000000E
R10: 0x00007FF690A2AA98
R11: 0x0000006D39CDF4E0
R12: 0x0000000000000000
R13: 0x0000000000500000
R14: 0x0000000000000000
R15: 0x0000000000000000
Fighter correlations:
RCX -> Slot 0 / Gen 1
RDX -> —
[00:24:10] HARDWARE WRITE TRAP
Sequence: 322
TraceSessionId: 639214175255927292
WatchId: 639214175255927293
ThreadId: 18620
TrapRip: 0x00007FF68FAFCCC5
NormalizedTrapRip / code context: NativeProbe | DBXV2.exe+0xBCCC5 | code[-32,+16]=5DC60F28D0F30F108B040100000F28C2F30F588308010000F30F1193000100000F2FC1760CF30F5CCAF30F118B080100
WatchedAddress: 0x0000019869C77BB0
AccessWidth: 4
AccessType: Write
XMM0.scalar: 333.03891 (0x43A684FB)
XMM6.scalar: 333.03891 (0x43A684FB)
DR6: 0x00000000FFFF0FF1
DR7: 0x00000000000D0401
RAX: 0x0000000000000000
RBX: 0x0000019869C77AB0
RCX: 0x0000019869C77AB0
RDX: 0x0000000000000000
RSI: 0x0000000000000000
RDI: 0x0000019869C77AB0
RBP: 0x0000006D39CDF600
R8: 0x0000000000000000
R9: 0x000000000000000E
R10: 0x00007FF690A2AA98
R11: 0x0000006D39CDF4E0
R12: 0x0000000000000000
R13: 0x0000000000500000
R14: 0x0000000000000000
R15: 0x0000000000000000
Fighter correlations:
RCX -> Slot 0 / Gen 1
RDX -> —
[00:24:10] HARDWARE WRITE TRAP
Sequence: 323
TraceSessionId: 639214175255927292
WatchId: 639214175255927293
ThreadId: 11196
TrapRip: 0x00007FF68FAFCC99
NormalizedTrapRip / code context: NativeProbe | DBXV2.exe+0xBCC99 | code[-32,+16]=0085C075580F57D20F2FF27250F30F58B3000100000F2FF2F30F11B300010000720FF30F108304010000F30F5DC60F28
WatchedAddress: 0x0000019869C77BB0
AccessWidth: 4
AccessType: Write
XMM0.scalar: 0 (0x00000000)
XMM6.scalar: 333.03891 (0x43A684FB)
DR6: 0x00000000FFFF0FF1
DR7: 0x00000000000D0401
RAX: 0x0000000000000000
RBX: 0x0000019869C77AB0
RCX: 0x0000019869C77AB0
RDX: 0x0000000000000000
RSI: 0x0000000000000000
RDI: 0x0000019869C77AB0
RBP: 0x0000006D399DFA10
R8: 0x0000000000000000
R9: 0x000000000000000E
R10: 0x00007FF690A2AA98
R11: 0x0000006D399DF8F0
R12: 0x0000000000000000
R13: 0x0000000000500000
R14: 0x0000000000000000
R15: 0x0000000000000000
Fighter correlations:
RCX -> Slot 0 / Gen 1
RDX -> —
[00:24:10] HARDWARE WRITE TRAP
Sequence: 324
TraceSessionId: 639214175255927292
WatchId: 639214175255927293
ThreadId: 11196
TrapRip: 0x00007FF68FAFCCC5
NormalizedTrapRip / code context: NativeProbe | DBXV2.exe+0xBCCC5 | code[-32,+16]=5DC60F28D0F30F108B040100000F28C2F30F588308010000F30F1193000100000F2FC1760CF30F5CCAF30F118B080100
WatchedAddress: 0x0000019869C77BB0
AccessWidth: 4
AccessType: Write
XMM0.scalar: 333.03891 (0x43A684FB)
XMM6.scalar: 333.03891 (0x43A684FB)
DR6: 0x00000000FFFF0FF1
DR7: 0x00000000000D0401
RAX: 0x0000000000000000
RBX: 0x0000019869C77AB0
RCX: 0x0000019869C77AB0
RDX: 0x0000000000000000
RSI: 0x0000000000000000
RDI: 0x0000019869C77AB0
RBP: 0x0000006D399DFA10
R8: 0x0000000000000000
R9: 0x000000000000000E
R10: 0x00007FF690A2AA98
R11: 0x0000006D399DF8F0
R12: 0x0000000000000000
R13: 0x0000000000500000
R14: 0x0000000000000000
R15: 0x0000000000000000
Fighter correlations:
RCX -> Slot 0 / Gen 1
RDX -> —
[00:24:10] HARDWARE WRITE TRAP
Sequence: 325
TraceSessionId: 639214175255927292
WatchId: 639214175255927293
ThreadId: 18620
TrapRip: 0x00007FF68FAFCC99
NormalizedTrapRip / code context: NativeProbe | DBXV2.exe+0xBCC99 | code[-32,+16]=0085C075580F57D20F2FF27250F30F58B3000100000F2FF2F30F11B300010000720FF30F108304010000F30F5DC60F28
WatchedAddress: 0x0000019869C77BB0
AccessWidth: 4
AccessType: Write
XMM0.scalar: 0 (0x00000000)
XMM6.scalar: 333.03891 (0x43A684FB)
DR6: 0x00000000FFFF0FF1
DR7: 0x00000000000D0401
RAX: 0x0000000000000000
RBX: 0x0000019869C77AB0
RCX: 0x0000019869C77AB0
RDX: 0x0000000000000000
RSI: 0x0000000000000000
RDI: 0x0000019869C77AB0
RBP: 0x0000006D39CDF600
R8: 0x0000000000000000
R9: 0x000000000000000E
R10: 0x00007FF690A2AA98
R11: 0x0000006D39CDF4E0
R12: 0x0000000000000000
R13: 0x0000000000500000
R14: 0x0000000000000000
R15: 0x0000000000000000
Fighter correlations:
RCX -> Slot 0 / Gen 1
RDX -> —
[00:24:10] HARDWARE WRITE TRAP
Sequence: 326
TraceSessionId: 639214175255927292
WatchId: 639214175255927293
ThreadId: 18620
TrapRip: 0x00007FF68FAFCCC5
NormalizedTrapRip / code context: NativeProbe | DBXV2.exe+0xBCCC5 | code[-32,+16]=5DC60F28D0F30F108B040100000F28C2F30F588308010000F30F1193000100000F2FC1760CF30F5CCAF30F118B080100
WatchedAddress: 0x0000019869C77BB0
AccessWidth: 4
AccessType: Write
XMM0.scalar: 333.03891 (0x43A684FB)
XMM6.scalar: 333.03891 (0x43A684FB)
DR6: 0x00000000FFFF0FF1
DR7: 0x00000000000D0401
RAX: 0x0000000000000000
RBX: 0x0000019869C77AB0
RCX: 0x0000019869C77AB0
RDX: 0x0000000000000000
RSI: 0x0000000000000000
RDI: 0x0000019869C77AB0
RBP: 0x0000006D39CDF600
R8: 0x0000000000000000
R9: 0x000000000000000E
R10: 0x00007FF690A2AA98
R11: 0x0000006D39CDF4E0
R12: 0x0000000000000000
R13: 0x0000000000500000
R14: 0x0000000000000000
R15: 0x0000000000000000
Fighter correlations:
RCX -> Slot 0 / Gen 1
RDX -> —
[00:24:10] HARDWARE WRITE TRAP
Sequence: 327
TraceSessionId: 639214175255927292
WatchId: 639214175255927293
ThreadId: 17612
TrapRip: 0x00007FF68FAFCC99
NormalizedTrapRip / code context: NativeProbe | DBXV2.exe+0xBCC99 | code[-32,+16]=0085C075580F57D20F2FF27250F30F58B3000100000F2FF2F30F11B300010000720FF30F108304010000F30F5DC60F28
WatchedAddress: 0x0000019869C77BB0
AccessWidth: 4
AccessType: Write
XMM0.scalar: 0 (0x00000000)
XMM6.scalar: 333.03891 (0x43A684FB)
DR6: 0x00000000FFFF0FF1
DR7: 0x00000000000D0401
RAX: 0x0000000000000000
RBX: 0x0000019869C77AB0
RCX: 0x0000019869C77AB0
RDX: 0x0000000000000000
RSI: 0x0000000000000000
RDI: 0x0000019869C77AB0
RBP: 0x0000006D39EDFAA0
R8: 0x0000000000000000
R9: 0x000000000000000E
R10: 0x00007FF690A2AA98
R11: 0x0000006D39EDF980
R12: 0x0000000000000000
R13: 0x0000000000500000
R14: 0x0000000000000000
R15: 0x0000000000000000
Fighter correlations:
RCX -> Slot 0 / Gen 1
RDX -> —
[00:24:10] HARDWARE WRITE TRAP
Sequence: 328
TraceSessionId: 639214175255927292
WatchId: 639214175255927293
ThreadId: 17612
TrapRip: 0x00007FF68FAFCCC5
NormalizedTrapRip / code context: NativeProbe | DBXV2.exe+0xBCCC5 | code[-32,+16]=5DC60F28D0F30F108B040100000F28C2F30F588308010000F30F1193000100000F2FC1760CF30F5CCAF30F118B080100
WatchedAddress: 0x0000019869C77BB0
AccessWidth: 4
AccessType: Write
XMM0.scalar: 333.03891 (0x43A684FB)
XMM6.scalar: 333.03891 (0x43A684FB)
DR6: 0x00000000FFFF0FF1
DR7: 0x00000000000D0401
RAX: 0x0000000000000000
RBX: 0x0000019869C77AB0
RCX: 0x0000019869C77AB0
RDX: 0x0000000000000000
RSI: 0x0000000000000000
RDI: 0x0000019869C77AB0
RBP: 0x0000006D39EDFAA0
R8: 0x0000000000000000
R9: 0x000000000000000E
R10: 0x00007FF690A2AA98
R11: 0x0000006D39EDF980
R12: 0x0000000000000000
R13: 0x0000000000500000
R14: 0x0000000000000000
R15: 0x0000000000000000
Fighter correlations:
RCX -> Slot 0 / Gen 1
RDX -> —
[00:24:10] HARDWARE WRITE TRAP
Sequence: 329
TraceSessionId: 639214175255927292
WatchId: 639214175255927293
ThreadId: 11196
TrapRip: 0x00007FF68FAFCC99
NormalizedTrapRip / code context: NativeProbe | DBXV2.exe+0xBCC99 | code[-32,+16]=0085C075580F57D20F2FF27250F30F58B3000100000F2FF2F30F11B300010000720FF30F108304010000F30F5DC60F28
WatchedAddress: 0x0000019869C77BB0
AccessWidth: 4
AccessType: Write
XMM0.scalar: 0 (0x00000000)
XMM6.scalar: 333.03891 (0x43A684FB)
DR6: 0x00000000FFFF0FF1
DR7: 0x00000000000D0401
RAX: 0x0000000000000000
RBX: 0x0000019869C77AB0
RCX: 0x0000019869C77AB0
RDX: 0x0000000000000000
RSI: 0x0000000000000000
RDI: 0x0000019869C77AB0
RBP: 0x0000006D399DFA10
R8: 0x0000000000000000
R9: 0x000000000000000E
R10: 0x00007FF690A2AA98
R11: 0x0000006D399DF8F0
R12: 0x0000000000000000
R13: 0x0000000000500000
R14: 0x0000000000000000
R15: 0x0000000000000000
Fighter correlations:
RCX -> Slot 0 / Gen 1
RDX -> —
[00:24:10] HARDWARE WRITE TRAP
Sequence: 330
TraceSessionId: 639214175255927292
WatchId: 639214175255927293
ThreadId: 11196
TrapRip: 0x00007FF68FAFCCC5
NormalizedTrapRip / code context: NativeProbe | DBXV2.exe+0xBCCC5 | code[-32,+16]=5DC60F28D0F30F108B040100000F28C2F30F588308010000F30F1193000100000F2FC1760CF30F5CCAF30F118B080100
WatchedAddress: 0x0000019869C77BB0
AccessWidth: 4
AccessType: Write
XMM0.scalar: 333.03891 (0x43A684FB)
XMM6.scalar: 333.03891 (0x43A684FB)
DR6: 0x00000000FFFF0FF1
DR7: 0x00000000000D0401
RAX: 0x0000000000000000
RBX: 0x0000019869C77AB0
RCX: 0x0000019869C77AB0
RDX: 0x0000000000000000
RSI: 0x0000000000000000
RDI: 0x0000019869C77AB0
RBP: 0x0000006D399DFA10
R8: 0x0000000000000000
R9: 0x000000000000000E
R10: 0x00007FF690A2AA98
R11: 0x0000006D399DF8F0
R12: 0x0000000000000000
R13: 0x0000000000500000
R14: 0x0000000000000000
R15: 0x0000000000000000
Fighter correlations:
RCX -> Slot 0 / Gen 1
RDX -> —
[00:24:10] HARDWARE WRITE TRAP
Sequence: 331
TraceSessionId: 639214175255927292
WatchId: 639214175255927293
ThreadId: 17612
TrapRip: 0x00007FF68FAFCC99
NormalizedTrapRip / code context: NativeProbe | DBXV2.exe+0xBCC99 | code[-32,+16]=0085C075580F57D20F2FF27250F30F58B3000100000F2FF2F30F11B300010000720FF30F108304010000F30F5DC60F28
WatchedAddress: 0x0000019869C77BB0
AccessWidth: 4
AccessType: Write
XMM0.scalar: 0 (0x00000000)
XMM6.scalar: 333.03891 (0x43A684FB)
DR6: 0x00000000FFFF0FF1
DR7: 0x00000000000D0401
RAX: 0x0000000000000000
RBX: 0x0000019869C77AB0
RCX: 0x0000019869C77AB0
RDX: 0x0000000000000000
RSI: 0x0000000000000000
RDI: 0x0000019869C77AB0
RBP: 0x0000006D39EDFAA0
R8: 0x0000000000000000
R9: 0x000000000000000E
R10: 0x00007FF690A2AA98
R11: 0x0000006D39EDF980
R12: 0x0000000000000000
R13: 0x0000000000500000
R14: 0x0000000000000000
R15: 0x0000000000000000
Fighter correlations:
RCX -> Slot 0 / Gen 1
RDX -> —
[00:24:10] HARDWARE WRITE TRAP
Sequence: 332
TraceSessionId: 639214175255927292
WatchId: 639214175255927293
ThreadId: 17612
TrapRip: 0x00007FF68FAFCCC5
NormalizedTrapRip / code context: NativeProbe | DBXV2.exe+0xBCCC5 | code[-32,+16]=5DC60F28D0F30F108B040100000F28C2F30F588308010000F30F1193000100000F2FC1760CF30F5CCAF30F118B080100
WatchedAddress: 0x0000019869C77BB0
AccessWidth: 4
AccessType: Write
XMM0.scalar: 333.03891 (0x43A684FB)
XMM6.scalar: 333.03891 (0x43A684FB)
DR6: 0x00000000FFFF0FF1
DR7: 0x00000000000D0401
RAX: 0x0000000000000000
RBX: 0x0000019869C77AB0
RCX: 0x0000019869C77AB0
RDX: 0x0000000000000000
RSI: 0x0000000000000000
RDI: 0x0000019869C77AB0
RBP: 0x0000006D39EDFAA0
R8: 0x0000000000000000
R9: 0x000000000000000E
R10: 0x00007FF690A2AA98
R11: 0x0000006D39EDF980
R12: 0x0000000000000000
R13: 0x0000000000500000
R14: 0x0000000000000000
R15: 0x0000000000000000
Fighter correlations:
RCX -> Slot 0 / Gen 1
RDX -> —
[00:24:10] HARDWARE WRITE TRAP
Sequence: 333
TraceSessionId: 639214175255927292
WatchId: 639214175255927293
ThreadId: 11196
TrapRip: 0x00007FF68FAFCC99
NormalizedTrapRip / code context: NativeProbe | DBXV2.exe+0xBCC99 | code[-32,+16]=0085C075580F57D20F2FF27250F30F58B3000100000F2FF2F30F11B300010000720FF30F108304010000F30F5DC60F28
WatchedAddress: 0x0000019869C77BB0
AccessWidth: 4
AccessType: Write
XMM0.scalar: 0 (0x00000000)
XMM6.scalar: 333.03891 (0x43A684FB)
DR6: 0x00000000FFFF0FF1
DR7: 0x00000000000D0401
RAX: 0x0000000000000000
RBX: 0x0000019869C77AB0
RCX: 0x0000019869C77AB0
RDX: 0x0000000000000000
RSI: 0x0000000000000000
RDI: 0x0000019869C77AB0
RBP: 0x0000006D399DFA10
R8: 0x0000000000000000
R9: 0x000000000000000E
R10: 0x00007FF690A2AA98
R11: 0x0000006D399DF8F0
R12: 0x0000000000000000
R13: 0x0000000000500000
R14: 0x0000000000000000
R15: 0x0000000000000000
Fighter correlations:
RCX -> Slot 0 / Gen 1
RDX -> —
[00:24:10] HARDWARE WRITE TRAP
Sequence: 334
TraceSessionId: 639214175255927292
WatchId: 639214175255927293
ThreadId: 11196
TrapRip: 0x00007FF68FAFCCC5
NormalizedTrapRip / code context: NativeProbe | DBXV2.exe+0xBCCC5 | code[-32,+16]=5DC60F28D0F30F108B040100000F28C2F30F588308010000F30F1193000100000F2FC1760CF30F5CCAF30F118B080100
WatchedAddress: 0x0000019869C77BB0
AccessWidth: 4
AccessType: Write
XMM0.scalar: 333.03891 (0x43A684FB)
XMM6.scalar: 333.03891 (0x43A684FB)
DR6: 0x00000000FFFF0FF1
DR7: 0x00000000000D0401
RAX: 0x0000000000000000
RBX: 0x0000019869C77AB0
RCX: 0x0000019869C77AB0
RDX: 0x0000000000000000
RSI: 0x0000000000000000
RDI: 0x0000019869C77AB0
RBP: 0x0000006D399DFA10
R8: 0x0000000000000000
R9: 0x000000000000000E
R10: 0x00007FF690A2AA98
R11: 0x0000006D399DF8F0
R12: 0x0000000000000000
R13: 0x0000000000500000
R14: 0x0000000000000000
R15: 0x0000000000000000
Fighter correlations:
RCX -> Slot 0 / Gen 1
RDX -> —
[00:24:10] HARDWARE WRITE TRAP
Sequence: 335
TraceSessionId: 639214175255927292
WatchId: 639214175255927293
ThreadId: 11196
TrapRip: 0x00007FF68FAFCC99
NormalizedTrapRip / code context: NativeProbe | DBXV2.exe+0xBCC99 | code[-32,+16]=0085C075580F57D20F2FF27250F30F58B3000100000F2FF2F30F11B300010000720FF30F108304010000F30F5DC60F28
WatchedAddress: 0x0000019869C77BB0
AccessWidth: 4
AccessType: Write
XMM0.scalar: 0 (0x00000000)
XMM6.scalar: 333.03891 (0x43A684FB)
DR6: 0x00000000FFFF0FF1
DR7: 0x00000000000D0401
RAX: 0x0000000000000000
RBX: 0x0000019869C77AB0
RCX: 0x0000019869C77AB0
RDX: 0x0000000000000000
RSI: 0x0000000000000000
RDI: 0x0000019869C77AB0
RBP: 0x0000006D399DFA10
R8: 0x0000000000000000
R9: 0x000000000000000E
R10: 0x00007FF690A2AA98
R11: 0x0000006D399DF8F0
R12: 0x0000000000000000
R13: 0x0000000000500000
R14: 0x0000000000000000
R15: 0x0000000000000000
Fighter correlations:
RCX -> Slot 0 / Gen 1
RDX -> —
[00:24:10] HARDWARE WRITE TRAP
Sequence: 336
TraceSessionId: 639214175255927292
WatchId: 639214175255927293
ThreadId: 11196
TrapRip: 0x00007FF68FAFCCC5
NormalizedTrapRip / code context: NativeProbe | DBXV2.exe+0xBCCC5 | code[-32,+16]=5DC60F28D0F30F108B040100000F28C2F30F588308010000F30F1193000100000F2FC1760CF30F5CCAF30F118B080100
WatchedAddress: 0x0000019869C77BB0
AccessWidth: 4
AccessType: Write
XMM0.scalar: 333.03891 (0x43A684FB)
XMM6.scalar: 333.03891 (0x43A684FB)
DR6: 0x00000000FFFF0FF1
DR7: 0x00000000000D0401
RAX: 0x0000000000000000
RBX: 0x0000019869C77AB0
RCX: 0x0000019869C77AB0
RDX: 0x0000000000000000
RSI: 0x0000000000000000
RDI: 0x0000019869C77AB0
RBP: 0x0000006D399DFA10
R8: 0x0000000000000000
R9: 0x000000000000000E
R10: 0x00007FF690A2AA98
R11: 0x0000006D399DF8F0
R12: 0x0000000000000000
R13: 0x0000000000500000
R14: 0x0000000000000000
R15: 0x0000000000000000
Fighter correlations:
RCX -> Slot 0 / Gen 1
RDX -> —
[00:24:10] HARDWARE WRITE TRAP
Sequence: 337
TraceSessionId: 639214175255927292
WatchId: 639214175255927293
ThreadId: 24252
TrapRip: 0x00007FF68FAFCC99
NormalizedTrapRip / code context: NativeProbe | DBXV2.exe+0xBCC99 | code[-32,+16]=0085C075580F57D20F2FF27250F30F58B3000100000F2FF2F30F11B300010000720FF30F108304010000F30F5DC60F28
WatchedAddress: 0x0000019869C77BB0
AccessWidth: 4
AccessType: Write
XMM0.scalar: 0 (0x00000000)
XMM6.scalar: 333.03891 (0x43A684FB)
DR6: 0x00000000FFFF0FF1
DR7: 0x00000000000D0401
RAX: 0x0000000000000000
RBX: 0x0000019869C77AB0
RCX: 0x0000019869C77AB0
RDX: 0x0000000000000000
RSI: 0x0000000000000000
RDI: 0x0000019869C77AB0
RBP: 0x0000006D39FDF6D0
R8: 0x0000000000000000
R9: 0x000000000000000E
R10: 0x00007FF690A2AA98
R11: 0x0000006D39FDF5B0
R12: 0x0000000000000000
R13: 0x0000000000500000
R14: 0x0000000000000000
R15: 0x0000000000000000
Fighter correlations:
RCX -> Slot 0 / Gen 1
RDX -> —
[00:24:10] HARDWARE WRITE TRAP
Sequence: 338
TraceSessionId: 639214175255927292
WatchId: 639214175255927293
ThreadId: 24252
TrapRip: 0x00007FF68FAFCCC5
NormalizedTrapRip / code context: NativeProbe | DBXV2.exe+0xBCCC5 | code[-32,+16]=5DC60F28D0F30F108B040100000F28C2F30F588308010000F30F1193000100000F2FC1760CF30F5CCAF30F118B080100
WatchedAddress: 0x0000019869C77BB0
AccessWidth: 4
AccessType: Write
XMM0.scalar: 333.03891 (0x43A684FB)
XMM6.scalar: 333.03891 (0x43A684FB)
DR6: 0x00000000FFFF0FF1
DR7: 0x00000000000D0401
RAX: 0x0000000000000000
RBX: 0x0000019869C77AB0
RCX: 0x0000019869C77AB0
RDX: 0x0000000000000000
RSI: 0x0000000000000000
RDI: 0x0000019869C77AB0
RBP: 0x0000006D39FDF6D0
R8: 0x0000000000000000
R9: 0x000000000000000E
R10: 0x00007FF690A2AA98
R11: 0x0000006D39FDF5B0
R12: 0x0000000000000000
R13: 0x0000000000500000
R14: 0x0000000000000000
R15: 0x0000000000000000
Fighter correlations:
RCX -> Slot 0 / Gen 1
RDX -> —
[00:24:10] HARDWARE WRITE TRAP
Sequence: 339
TraceSessionId: 639214175255927292
WatchId: 639214175255927293
ThreadId: 11196
TrapRip: 0x00007FF68FAFCC99
NormalizedTrapRip / code context: NativeProbe | DBXV2.exe+0xBCC99 | code[-32,+16]=0085C075580F57D20F2FF27250F30F58B3000100000F2FF2F30F11B300010000720FF30F108304010000F30F5DC60F28
WatchedAddress: 0x0000019869C77BB0
AccessWidth: 4
AccessType: Write
XMM0.scalar: 0 (0x00000000)
XMM6.scalar: 333.03891 (0x43A684FB)
DR6: 0x00000000FFFF0FF1
DR7: 0x00000000000D0401
RAX: 0x0000000000000000
RBX: 0x0000019869C77AB0
RCX: 0x0000019869C77AB0
RDX: 0x0000000000000000
RSI: 0x0000000000000000
RDI: 0x0000019869C77AB0
RBP: 0x0000006D399DFA10
R8: 0x0000000000000000
R9: 0x000000000000000E
R10: 0x00007FF690A2AA98
R11: 0x0000006D399DF8F0
R12: 0x0000000000000000
R13: 0x0000000000500000
R14: 0x0000000000000000
R15: 0x0000000000000000
Fighter correlations:
RCX -> Slot 0 / Gen 1
RDX -> —
[00:24:10] HARDWARE WRITE TRAP
Sequence: 340
TraceSessionId: 639214175255927292
WatchId: 639214175255927293
ThreadId: 11196
TrapRip: 0x00007FF68FAFCCC5
NormalizedTrapRip / code context: NativeProbe | DBXV2.exe+0xBCCC5 | code[-32,+16]=5DC60F28D0F30F108B040100000F28C2F30F588308010000F30F1193000100000F2FC1760CF30F5CCAF30F118B080100
WatchedAddress: 0x0000019869C77BB0
AccessWidth: 4
AccessType: Write
XMM0.scalar: 333.03891 (0x43A684FB)
XMM6.scalar: 333.03891 (0x43A684FB)
DR6: 0x00000000FFFF0FF1
DR7: 0x00000000000D0401
RAX: 0x0000000000000000
RBX: 0x0000019869C77AB0
RCX: 0x0000019869C77AB0
RDX: 0x0000000000000000
RSI: 0x0000000000000000
RDI: 0x0000019869C77AB0
RBP: 0x0000006D399DFA10
R8: 0x0000000000000000
R9: 0x000000000000000E
R10: 0x00007FF690A2AA98
R11: 0x0000006D399DF8F0
R12: 0x0000000000000000
R13: 0x0000000000500000
R14: 0x0000000000000000
R15: 0x0000000000000000
Fighter correlations:
RCX -> Slot 0 / Gen 1
RDX -> —
[00:24:10] HARDWARE WRITE TRAP
Sequence: 341
TraceSessionId: 639214175255927292
WatchId: 639214175255927293
ThreadId: 16992
TrapRip: 0x00007FF68FAFCC99
NormalizedTrapRip / code context: NativeProbe | DBXV2.exe+0xBCC99 | code[-32,+16]=0085C075580F57D20F2FF27250F30F58B3000100000F2FF2F30F11B300010000720FF30F108304010000F30F5DC60F28
WatchedAddress: 0x0000019869C77BB0
AccessWidth: 4
AccessType: Write
XMM0.scalar: 0 (0x00000000)
XMM6.scalar: 333.03891 (0x43A684FB)
DR6: 0x00000000FFFF0FF1
DR7: 0x00000000000D0401
RAX: 0x0000000000000000
RBX: 0x0000019869C77AB0
RCX: 0x0000019869C77AB0
RDX: 0x0000000000000000
RSI: 0x0000000000000000
RDI: 0x0000019869C77AB0
RBP: 0x0000006D398DFA20
R8: 0x0000000000000000
R9: 0x000000000000000E
R10: 0x00007FF690A2AA98
R11: 0x0000006D398DF900
R12: 0x0000000000000000
R13: 0x0000000000500000
R14: 0x0000000000000000
R15: 0x0000000000000000
Fighter correlations:
RCX -> Slot 0 / Gen 1
RDX -> —
[00:24:10] HARDWARE WRITE TRAP
Sequence: 342
TraceSessionId: 639214175255927292
WatchId: 639214175255927293
ThreadId: 16992
TrapRip: 0x00007FF68FAFCCC5
NormalizedTrapRip / code context: NativeProbe | DBXV2.exe+0xBCCC5 | code[-32,+16]=5DC60F28D0F30F108B040100000F28C2F30F588308010000F30F1193000100000F2FC1760CF30F5CCAF30F118B080100
WatchedAddress: 0x0000019869C77BB0
AccessWidth: 4
AccessType: Write
XMM0.scalar: 333.03891 (0x43A684FB)
XMM6.scalar: 333.03891 (0x43A684FB)
DR6: 0x00000000FFFF0FF1
DR7: 0x00000000000D0401
RAX: 0x0000000000000000
RBX: 0x0000019869C77AB0
RCX: 0x0000019869C77AB0
RDX: 0x0000000000000000
RSI: 0x0000000000000000
RDI: 0x0000019869C77AB0
RBP: 0x0000006D398DFA20
R8: 0x0000000000000000
R9: 0x000000000000000E
R10: 0x00007FF690A2AA98
R11: 0x0000006D398DF900
R12: 0x0000000000000000
R13: 0x0000000000500000
R14: 0x0000000000000000
R15: 0x0000000000000000
Fighter correlations:
RCX -> Slot 0 / Gen 1
RDX -> —
[00:24:10] HARDWARE WRITE TRAP
Sequence: 343
TraceSessionId: 639214175255927292
WatchId: 639214175255927293
ThreadId: 23268
TrapRip: 0x00007FF68FAFCC99
NormalizedTrapRip / code context: NativeProbe | DBXV2.exe+0xBCC99 | code[-32,+16]=0085C075580F57D20F2FF27250F30F58B3000100000F2FF2F30F11B300010000720FF30F108304010000F30F5DC60F28
WatchedAddress: 0x0000019869C77BB0
AccessWidth: 4
AccessType: Write
XMM0.scalar: 0 (0x00000000)
XMM6.scalar: 333.03891 (0x43A684FB)
DR6: 0x00000000FFFF0FF1
DR7: 0x00000000000D0401
RAX: 0x0000000000000000
RBX: 0x0000019869C77AB0
RCX: 0x0000019869C77AB0
RDX: 0x0000000000000000
RSI: 0x0000000000000000
RDI: 0x0000019869C77AB0
RBP: 0x0000006D39DDFB50
R8: 0x0000000000000000
R9: 0x000000000000000E
R10: 0x00007FF690A2AA98
R11: 0x0000006D39DDFA30
R12: 0x0000000000000000
R13: 0x0000000000500000
R14: 0x0000000000000000
R15: 0x0000000000000000
Fighter correlations:
RCX -> Slot 0 / Gen 1
RDX -> —
[00:24:10] HARDWARE WRITE TRAP
Sequence: 344
TraceSessionId: 639214175255927292
WatchId: 639214175255927293
ThreadId: 23268
TrapRip: 0x00007FF68FAFCCC5
NormalizedTrapRip / code context: NativeProbe | DBXV2.exe+0xBCCC5 | code[-32,+16]=5DC60F28D0F30F108B040100000F28C2F30F588308010000F30F1193000100000F2FC1760CF30F5CCAF30F118B080100
WatchedAddress: 0x0000019869C77BB0
AccessWidth: 4
AccessType: Write
XMM0.scalar: 333.03891 (0x43A684FB)
XMM6.scalar: 333.03891 (0x43A684FB)
DR6: 0x00000000FFFF0FF1
DR7: 0x00000000000D0401
RAX: 0x0000000000000000
RBX: 0x0000019869C77AB0
RCX: 0x0000019869C77AB0
RDX: 0x0000000000000000
RSI: 0x0000000000000000
RDI: 0x0000019869C77AB0
RBP: 0x0000006D39DDFB50
R8: 0x0000000000000000
R9: 0x000000000000000E
R10: 0x00007FF690A2AA98
R11: 0x0000006D39DDFA30
R12: 0x0000000000000000
R13: 0x0000000000500000
R14: 0x0000000000000000
R15: 0x0000000000000000
Fighter correlations:
RCX -> Slot 0 / Gen 1
RDX -> —
[00:24:10] HARDWARE WRITE TRAP
Sequence: 345
TraceSessionId: 639214175255927292
WatchId: 639214175255927293
ThreadId: 18620
TrapRip: 0x00007FF68FAFCC99
NormalizedTrapRip / code context: NativeProbe | DBXV2.exe+0xBCC99 | code[-32,+16]=0085C075580F57D20F2FF27250F30F58B3000100000F2FF2F30F11B300010000720FF30F108304010000F30F5DC60F28
WatchedAddress: 0x0000019869C77BB0
AccessWidth: 4
AccessType: Write
XMM0.scalar: 0 (0x00000000)
XMM6.scalar: 333.03891 (0x43A684FB)
DR6: 0x00000000FFFF0FF1
DR7: 0x00000000000D0401
RAX: 0x0000000000000000
RBX: 0x0000019869C77AB0
RCX: 0x0000019869C77AB0
RDX: 0x0000000000000000
RSI: 0x0000000000000000
RDI: 0x0000019869C77AB0
RBP: 0x0000006D39CDF600
R8: 0x0000000000000000
R9: 0x000000000000000E
R10: 0x00007FF690A2AA98
R11: 0x0000006D39CDF4E0
R12: 0x0000000000000000
R13: 0x0000000000500000
R14: 0x0000000000000000
R15: 0x0000000000000000
Fighter correlations:
RCX -> Slot 0 / Gen 1
RDX -> —
[00:24:10] HARDWARE WRITE TRAP
Sequence: 346
TraceSessionId: 639214175255927292
WatchId: 639214175255927293
ThreadId: 18620
TrapRip: 0x00007FF68FAFCCC5
NormalizedTrapRip / code context: NativeProbe | DBXV2.exe+0xBCCC5 | code[-32,+16]=5DC60F28D0F30F108B040100000F28C2F30F588308010000F30F1193000100000F2FC1760CF30F5CCAF30F118B080100
WatchedAddress: 0x0000019869C77BB0
AccessWidth: 4
AccessType: Write
XMM0.scalar: 333.03891 (0x43A684FB)
XMM6.scalar: 333.03891 (0x43A684FB)
DR6: 0x00000000FFFF0FF1
DR7: 0x00000000000D0401
RAX: 0x0000000000000000
RBX: 0x0000019869C77AB0
RCX: 0x0000019869C77AB0
RDX: 0x0000000000000000
RSI: 0x0000000000000000
RDI: 0x0000019869C77AB0
RBP: 0x0000006D39CDF600
R8: 0x0000000000000000
R9: 0x000000000000000E
R10: 0x00007FF690A2AA98
R11: 0x0000006D39CDF4E0
R12: 0x0000000000000000
R13: 0x0000000000500000
R14: 0x0000000000000000
R15: 0x0000000000000000
Fighter correlations:
RCX -> Slot 0 / Gen 1
RDX -> —
[00:24:10] HARDWARE WRITE TRAP
Sequence: 347
TraceSessionId: 639214175255927292
WatchId: 639214175255927293
ThreadId: 24252
TrapRip: 0x00007FF68FAFCC99
NormalizedTrapRip / code context: NativeProbe | DBXV2.exe+0xBCC99 | code[-32,+16]=0085C075580F57D20F2FF27250F30F58B3000100000F2FF2F30F11B300010000720FF30F108304010000F30F5DC60F28
WatchedAddress: 0x0000019869C77BB0
AccessWidth: 4
AccessType: Write
XMM0.scalar: 0 (0x00000000)
XMM6.scalar: 333.03891 (0x43A684FB)
DR6: 0x00000000FFFF0FF1
DR7: 0x00000000000D0401
RAX: 0x0000000000000000
RBX: 0x0000019869C77AB0
RCX: 0x0000019869C77AB0
RDX: 0x0000000000000000
RSI: 0x0000000000000000
RDI: 0x0000019869C77AB0
RBP: 0x0000006D39FDF6D0
R8: 0x0000000000000000
R9: 0x000000000000000E
R10: 0x00007FF690A2AA98
R11: 0x0000006D39FDF5B0
R12: 0x0000000000000000
R13: 0x0000000000500000
R14: 0x0000000000000000
R15: 0x0000000000000000
Fighter correlations:
RCX -> Slot 0 / Gen 1
RDX -> —
[00:24:10] HARDWARE WRITE TRAP
Sequence: 348
TraceSessionId: 639214175255927292
WatchId: 639214175255927293
ThreadId: 24252
TrapRip: 0x00007FF68FAFCCC5
NormalizedTrapRip / code context: NativeProbe | DBXV2.exe+0xBCCC5 | code[-32,+16]=5DC60F28D0F30F108B040100000F28C2F30F588308010000F30F1193000100000F2FC1760CF30F5CCAF30F118B080100
WatchedAddress: 0x0000019869C77BB0
AccessWidth: 4
AccessType: Write
XMM0.scalar: 333.03891 (0x43A684FB)
XMM6.scalar: 333.03891 (0x43A684FB)
DR6: 0x00000000FFFF0FF1
DR7: 0x00000000000D0401
RAX: 0x0000000000000000
RBX: 0x0000019869C77AB0
RCX: 0x0000019869C77AB0
RDX: 0x0000000000000000
RSI: 0x0000000000000000
RDI: 0x0000019869C77AB0
RBP: 0x0000006D39FDF6D0
R8: 0x0000000000000000
R9: 0x000000000000000E
R10: 0x00007FF690A2AA98
R11: 0x0000006D39FDF5B0
R12: 0x0000000000000000
R13: 0x0000000000500000
R14: 0x0000000000000000
R15: 0x0000000000000000
Fighter correlations:
RCX -> Slot 0 / Gen 1
RDX -> —
[00:24:10] HARDWARE WRITE TRAP
Sequence: 349
TraceSessionId: 639214175255927292
WatchId: 639214175255927293
ThreadId: 23268
TrapRip: 0x00007FF68FAFCC99
NormalizedTrapRip / code context: NativeProbe | DBXV2.exe+0xBCC99 | code[-32,+16]=0085C075580F57D20F2FF27250F30F58B3000100000F2FF2F30F11B300010000720FF30F108304010000F30F5DC60F28
WatchedAddress: 0x0000019869C77BB0
AccessWidth: 4
AccessType: Write
XMM0.scalar: 0 (0x00000000)
XMM6.scalar: 333.03891 (0x43A684FB)
DR6: 0x00000000FFFF0FF1
DR7: 0x00000000000D0401
RAX: 0x0000000000000000
RBX: 0x0000019869C77AB0
RCX: 0x0000019869C77AB0
RDX: 0x0000000000000000
RSI: 0x0000000000000000
RDI: 0x0000019869C77AB0
RBP: 0x0000006D39DDFB50
R8: 0x0000000000000000
R9: 0x000000000000000E
R10: 0x00007FF690A2AA98
R11: 0x0000006D39DDFA30
R12: 0x0000000000000000
R13: 0x0000000000500000
R14: 0x0000000000000000
R15: 0x0000000000000000
Fighter correlations:
RCX -> Slot 0 / Gen 1
RDX -> —
[00:24:10] HARDWARE WRITE TRAP
Sequence: 350
TraceSessionId: 639214175255927292
WatchId: 639214175255927293
ThreadId: 23268
TrapRip: 0x00007FF68FAFCCC5
NormalizedTrapRip / code context: NativeProbe | DBXV2.exe+0xBCCC5 | code[-32,+16]=5DC60F28D0F30F108B040100000F28C2F30F588308010000F30F1193000100000F2FC1760CF30F5CCAF30F118B080100
WatchedAddress: 0x0000019869C77BB0
AccessWidth: 4
AccessType: Write
XMM0.scalar: 333.03891 (0x43A684FB)
XMM6.scalar: 333.03891 (0x43A684FB)
DR6: 0x00000000FFFF0FF1
DR7: 0x00000000000D0401
RAX: 0x0000000000000000
RBX: 0x0000019869C77AB0
RCX: 0x0000019869C77AB0
RDX: 0x0000000000000000
RSI: 0x0000000000000000
RDI: 0x0000019869C77AB0
RBP: 0x0000006D39DDFB50
R8: 0x0000000000000000
R9: 0x000000000000000E
R10: 0x00007FF690A2AA98
R11: 0x0000006D39DDFA30
R12: 0x0000000000000000
R13: 0x0000000000500000
R14: 0x0000000000000000
R15: 0x0000000000000000
Fighter correlations:
RCX -> Slot 0 / Gen 1
RDX -> —
[00:24:10] HARDWARE WRITE TRAP
Sequence: 351
TraceSessionId: 639214175255927292
WatchId: 639214175255927293
ThreadId: 24252
TrapRip: 0x00007FF68FAFCC99
NormalizedTrapRip / code context: NativeProbe | DBXV2.exe+0xBCC99 | code[-32,+16]=0085C075580F57D20F2FF27250F30F58B3000100000F2FF2F30F11B300010000720FF30F108304010000F30F5DC60F28
WatchedAddress: 0x0000019869C77BB0
AccessWidth: 4
AccessType: Write
XMM0.scalar: 0 (0x00000000)
XMM6.scalar: 333.03891 (0x43A684FB)
DR6: 0x00000000FFFF0FF1
DR7: 0x00000000000D0401
RAX: 0x0000000000000000
RBX: 0x0000019869C77AB0
RCX: 0x0000019869C77AB0
RDX: 0x0000000000000000
RSI: 0x0000000000000000
RDI: 0x0000019869C77AB0
RBP: 0x0000006D39FDF6D0
R8: 0x0000000000000000
R9: 0x000000000000000E
R10: 0x00007FF690A2AA98
R11: 0x0000006D39FDF5B0
R12: 0x0000000000000000
R13: 0x0000000000500000
R14: 0x0000000000000000
R15: 0x0000000000000000
Fighter correlations:
RCX -> Slot 0 / Gen 1
RDX -> —
[00:24:10] HARDWARE WRITE TRAP
Sequence: 352
TraceSessionId: 639214175255927292
WatchId: 639214175255927293
ThreadId: 24252
TrapRip: 0x00007FF68FAFCCC5
NormalizedTrapRip / code context: NativeProbe | DBXV2.exe+0xBCCC5 | code[-32,+16]=5DC60F28D0F30F108B040100000F28C2F30F588308010000F30F1193000100000F2FC1760CF30F5CCAF30F118B080100
WatchedAddress: 0x0000019869C77BB0
AccessWidth: 4
AccessType: Write
XMM0.scalar: 333.03891 (0x43A684FB)
XMM6.scalar: 333.03891 (0x43A684FB)
DR6: 0x00000000FFFF0FF1
DR7: 0x00000000000D0401
RAX: 0x0000000000000000
RBX: 0x0000019869C77AB0
RCX: 0x0000019869C77AB0
RDX: 0x0000000000000000
RSI: 0x0000000000000000
RDI: 0x0000019869C77AB0
RBP: 0x0000006D39FDF6D0
R8: 0x0000000000000000
R9: 0x000000000000000E
R10: 0x00007FF690A2AA98
R11: 0x0000006D39FDF5B0
R12: 0x0000000000000000
R13: 0x0000000000500000
R14: 0x0000000000000000
R15: 0x0000000000000000
Fighter correlations:
RCX -> Slot 0 / Gen 1
RDX -> —
[00:24:10] HARDWARE WRITE TRAP
Sequence: 353
TraceSessionId: 639214175255927292
WatchId: 639214175255927293
ThreadId: 23268
TrapRip: 0x00007FF68FAFCC99
NormalizedTrapRip / code context: NativeProbe | DBXV2.exe+0xBCC99 | code[-32,+16]=0085C075580F57D20F2FF27250F30F58B3000100000F2FF2F30F11B300010000720FF30F108304010000F30F5DC60F28
WatchedAddress: 0x0000019869C77BB0
AccessWidth: 4
AccessType: Write
XMM0.scalar: 0 (0x00000000)
XMM6.scalar: 333.03891 (0x43A684FB)
DR6: 0x00000000FFFF0FF1
DR7: 0x00000000000D0401
RAX: 0x0000000000000000
RBX: 0x0000019869C77AB0
RCX: 0x0000019869C77AB0
RDX: 0x0000000000000000
RSI: 0x0000000000000000
RDI: 0x0000019869C77AB0
RBP: 0x0000006D39DDFB50
R8: 0x0000000000000000
R9: 0x000000000000000E
R10: 0x00007FF690A2AA98
R11: 0x0000006D39DDFA30
R12: 0x0000000000000000
R13: 0x0000000000500000
R14: 0x0000000000000000
R15: 0x0000000000000000
Fighter correlations:
RCX -> Slot 0 / Gen 1
RDX -> —
[00:24:10] HARDWARE WRITE TRAP
Sequence: 354
TraceSessionId: 639214175255927292
WatchId: 639214175255927293
ThreadId: 23268
TrapRip: 0x00007FF68FAFCCC5
NormalizedTrapRip / code context: NativeProbe | DBXV2.exe+0xBCCC5 | code[-32,+16]=5DC60F28D0F30F108B040100000F28C2F30F588308010000F30F1193000100000F2FC1760CF30F5CCAF30F118B080100
WatchedAddress: 0x0000019869C77BB0
AccessWidth: 4
AccessType: Write
XMM0.scalar: 333.03891 (0x43A684FB)
XMM6.scalar: 333.03891 (0x43A684FB)
DR6: 0x00000000FFFF0FF1
DR7: 0x00000000000D0401
RAX: 0x0000000000000000
RBX: 0x0000019869C77AB0
RCX: 0x0000019869C77AB0
RDX: 0x0000000000000000
RSI: 0x0000000000000000
RDI: 0x0000019869C77AB0
RBP: 0x0000006D39DDFB50
R8: 0x0000000000000000
R9: 0x000000000000000E
R10: 0x00007FF690A2AA98
R11: 0x0000006D39DDFA30
R12: 0x0000000000000000
R13: 0x0000000000500000
R14: 0x0000000000000000
R15: 0x0000000000000000
Fighter correlations:
RCX -> Slot 0 / Gen 1
RDX -> —
[00:24:10] HARDWARE WRITE TRAP
Sequence: 355
TraceSessionId: 639214175255927292
WatchId: 639214175255927293
ThreadId: 11196
TrapRip: 0x00007FF68FAFCC99
NormalizedTrapRip / code context: NativeProbe | DBXV2.exe+0xBCC99 | code[-32,+16]=0085C075580F57D20F2FF27250F30F58B3000100000F2FF2F30F11B300010000720FF30F108304010000F30F5DC60F28
WatchedAddress: 0x0000019869C77BB0
AccessWidth: 4
AccessType: Write
XMM0.scalar: 0 (0x00000000)
XMM6.scalar: 333.03891 (0x43A684FB)
DR6: 0x00000000FFFF0FF1
DR7: 0x00000000000D0401
RAX: 0x0000000000000000
RBX: 0x0000019869C77AB0
RCX: 0x0000019869C77AB0
RDX: 0x0000000000000000
RSI: 0x0000000000000000
RDI: 0x0000019869C77AB0
RBP: 0x0000006D399DFA10
R8: 0x0000000000000000
R9: 0x000000000000000E
R10: 0x00007FF690A2AA98
R11: 0x0000006D399DF8F0
R12: 0x0000000000000000
R13: 0x0000000000500000
R14: 0x0000000000000000
R15: 0x0000000000000000
Fighter correlations:
RCX -> Slot 0 / Gen 1
RDX -> —
[00:24:10] HARDWARE WRITE TRAP
Sequence: 356
TraceSessionId: 639214175255927292
WatchId: 639214175255927293
ThreadId: 11196
TrapRip: 0x00007FF68FAFCCC5
NormalizedTrapRip / code context: NativeProbe | DBXV2.exe+0xBCCC5 | code[-32,+16]=5DC60F28D0F30F108B040100000F28C2F30F588308010000F30F1193000100000F2FC1760CF30F5CCAF30F118B080100
WatchedAddress: 0x0000019869C77BB0
AccessWidth: 4
AccessType: Write
XMM0.scalar: 333.03891 (0x43A684FB)
XMM6.scalar: 333.03891 (0x43A684FB)
DR6: 0x00000000FFFF0FF1
DR7: 0x00000000000D0401
RAX: 0x0000000000000000
RBX: 0x0000019869C77AB0
RCX: 0x0000019869C77AB0
RDX: 0x0000000000000000
RSI: 0x0000000000000000
RDI: 0x0000019869C77AB0
RBP: 0x0000006D399DFA10
R8: 0x0000000000000000
R9: 0x000000000000000E
R10: 0x00007FF690A2AA98
R11: 0x0000006D399DF8F0
R12: 0x0000000000000000
R13: 0x0000000000500000
R14: 0x0000000000000000
R15: 0x0000000000000000
Fighter correlations:
RCX -> Slot 0 / Gen 1
RDX -> —
[00:24:10] HARDWARE WRITE TRAP
Sequence: 357
TraceSessionId: 639214175255927292
WatchId: 639214175255927293
ThreadId: 11196
TrapRip: 0x00007FF68FAFCC99
NormalizedTrapRip / code context: NativeProbe | DBXV2.exe+0xBCC99 | code[-32,+16]=0085C075580F57D20F2FF27250F30F58B3000100000F2FF2F30F11B300010000720FF30F108304010000F30F5DC60F28
WatchedAddress: 0x0000019869C77BB0
AccessWidth: 4
AccessType: Write
XMM0.scalar: 0 (0x00000000)
XMM6.scalar: 333.03891 (0x43A684FB)
DR6: 0x00000000FFFF0FF1
DR7: 0x00000000000D0401
RAX: 0x0000000000000000
RBX: 0x0000019869C77AB0
RCX: 0x0000019869C77AB0
RDX: 0x0000000000000000
RSI: 0x0000000000000000
RDI: 0x0000019869C77AB0
RBP: 0x0000006D399DFA10
R8: 0x0000000000000000
R9: 0x000000000000000E
R10: 0x00007FF690A2AA98
R11: 0x0000006D399DF8F0
R12: 0x0000000000000000
R13: 0x0000000000500000
R14: 0x0000000000000000
R15: 0x0000000000000000
Fighter correlations:
RCX -> Slot 0 / Gen 1
RDX -> —
[00:24:10] HARDWARE WRITE TRAP
Sequence: 358
TraceSessionId: 639214175255927292
WatchId: 639214175255927293
ThreadId: 11196
TrapRip: 0x00007FF68FAFCCC5
NormalizedTrapRip / code context: NativeProbe | DBXV2.exe+0xBCCC5 | code[-32,+16]=5DC60F28D0F30F108B040100000F28C2F30F588308010000F30F1193000100000F2FC1760CF30F5CCAF30F118B080100
WatchedAddress: 0x0000019869C77BB0
AccessWidth: 4
AccessType: Write
XMM0.scalar: 333.03891 (0x43A684FB)
XMM6.scalar: 333.03891 (0x43A684FB)
DR6: 0x00000000FFFF0FF1
DR7: 0x00000000000D0401
RAX: 0x0000000000000000
RBX: 0x0000019869C77AB0
RCX: 0x0000019869C77AB0
RDX: 0x0000000000000000
RSI: 0x0000000000000000
RDI: 0x0000019869C77AB0
RBP: 0x0000006D399DFA10
R8: 0x0000000000000000
R9: 0x000000000000000E
R10: 0x00007FF690A2AA98
R11: 0x0000006D399DF8F0
R12: 0x0000000000000000
R13: 0x0000000000500000
R14: 0x0000000000000000
R15: 0x0000000000000000
Fighter correlations:
RCX -> Slot 0 / Gen 1
RDX -> —
[00:24:10] HARDWARE WRITE TRAP
Sequence: 359
TraceSessionId: 639214175255927292
WatchId: 639214175255927293
ThreadId: 23268
TrapRip: 0x00007FF68FAFCC99
NormalizedTrapRip / code context: NativeProbe | DBXV2.exe+0xBCC99 | code[-32,+16]=0085C075580F57D20F2FF27250F30F58B3000100000F2FF2F30F11B300010000720FF30F108304010000F30F5DC60F28
WatchedAddress: 0x0000019869C77BB0
AccessWidth: 4
AccessType: Write
XMM0.scalar: 0 (0x00000000)
XMM6.scalar: 333.03891 (0x43A684FB)
DR6: 0x00000000FFFF0FF1
DR7: 0x00000000000D0401
RAX: 0x0000000000000000
RBX: 0x0000019869C77AB0
RCX: 0x0000019869C77AB0
RDX: 0x0000000000000000
RSI: 0x0000000000000000
RDI: 0x0000019869C77AB0
RBP: 0x0000006D39DDFB50
R8: 0x0000000000000000
R9: 0x000000000000000E
R10: 0x00007FF690A2AA98
R11: 0x0000006D39DDFA30
R12: 0x0000000000000000
R13: 0x0000000000500000
R14: 0x0000000000000000
R15: 0x0000000000000000
Fighter correlations:
RCX -> Slot 0 / Gen 1
RDX -> —
[00:24:10] HARDWARE WRITE TRAP
Sequence: 360
TraceSessionId: 639214175255927292
WatchId: 639214175255927293
ThreadId: 23268
TrapRip: 0x00007FF68FAFCCC5
NormalizedTrapRip / code context: NativeProbe | DBXV2.exe+0xBCCC5 | code[-32,+16]=5DC60F28D0F30F108B040100000F28C2F30F588308010000F30F1193000100000F2FC1760CF30F5CCAF30F118B080100
WatchedAddress: 0x0000019869C77BB0
AccessWidth: 4
AccessType: Write
XMM0.scalar: 333.03891 (0x43A684FB)
XMM6.scalar: 333.03891 (0x43A684FB)
DR6: 0x00000000FFFF0FF1
DR7: 0x00000000000D0401
RAX: 0x0000000000000000
RBX: 0x0000019869C77AB0
RCX: 0x0000019869C77AB0
RDX: 0x0000000000000000
RSI: 0x0000000000000000
RDI: 0x0000019869C77AB0
RBP: 0x0000006D39DDFB50
R8: 0x0000000000000000
R9: 0x000000000000000E
R10: 0x00007FF690A2AA98
R11: 0x0000006D39DDFA30
R12: 0x0000000000000000
R13: 0x0000000000500000
R14: 0x0000000000000000
R15: 0x0000000000000000
Fighter correlations:
RCX -> Slot 0 / Gen 1
RDX -> —
[00:24:10] HARDWARE WRITE TRAP
Sequence: 361
TraceSessionId: 639214175255927292
WatchId: 639214175255927293
ThreadId: 23268
TrapRip: 0x00007FF68FAFCC99
NormalizedTrapRip / code context: NativeProbe | DBXV2.exe+0xBCC99 | code[-32,+16]=0085C075580F57D20F2FF27250F30F58B3000100000F2FF2F30F11B300010000720FF30F108304010000F30F5DC60F28
WatchedAddress: 0x0000019869C77BB0
AccessWidth: 4
AccessType: Write
XMM0.scalar: 0 (0x00000000)
XMM6.scalar: 333.03891 (0x43A684FB)
DR6: 0x00000000FFFF0FF1
DR7: 0x00000000000D0401
RAX: 0x0000000000000000
RBX: 0x0000019869C77AB0
RCX: 0x0000019869C77AB0
RDX: 0x0000000000000000
RSI: 0x0000000000000000
RDI: 0x0000019869C77AB0
RBP: 0x0000006D39DDFB50
R8: 0x0000000000000000
R9: 0x000000000000000E
R10: 0x00007FF690A2AA98
R11: 0x0000006D39DDFA30
R12: 0x0000000000000000
R13: 0x0000000000500000
R14: 0x0000000000000000
R15: 0x0000000000000000
Fighter correlations:
RCX -> Slot 0 / Gen 1
RDX -> —
[00:24:10] HARDWARE WRITE TRAP
Sequence: 362
TraceSessionId: 639214175255927292
WatchId: 639214175255927293
ThreadId: 23268
TrapRip: 0x00007FF68FAFCCC5
NormalizedTrapRip / code context: NativeProbe | DBXV2.exe+0xBCCC5 | code[-32,+16]=5DC60F28D0F30F108B040100000F28C2F30F588308010000F30F1193000100000F2FC1760CF30F5CCAF30F118B080100
WatchedAddress: 0x0000019869C77BB0
AccessWidth: 4
AccessType: Write
XMM0.scalar: 333.03891 (0x43A684FB)
XMM6.scalar: 333.03891 (0x43A684FB)
DR6: 0x00000000FFFF0FF1
DR7: 0x00000000000D0401
RAX: 0x0000000000000000
RBX: 0x0000019869C77AB0
RCX: 0x0000019869C77AB0
RDX: 0x0000000000000000
RSI: 0x0000000000000000
RDI: 0x0000019869C77AB0
RBP: 0x0000006D39DDFB50
R8: 0x0000000000000000
R9: 0x000000000000000E
R10: 0x00007FF690A2AA98
R11: 0x0000006D39DDFA30
R12: 0x0000000000000000
R13: 0x0000000000500000
R14: 0x0000000000000000
R15: 0x0000000000000000
Fighter correlations:
RCX -> Slot 0 / Gen 1
RDX -> —
[00:24:10] HARDWARE WRITE TRAP
Sequence: 363
TraceSessionId: 639214175255927292
WatchId: 639214175255927293
ThreadId: 18620
TrapRip: 0x00007FF68FAFCC99
NormalizedTrapRip / code context: NativeProbe | DBXV2.exe+0xBCC99 | code[-32,+16]=0085C075580F57D20F2FF27250F30F58B3000100000F2FF2F30F11B300010000720FF30F108304010000F30F5DC60F28
WatchedAddress: 0x0000019869C77BB0
AccessWidth: 4
AccessType: Write
XMM0.scalar: 0 (0x00000000)
XMM6.scalar: 333.03891 (0x43A684FB)
DR6: 0x00000000FFFF0FF1
DR7: 0x00000000000D0401
RAX: 0x0000000000000000
RBX: 0x0000019869C77AB0
RCX: 0x0000019869C77AB0
RDX: 0x0000000000000000
RSI: 0x0000000000000000
RDI: 0x0000019869C77AB0
RBP: 0x0000006D39CDF600
R8: 0x0000000000000000
R9: 0x000000000000000E
R10: 0x00007FF690A2AA98
R11: 0x0000006D39CDF4E0
R12: 0x0000000000000000
R13: 0x0000000000500000
R14: 0x0000000000000000
R15: 0x0000000000000000
Fighter correlations:
RCX -> Slot 0 / Gen 1
RDX -> —
[00:24:10] HARDWARE WRITE TRAP
Sequence: 364
TraceSessionId: 639214175255927292
WatchId: 639214175255927293
ThreadId: 18620
TrapRip: 0x00007FF68FAFCCC5
NormalizedTrapRip / code context: NativeProbe | DBXV2.exe+0xBCCC5 | code[-32,+16]=5DC60F28D0F30F108B040100000F28C2F30F588308010000F30F1193000100000F2FC1760CF30F5CCAF30F118B080100
WatchedAddress: 0x0000019869C77BB0
AccessWidth: 4
AccessType: Write
XMM0.scalar: 333.03891 (0x43A684FB)
XMM6.scalar: 333.03891 (0x43A684FB)
DR6: 0x00000000FFFF0FF1
DR7: 0x00000000000D0401
RAX: 0x0000000000000000
RBX: 0x0000019869C77AB0
RCX: 0x0000019869C77AB0
RDX: 0x0000000000000000
RSI: 0x0000000000000000
RDI: 0x0000019869C77AB0
RBP: 0x0000006D39CDF600
R8: 0x0000000000000000
R9: 0x000000000000000E
R10: 0x00007FF690A2AA98
R11: 0x0000006D39CDF4E0
R12: 0x0000000000000000
R13: 0x0000000000500000
R14: 0x0000000000000000
R15: 0x0000000000000000
Fighter correlations:
RCX -> Slot 0 / Gen 1
RDX -> —
[00:24:10] HARDWARE WRITE TRAP
Sequence: 365
TraceSessionId: 639214175255927292
WatchId: 639214175255927293
ThreadId: 11196
TrapRip: 0x00007FF68FAFCC99
NormalizedTrapRip / code context: NativeProbe | DBXV2.exe+0xBCC99 | code[-32,+16]=0085C075580F57D20F2FF27250F30F58B3000100000F2FF2F30F11B300010000720FF30F108304010000F30F5DC60F28
WatchedAddress: 0x0000019869C77BB0
AccessWidth: 4
AccessType: Write
XMM0.scalar: 0 (0x00000000)
XMM6.scalar: 333.03891 (0x43A684FB)
DR6: 0x00000000FFFF0FF1
DR7: 0x00000000000D0401
RAX: 0x0000000000000000
RBX: 0x0000019869C77AB0
RCX: 0x0000019869C77AB0
RDX: 0x0000000000000000
RSI: 0x0000000000000000
RDI: 0x0000019869C77AB0
RBP: 0x0000006D399DFA10
R8: 0x0000000000000000
R9: 0x000000000000000E
R10: 0x00007FF690A2AA98
R11: 0x0000006D399DF8F0
R12: 0x0000000000000000
R13: 0x0000000000500000
R14: 0x0000000000000000
R15: 0x0000000000000000
Fighter correlations:
RCX -> Slot 0 / Gen 1
RDX -> —
[00:24:10] HARDWARE WRITE TRAP
Sequence: 366
TraceSessionId: 639214175255927292
WatchId: 639214175255927293
ThreadId: 11196
TrapRip: 0x00007FF68FAFCCC5
NormalizedTrapRip / code context: NativeProbe | DBXV2.exe+0xBCCC5 | code[-32,+16]=5DC60F28D0F30F108B040100000F28C2F30F588308010000F30F1193000100000F2FC1760CF30F5CCAF30F118B080100
WatchedAddress: 0x0000019869C77BB0
AccessWidth: 4
AccessType: Write
XMM0.scalar: 333.03891 (0x43A684FB)
XMM6.scalar: 333.03891 (0x43A684FB)
DR6: 0x00000000FFFF0FF1
DR7: 0x00000000000D0401
RAX: 0x0000000000000000
RBX: 0x0000019869C77AB0
RCX: 0x0000019869C77AB0
RDX: 0x0000000000000000
RSI: 0x0000000000000000
RDI: 0x0000019869C77AB0
RBP: 0x0000006D399DFA10
R8: 0x0000000000000000
R9: 0x000000000000000E
R10: 0x00007FF690A2AA98
R11: 0x0000006D399DF8F0
R12: 0x0000000000000000
R13: 0x0000000000500000
R14: 0x0000000000000000
R15: 0x0000000000000000
Fighter correlations:
RCX -> Slot 0 / Gen 1
RDX -> —
[00:24:10] HARDWARE WRITE TRAP
Sequence: 367
TraceSessionId: 639214175255927292
WatchId: 639214175255927293
ThreadId: 24252
TrapRip: 0x00007FF68FAFCC99
NormalizedTrapRip / code context: NativeProbe | DBXV2.exe+0xBCC99 | code[-32,+16]=0085C075580F57D20F2FF27250F30F58B3000100000F2FF2F30F11B300010000720FF30F108304010000F30F5DC60F28
WatchedAddress: 0x0000019869C77BB0
AccessWidth: 4
AccessType: Write
XMM0.scalar: 0 (0x00000000)
XMM6.scalar: 333.03891 (0x43A684FB)
DR6: 0x00000000FFFF0FF1
DR7: 0x00000000000D0401
RAX: 0x0000000000000000
RBX: 0x0000019869C77AB0
RCX: 0x0000019869C77AB0
RDX: 0x0000000000000000
RSI: 0x0000000000000000
RDI: 0x0000019869C77AB0
RBP: 0x0000006D39FDF6D0
R8: 0x0000000000000000
R9: 0x000000000000000E
R10: 0x00007FF690A2AA98
R11: 0x0000006D39FDF5B0
R12: 0x0000000000000000
R13: 0x0000000000500000
R14: 0x0000000000000000
R15: 0x0000000000000000
Fighter correlations:
RCX -> Slot 0 / Gen 1
RDX -> —
[00:24:10] HARDWARE WRITE TRAP
Sequence: 368
TraceSessionId: 639214175255927292
WatchId: 639214175255927293
ThreadId: 24252
TrapRip: 0x00007FF68FAFCCC5
NormalizedTrapRip / code context: NativeProbe | DBXV2.exe+0xBCCC5 | code[-32,+16]=5DC60F28D0F30F108B040100000F28C2F30F588308010000F30F1193000100000F2FC1760CF30F5CCAF30F118B080100
WatchedAddress: 0x0000019869C77BB0
AccessWidth: 4
AccessType: Write
XMM0.scalar: 333.03891 (0x43A684FB)
XMM6.scalar: 333.03891 (0x43A684FB)
DR6: 0x00000000FFFF0FF1
DR7: 0x00000000000D0401
RAX: 0x0000000000000000
RBX: 0x0000019869C77AB0
RCX: 0x0000019869C77AB0
RDX: 0x0000000000000000
RSI: 0x0000000000000000
RDI: 0x0000019869C77AB0
RBP: 0x0000006D39FDF6D0
R8: 0x0000000000000000
R9: 0x000000000000000E
R10: 0x00007FF690A2AA98
R11: 0x0000006D39FDF5B0
R12: 0x0000000000000000
R13: 0x0000000000500000
R14: 0x0000000000000000
R15: 0x0000000000000000
Fighter correlations:
RCX -> Slot 0 / Gen 1
RDX -> —
[00:24:10] HARDWARE WRITE TRAP
Sequence: 369
TraceSessionId: 639214175255927292
WatchId: 639214175255927293
ThreadId: 23268
TrapRip: 0x00007FF68FAFCC99
NormalizedTrapRip / code context: NativeProbe | DBXV2.exe+0xBCC99 | code[-32,+16]=0085C075580F57D20F2FF27250F30F58B3000100000F2FF2F30F11B300010000720FF30F108304010000F30F5DC60F28
WatchedAddress: 0x0000019869C77BB0
AccessWidth: 4
AccessType: Write
XMM0.scalar: 0 (0x00000000)
XMM6.scalar: 333.03891 (0x43A684FB)
DR6: 0x00000000FFFF0FF1
DR7: 0x00000000000D0401
RAX: 0x0000000000000000
RBX: 0x0000019869C77AB0
RCX: 0x0000019869C77AB0
RDX: 0x0000000000000000
RSI: 0x0000000000000000
RDI: 0x0000019869C77AB0
RBP: 0x0000006D39DDFB50
R8: 0x0000000000000000
R9: 0x000000000000000E
R10: 0x00007FF690A2AA98
R11: 0x0000006D39DDFA30
R12: 0x0000000000000000
R13: 0x0000000000500000
R14: 0x0000000000000000
R15: 0x0000000000000000
Fighter correlations:
RCX -> Slot 0 / Gen 1
RDX -> —
[00:24:10] HARDWARE WRITE TRAP
Sequence: 370
TraceSessionId: 639214175255927292
WatchId: 639214175255927293
ThreadId: 23268
TrapRip: 0x00007FF68FAFCCC5
NormalizedTrapRip / code context: NativeProbe | DBXV2.exe+0xBCCC5 | code[-32,+16]=5DC60F28D0F30F108B040100000F28C2F30F588308010000F30F1193000100000F2FC1760CF30F5CCAF30F118B080100
WatchedAddress: 0x0000019869C77BB0
AccessWidth: 4
AccessType: Write
XMM0.scalar: 333.03891 (0x43A684FB)
XMM6.scalar: 333.03891 (0x43A684FB)
DR6: 0x00000000FFFF0FF1
DR7: 0x00000000000D0401
RAX: 0x0000000000000000
RBX: 0x0000019869C77AB0
RCX: 0x0000019869C77AB0
RDX: 0x0000000000000000
RSI: 0x0000000000000000
RDI: 0x0000019869C77AB0
RBP: 0x0000006D39DDFB50
R8: 0x0000000000000000
R9: 0x000000000000000E
R10: 0x00007FF690A2AA98
R11: 0x0000006D39DDFA30
R12: 0x0000000000000000
R13: 0x0000000000500000
R14: 0x0000000000000000
R15: 0x0000000000000000
Fighter correlations:
RCX -> Slot 0 / Gen 1
RDX -> —
[00:24:10] HARDWARE WRITE TRAP
Sequence: 371
TraceSessionId: 639214175255927292
WatchId: 639214175255927293
ThreadId: 23268
TrapRip: 0x00007FF68FAFCC99
NormalizedTrapRip / code context: NativeProbe | DBXV2.exe+0xBCC99 | code[-32,+16]=0085C075580F57D20F2FF27250F30F58B3000100000F2FF2F30F11B300010000720FF30F108304010000F30F5DC60F28
WatchedAddress: 0x0000019869C77BB0
AccessWidth: 4
AccessType: Write
XMM0.scalar: 0 (0x00000000)
XMM6.scalar: 333.03891 (0x43A684FB)
DR6: 0x00000000FFFF0FF1
DR7: 0x00000000000D0401
RAX: 0x0000000000000000
RBX: 0x0000019869C77AB0
RCX: 0x0000019869C77AB0
RDX: 0x0000000000000000
RSI: 0x0000000000000000
RDI: 0x0000019869C77AB0
RBP: 0x0000006D39DDFB50
R8: 0x0000000000000000
R9: 0x000000000000000E
R10: 0x00007FF690A2AA98
R11: 0x0000006D39DDFA30
R12: 0x0000000000000000
R13: 0x0000000000500000
R14: 0x0000000000000000
R15: 0x0000000000000000
Fighter correlations:
RCX -> Slot 0 / Gen 1
RDX -> —
[00:24:10] HARDWARE WRITE TRAP
Sequence: 372
TraceSessionId: 639214175255927292
WatchId: 639214175255927293
ThreadId: 23268
TrapRip: 0x00007FF68FAFCCC5
NormalizedTrapRip / code context: NativeProbe | DBXV2.exe+0xBCCC5 | code[-32,+16]=5DC60F28D0F30F108B040100000F28C2F30F588308010000F30F1193000100000F2FC1760CF30F5CCAF30F118B080100
WatchedAddress: 0x0000019869C77BB0
AccessWidth: 4
AccessType: Write
XMM0.scalar: 333.03891 (0x43A684FB)
XMM6.scalar: 333.03891 (0x43A684FB)
DR6: 0x00000000FFFF0FF1
DR7: 0x00000000000D0401
RAX: 0x0000000000000000
RBX: 0x0000019869C77AB0
RCX: 0x0000019869C77AB0
RDX: 0x0000000000000000
RSI: 0x0000000000000000
RDI: 0x0000019869C77AB0
RBP: 0x0000006D39DDFB50
R8: 0x0000000000000000
R9: 0x000000000000000E
R10: 0x00007FF690A2AA98
R11: 0x0000006D39DDFA30
R12: 0x0000000000000000
R13: 0x0000000000500000
R14: 0x0000000000000000
R15: 0x0000000000000000
Fighter correlations:
RCX -> Slot 0 / Gen 1
RDX -> —
[00:24:10] HARDWARE WRITE TRAP
Sequence: 373
TraceSessionId: 639214175255927292
WatchId: 639214175255927293
ThreadId: 23268
TrapRip: 0x00007FF68FAFCC99
NormalizedTrapRip / code context: NativeProbe | DBXV2.exe+0xBCC99 | code[-32,+16]=0085C075580F57D20F2FF27250F30F58B3000100000F2FF2F30F11B300010000720FF30F108304010000F30F5DC60F28
WatchedAddress: 0x0000019869C77BB0
AccessWidth: 4
AccessType: Write
XMM0.scalar: 0 (0x00000000)
XMM6.scalar: 333.03891 (0x43A684FB)
DR6: 0x00000000FFFF0FF1
DR7: 0x00000000000D0401
RAX: 0x0000000000000000
RBX: 0x0000019869C77AB0
RCX: 0x0000019869C77AB0
RDX: 0x0000000000000000
RSI: 0x0000000000000000
RDI: 0x0000019869C77AB0
RBP: 0x0000006D39DDFB50
R8: 0x0000000000000000
R9: 0x000000000000000E
R10: 0x00007FF690A2AA98
R11: 0x0000006D39DDFA30
R12: 0x0000000000000000
R13: 0x0000000000500000
R14: 0x0000000000000000
R15: 0x0000000000000000
Fighter correlations:
RCX -> Slot 0 / Gen 1
RDX -> —
[00:24:10] HARDWARE WRITE TRAP
Sequence: 374
TraceSessionId: 639214175255927292
WatchId: 639214175255927293
ThreadId: 23268
TrapRip: 0x00007FF68FAFCCC5
NormalizedTrapRip / code context: NativeProbe | DBXV2.exe+0xBCCC5 | code[-32,+16]=5DC60F28D0F30F108B040100000F28C2F30F588308010000F30F1193000100000F2FC1760CF30F5CCAF30F118B080100
WatchedAddress: 0x0000019869C77BB0
AccessWidth: 4
AccessType: Write
XMM0.scalar: 333.03891 (0x43A684FB)
XMM6.scalar: 333.03891 (0x43A684FB)
DR6: 0x00000000FFFF0FF1
DR7: 0x00000000000D0401
RAX: 0x0000000000000000
RBX: 0x0000019869C77AB0
RCX: 0x0000019869C77AB0
RDX: 0x0000000000000000
RSI: 0x0000000000000000
RDI: 0x0000019869C77AB0
RBP: 0x0000006D39DDFB50
R8: 0x0000000000000000
R9: 0x000000000000000E
R10: 0x00007FF690A2AA98
R11: 0x0000006D39DDFA30
R12: 0x0000000000000000
R13: 0x0000000000500000
R14: 0x0000000000000000
R15: 0x0000000000000000
Fighter correlations:
RCX -> Slot 0 / Gen 1
RDX -> —
[00:24:10] HARDWARE WRITE TRAP
Sequence: 375
TraceSessionId: 639214175255927292
WatchId: 639214175255927293
ThreadId: 17612
TrapRip: 0x00007FF68FAFCC99
NormalizedTrapRip / code context: NativeProbe | DBXV2.exe+0xBCC99 | code[-32,+16]=0085C075580F57D20F2FF27250F30F58B3000100000F2FF2F30F11B300010000720FF30F108304010000F30F5DC60F28
WatchedAddress: 0x0000019869C77BB0
AccessWidth: 4
AccessType: Write
XMM0.scalar: 0 (0x00000000)
XMM6.scalar: 333.03891 (0x43A684FB)
DR6: 0x00000000FFFF0FF1
DR7: 0x00000000000D0401
RAX: 0x0000000000000000
RBX: 0x0000019869C77AB0
RCX: 0x0000019869C77AB0
RDX: 0x0000000000000000
RSI: 0x0000000000000000
RDI: 0x0000019869C77AB0
RBP: 0x0000006D39EDFAA0
R8: 0x0000000000000000
R9: 0x000000000000000E
R10: 0x00007FF690A2AA98
R11: 0x0000006D39EDF980
R12: 0x0000000000000000
R13: 0x0000000000500000
R14: 0x0000000000000000
R15: 0x0000000000000000
Fighter correlations:
RCX -> Slot 0 / Gen 1
RDX -> —
[00:24:10] HARDWARE WRITE TRAP
Sequence: 376
TraceSessionId: 639214175255927292
WatchId: 639214175255927293
ThreadId: 17612
TrapRip: 0x00007FF68FAFCCC5
NormalizedTrapRip / code context: NativeProbe | DBXV2.exe+0xBCCC5 | code[-32,+16]=5DC60F28D0F30F108B040100000F28C2F30F588308010000F30F1193000100000F2FC1760CF30F5CCAF30F118B080100
WatchedAddress: 0x0000019869C77BB0
AccessWidth: 4
AccessType: Write
XMM0.scalar: 333.03891 (0x43A684FB)
XMM6.scalar: 333.03891 (0x43A684FB)
DR6: 0x00000000FFFF0FF1
DR7: 0x00000000000D0401
RAX: 0x0000000000000000
RBX: 0x0000019869C77AB0
RCX: 0x0000019869C77AB0
RDX: 0x0000000000000000
RSI: 0x0000000000000000
RDI: 0x0000019869C77AB0
RBP: 0x0000006D39EDFAA0
R8: 0x0000000000000000
R9: 0x000000000000000E
R10: 0x00007FF690A2AA98
R11: 0x0000006D39EDF980
R12: 0x0000000000000000
R13: 0x0000000000500000
R14: 0x0000000000000000
R15: 0x0000000000000000
Fighter correlations:
RCX -> Slot 0 / Gen 1
RDX -> —
[00:24:10] HARDWARE WRITE TRAP
Sequence: 377
TraceSessionId: 639214175255927292
WatchId: 639214175255927293
ThreadId: 11196
TrapRip: 0x00007FF68FAFCC99
NormalizedTrapRip / code context: NativeProbe | DBXV2.exe+0xBCC99 | code[-32,+16]=0085C075580F57D20F2FF27250F30F58B3000100000F2FF2F30F11B300010000720FF30F108304010000F30F5DC60F28
WatchedAddress: 0x0000019869C77BB0
AccessWidth: 4
AccessType: Write
XMM0.scalar: 0 (0x00000000)
XMM6.scalar: 333.03891 (0x43A684FB)
DR6: 0x00000000FFFF0FF1
DR7: 0x00000000000D0401
RAX: 0x0000000000000000
RBX: 0x0000019869C77AB0
RCX: 0x0000019869C77AB0
RDX: 0x0000000000000000
RSI: 0x0000000000000000
RDI: 0x0000019869C77AB0
RBP: 0x0000006D399DFA10
R8: 0x0000000000000000
R9: 0x000000000000000E
R10: 0x00007FF690A2AA98
R11: 0x0000006D399DF8F0
R12: 0x0000000000000000
R13: 0x0000000000500000
R14: 0x0000000000000000
R15: 0x0000000000000000
Fighter correlations:
RCX -> Slot 0 / Gen 1
RDX -> —
[00:24:10] HARDWARE WRITE TRAP
Sequence: 378
TraceSessionId: 639214175255927292
WatchId: 639214175255927293
ThreadId: 11196
TrapRip: 0x00007FF68FAFCCC5
NormalizedTrapRip / code context: NativeProbe | DBXV2.exe+0xBCCC5 | code[-32,+16]=5DC60F28D0F30F108B040100000F28C2F30F588308010000F30F1193000100000F2FC1760CF30F5CCAF30F118B080100
WatchedAddress: 0x0000019869C77BB0
AccessWidth: 4
AccessType: Write
XMM0.scalar: 333.03891 (0x43A684FB)
XMM6.scalar: 333.03891 (0x43A684FB)
DR6: 0x00000000FFFF0FF1
DR7: 0x00000000000D0401
RAX: 0x0000000000000000
RBX: 0x0000019869C77AB0
RCX: 0x0000019869C77AB0
RDX: 0x0000000000000000
RSI: 0x0000000000000000
RDI: 0x0000019869C77AB0
RBP: 0x0000006D399DFA10
R8: 0x0000000000000000
R9: 0x000000000000000E
R10: 0x00007FF690A2AA98
R11: 0x0000006D399DF8F0
R12: 0x0000000000000000
R13: 0x0000000000500000
R14: 0x0000000000000000
R15: 0x0000000000000000
Fighter correlations:
RCX -> Slot 0 / Gen 1
RDX -> —
[00:24:10] HARDWARE WRITE TRAP
Sequence: 379
TraceSessionId: 639214175255927292
WatchId: 639214175255927293
ThreadId: 18620
TrapRip: 0x00007FF68FAFCC99
NormalizedTrapRip / code context: NativeProbe | DBXV2.exe+0xBCC99 | code[-32,+16]=0085C075580F57D20F2FF27250F30F58B3000100000F2FF2F30F11B300010000720FF30F108304010000F30F5DC60F28
WatchedAddress: 0x0000019869C77BB0
AccessWidth: 4
AccessType: Write
XMM0.scalar: 0 (0x00000000)
XMM6.scalar: 333.03891 (0x43A684FB)
DR6: 0x00000000FFFF0FF1
DR7: 0x00000000000D0401
RAX: 0x0000000000000000
RBX: 0x0000019869C77AB0
RCX: 0x0000019869C77AB0
RDX: 0x0000000000000000
RSI: 0x0000000000000000
RDI: 0x0000019869C77AB0
RBP: 0x0000006D39CDF600
R8: 0x0000000000000000
R9: 0x000000000000000E
R10: 0x00007FF690A2AA98
R11: 0x0000006D39CDF4E0
R12: 0x0000000000000000
R13: 0x0000000000500000
R14: 0x0000000000000000
R15: 0x0000000000000000
Fighter correlations:
RCX -> Slot 0 / Gen 1
RDX -> —
[00:24:10] HARDWARE WRITE TRAP
Sequence: 380
TraceSessionId: 639214175255927292
WatchId: 639214175255927293
ThreadId: 18620
TrapRip: 0x00007FF68FAFCCC5
NormalizedTrapRip / code context: NativeProbe | DBXV2.exe+0xBCCC5 | code[-32,+16]=5DC60F28D0F30F108B040100000F28C2F30F588308010000F30F1193000100000F2FC1760CF30F5CCAF30F118B080100
WatchedAddress: 0x0000019869C77BB0
AccessWidth: 4
AccessType: Write
XMM0.scalar: 333.03891 (0x43A684FB)
XMM6.scalar: 333.03891 (0x43A684FB)
DR6: 0x00000000FFFF0FF1
DR7: 0x00000000000D0401
RAX: 0x0000000000000000
RBX: 0x0000019869C77AB0
RCX: 0x0000019869C77AB0
RDX: 0x0000000000000000
RSI: 0x0000000000000000
RDI: 0x0000019869C77AB0
RBP: 0x0000006D39CDF600
R8: 0x0000000000000000
R9: 0x000000000000000E
R10: 0x00007FF690A2AA98
R11: 0x0000006D39CDF4E0
R12: 0x0000000000000000
R13: 0x0000000000500000
R14: 0x0000000000000000
R15: 0x0000000000000000
Fighter correlations:
RCX -> Slot 0 / Gen 1
RDX -> —
[00:24:10] HARDWARE WRITE TRAP
Sequence: 381
TraceSessionId: 639214175255927292
WatchId: 639214175255927293
ThreadId: 196
TrapRip: 0x00007FF68FAFCC99
NormalizedTrapRip / code context: NativeProbe | DBXV2.exe+0xBCC99 | code[-32,+16]=0085C075580F57D20F2FF27250F30F58B3000100000F2FF2F30F11B300010000720FF30F108304010000F30F5DC60F28
WatchedAddress: 0x0000019869C77BB0
AccessWidth: 4
AccessType: Write
XMM0.scalar: 0 (0x00000000)
XMM6.scalar: 333.03891 (0x43A684FB)
DR6: 0x00000000FFFF0FF1
DR7: 0x00000000000D0401
RAX: 0x0000000000000000
RBX: 0x0000019869C77AB0
RCX: 0x0000019869C77AB0
RDX: 0x0000000000000000
RSI: 0x0000000000000000
RDI: 0x0000019869C77AB0
RBP: 0x0000006D39BDFC80
R8: 0x0000000000000000
R9: 0x000000000000000E
R10: 0x00007FF690A2AA98
R11: 0x0000006D39BDFB60
R12: 0x0000000000000000
R13: 0x0000000000500000
R14: 0x0000000000000000
R15: 0x0000000000000000
Fighter correlations:
RCX -> Slot 0 / Gen 1
RDX -> —
[00:24:10] HARDWARE WRITE TRAP
Sequence: 382
TraceSessionId: 639214175255927292
WatchId: 639214175255927293
ThreadId: 196
TrapRip: 0x00007FF68FAFCCC5
NormalizedTrapRip / code context: NativeProbe | DBXV2.exe+0xBCCC5 | code[-32,+16]=5DC60F28D0F30F108B040100000F28C2F30F588308010000F30F1193000100000F2FC1760CF30F5CCAF30F118B080100
WatchedAddress: 0x0000019869C77BB0
AccessWidth: 4
AccessType: Write
XMM0.scalar: 333.03891 (0x43A684FB)
XMM6.scalar: 333.03891 (0x43A684FB)
DR6: 0x00000000FFFF0FF1
DR7: 0x00000000000D0401
RAX: 0x0000000000000000
RBX: 0x0000019869C77AB0
RCX: 0x0000019869C77AB0
RDX: 0x0000000000000000
RSI: 0x0000000000000000
RDI: 0x0000019869C77AB0
RBP: 0x0000006D39BDFC80
R8: 0x0000000000000000
R9: 0x000000000000000E
R10: 0x00007FF690A2AA98
R11: 0x0000006D39BDFB60
R12: 0x0000000000000000
R13: 0x0000000000500000
R14: 0x0000000000000000
R15: 0x0000000000000000
Fighter correlations:
RCX -> Slot 0 / Gen 1
RDX -> —
[00:24:10] HARDWARE WRITE TRAP
Sequence: 383
TraceSessionId: 639214175255927292
WatchId: 639214175255927293
ThreadId: 17612
TrapRip: 0x00007FF68FAFCC99
NormalizedTrapRip / code context: NativeProbe | DBXV2.exe+0xBCC99 | code[-32,+16]=0085C075580F57D20F2FF27250F30F58B3000100000F2FF2F30F11B300010000720FF30F108304010000F30F5DC60F28
WatchedAddress: 0x0000019869C77BB0
AccessWidth: 4
AccessType: Write
XMM0.scalar: 0 (0x00000000)
XMM6.scalar: 333.03891 (0x43A684FB)
DR6: 0x00000000FFFF0FF1
DR7: 0x00000000000D0401
RAX: 0x0000000000000000
RBX: 0x0000019869C77AB0
RCX: 0x0000019869C77AB0
RDX: 0x0000000000000000
RSI: 0x0000000000000000
RDI: 0x0000019869C77AB0
RBP: 0x0000006D39EDFAA0
R8: 0x0000000000000000
R9: 0x000000000000000E
R10: 0x00007FF690A2AA98
R11: 0x0000006D39EDF980
R12: 0x0000000000000000
R13: 0x0000000000500000
R14: 0x0000000000000000
R15: 0x0000000000000000
Fighter correlations:
RCX -> Slot 0 / Gen 1
RDX -> —
[00:24:10] HARDWARE WRITE TRAP
Sequence: 384
TraceSessionId: 639214175255927292
WatchId: 639214175255927293
ThreadId: 17612
TrapRip: 0x00007FF68FAFCCC5
NormalizedTrapRip / code context: NativeProbe | DBXV2.exe+0xBCCC5 | code[-32,+16]=5DC60F28D0F30F108B040100000F28C2F30F588308010000F30F1193000100000F2FC1760CF30F5CCAF30F118B080100
WatchedAddress: 0x0000019869C77BB0
AccessWidth: 4
AccessType: Write
XMM0.scalar: 333.03891 (0x43A684FB)
XMM6.scalar: 333.03891 (0x43A684FB)
DR6: 0x00000000FFFF0FF1
DR7: 0x00000000000D0401
RAX: 0x0000000000000000
RBX: 0x0000019869C77AB0
RCX: 0x0000019869C77AB0
RDX: 0x0000000000000000
RSI: 0x0000000000000000
RDI: 0x0000019869C77AB0
RBP: 0x0000006D39EDFAA0
R8: 0x0000000000000000
R9: 0x000000000000000E
R10: 0x00007FF690A2AA98
R11: 0x0000006D39EDF980
R12: 0x0000000000000000
R13: 0x0000000000500000
R14: 0x0000000000000000
R15: 0x0000000000000000
Fighter correlations:
RCX -> Slot 0 / Gen 1
RDX -> —
[00:24:10] HARDWARE WRITE TRAP
Sequence: 385
TraceSessionId: 639214175255927292
WatchId: 639214175255927293
ThreadId: 17612
TrapRip: 0x00007FF68FAFCC99
NormalizedTrapRip / code context: NativeProbe | DBXV2.exe+0xBCC99 | code[-32,+16]=0085C075580F57D20F2FF27250F30F58B3000100000F2FF2F30F11B300010000720FF30F108304010000F30F5DC60F28
WatchedAddress: 0x0000019869C77BB0
AccessWidth: 4
AccessType: Write
XMM0.scalar: 0 (0x00000000)
XMM6.scalar: 333.03891 (0x43A684FB)
DR6: 0x00000000FFFF0FF1
DR7: 0x00000000000D0401
RAX: 0x0000000000000000
RBX: 0x0000019869C77AB0
RCX: 0x0000019869C77AB0
RDX: 0x0000000000000000
RSI: 0x0000000000000000
RDI: 0x0000019869C77AB0
RBP: 0x0000006D39EDFAA0
R8: 0x0000000000000000
R9: 0x000000000000000E
R10: 0x00007FF690A2AA98
R11: 0x0000006D39EDF980
R12: 0x0000000000000000
R13: 0x0000000000500000
R14: 0x0000000000000000
R15: 0x0000000000000000
Fighter correlations:
RCX -> Slot 0 / Gen 1
RDX -> —
[00:24:10] HARDWARE WRITE TRAP
Sequence: 386
TraceSessionId: 639214175255927292
WatchId: 639214175255927293
ThreadId: 17612
TrapRip: 0x00007FF68FAFCCC5
NormalizedTrapRip / code context: NativeProbe | DBXV2.exe+0xBCCC5 | code[-32,+16]=5DC60F28D0F30F108B040100000F28C2F30F588308010000F30F1193000100000F2FC1760CF30F5CCAF30F118B080100
WatchedAddress: 0x0000019869C77BB0
AccessWidth: 4
AccessType: Write
XMM0.scalar: 333.03891 (0x43A684FB)
XMM6.scalar: 333.03891 (0x43A684FB)
DR6: 0x00000000FFFF0FF1
DR7: 0x00000000000D0401
RAX: 0x0000000000000000
RBX: 0x0000019869C77AB0
RCX: 0x0000019869C77AB0
RDX: 0x0000000000000000
RSI: 0x0000000000000000
RDI: 0x0000019869C77AB0
RBP: 0x0000006D39EDFAA0
R8: 0x0000000000000000
R9: 0x000000000000000E
R10: 0x00007FF690A2AA98
R11: 0x0000006D39EDF980
R12: 0x0000000000000000
R13: 0x0000000000500000
R14: 0x0000000000000000
R15: 0x0000000000000000
Fighter correlations:
RCX -> Slot 0 / Gen 1
RDX -> —
[00:24:10] HARDWARE WRITE TRAP
Sequence: 387
TraceSessionId: 639214175255927292
WatchId: 639214175255927293
ThreadId: 17612
TrapRip: 0x00007FF68FAFCC99
NormalizedTrapRip / code context: NativeProbe | DBXV2.exe+0xBCC99 | code[-32,+16]=0085C075580F57D20F2FF27250F30F58B3000100000F2FF2F30F11B300010000720FF30F108304010000F30F5DC60F28
WatchedAddress: 0x0000019869C77BB0
AccessWidth: 4
AccessType: Write
XMM0.scalar: 0 (0x00000000)
XMM6.scalar: 333.03891 (0x43A684FB)
DR6: 0x00000000FFFF0FF1
DR7: 0x00000000000D0401
RAX: 0x0000000000000000
RBX: 0x0000019869C77AB0
RCX: 0x0000019869C77AB0
RDX: 0x0000000000000000
RSI: 0x0000000000000000
RDI: 0x0000019869C77AB0
RBP: 0x0000006D39EDFAA0
R8: 0x0000000000000000
R9: 0x000000000000000E
R10: 0x00007FF690A2AA98
R11: 0x0000006D39EDF980
R12: 0x0000000000000000
R13: 0x0000000000500000
R14: 0x0000000000000000
R15: 0x0000000000000000
Fighter correlations:
RCX -> Slot 0 / Gen 1
RDX -> —
[00:24:10] HARDWARE WRITE TRAP
Sequence: 388
TraceSessionId: 639214175255927292
WatchId: 639214175255927293
ThreadId: 17612
TrapRip: 0x00007FF68FAFCCC5
NormalizedTrapRip / code context: NativeProbe | DBXV2.exe+0xBCCC5 | code[-32,+16]=5DC60F28D0F30F108B040100000F28C2F30F588308010000F30F1193000100000F2FC1760CF30F5CCAF30F118B080100
WatchedAddress: 0x0000019869C77BB0
AccessWidth: 4
AccessType: Write
XMM0.scalar: 333.03891 (0x43A684FB)
XMM6.scalar: 333.03891 (0x43A684FB)
DR6: 0x00000000FFFF0FF1
DR7: 0x00000000000D0401
RAX: 0x0000000000000000
RBX: 0x0000019869C77AB0
RCX: 0x0000019869C77AB0
RDX: 0x0000000000000000
RSI: 0x0000000000000000
RDI: 0x0000019869C77AB0
RBP: 0x0000006D39EDFAA0
R8: 0x0000000000000000
R9: 0x000000000000000E
R10: 0x00007FF690A2AA98
R11: 0x0000006D39EDF980
R12: 0x0000000000000000
R13: 0x0000000000500000
R14: 0x0000000000000000
R15: 0x0000000000000000
Fighter correlations:
RCX -> Slot 0 / Gen 1
RDX -> —
[00:24:11] HARDWARE WRITE TRAP
Sequence: 389
TraceSessionId: 639214175255927292
WatchId: 639214175255927293
ThreadId: 16992
TrapRip: 0x00007FF68FAFCC99
NormalizedTrapRip / code context: NativeProbe | DBXV2.exe+0xBCC99 | code[-32,+16]=0085C075580F57D20F2FF27250F30F58B3000100000F2FF2F30F11B300010000720FF30F108304010000F30F5DC60F28
WatchedAddress: 0x0000019869C77BB0
AccessWidth: 4
AccessType: Write
XMM0.scalar: 0 (0x00000000)
XMM6.scalar: 333.03891 (0x43A684FB)
DR6: 0x00000000FFFF0FF1
DR7: 0x00000000000D0401
RAX: 0x0000000000000000
RBX: 0x0000019869C77AB0
RCX: 0x0000019869C77AB0
RDX: 0x0000000000000000
RSI: 0x0000000000000000
RDI: 0x0000019869C77AB0
RBP: 0x0000006D398DFA20
R8: 0x0000000000000000
R9: 0x000000000000000E
R10: 0x00007FF690A2AA98
R11: 0x0000006D398DF900
R12: 0x0000000000000000
R13: 0x0000000000500000
R14: 0x0000000000000000
R15: 0x0000000000000000
Fighter correlations:
RCX -> Slot 0 / Gen 1
RDX -> —
[00:24:11] HARDWARE WRITE TRAP
Sequence: 390
TraceSessionId: 639214175255927292
WatchId: 639214175255927293
ThreadId: 16992
TrapRip: 0x00007FF68FAFCCC5
NormalizedTrapRip / code context: NativeProbe | DBXV2.exe+0xBCCC5 | code[-32,+16]=5DC60F28D0F30F108B040100000F28C2F30F588308010000F30F1193000100000F2FC1760CF30F5CCAF30F118B080100
WatchedAddress: 0x0000019869C77BB0
AccessWidth: 4
AccessType: Write
XMM0.scalar: 333.03891 (0x43A684FB)
XMM6.scalar: 333.03891 (0x43A684FB)
DR6: 0x00000000FFFF0FF1
DR7: 0x00000000000D0401
RAX: 0x0000000000000000
RBX: 0x0000019869C77AB0
RCX: 0x0000019869C77AB0
RDX: 0x0000000000000000
RSI: 0x0000000000000000
RDI: 0x0000019869C77AB0
RBP: 0x0000006D398DFA20
R8: 0x0000000000000000
R9: 0x000000000000000E
R10: 0x00007FF690A2AA98
R11: 0x0000006D398DF900
R12: 0x0000000000000000
R13: 0x0000000000500000
R14: 0x0000000000000000
R15: 0x0000000000000000
Fighter correlations:
RCX -> Slot 0 / Gen 1
RDX -> —
[00:24:11] HARDWARE WRITE TRAP
Sequence: 391
TraceSessionId: 639214175255927292
WatchId: 639214175255927293
ThreadId: 18620
TrapRip: 0x00007FF68FAFCC99
NormalizedTrapRip / code context: NativeProbe | DBXV2.exe+0xBCC99 | code[-32,+16]=0085C075580F57D20F2FF27250F30F58B3000100000F2FF2F30F11B300010000720FF30F108304010000F30F5DC60F28
WatchedAddress: 0x0000019869C77BB0
AccessWidth: 4
AccessType: Write
XMM0.scalar: 0 (0x00000000)
XMM6.scalar: 333.03891 (0x43A684FB)
DR6: 0x00000000FFFF0FF1
DR7: 0x00000000000D0401
RAX: 0x0000000000000000
RBX: 0x0000019869C77AB0
RCX: 0x0000019869C77AB0
RDX: 0x0000000000000000
RSI: 0x0000000000000000
RDI: 0x0000019869C77AB0
RBP: 0x0000006D39CDF600
R8: 0x0000000000000000
R9: 0x000000000000000E
R10: 0x00007FF690A2AA98
R11: 0x0000006D39CDF4E0
R12: 0x0000000000000000
R13: 0x0000000000500000
R14: 0x0000000000000000
R15: 0x0000000000000000
Fighter correlations:
RCX -> Slot 0 / Gen 1
RDX -> —
[00:24:11] HARDWARE WRITE TRAP
Sequence: 392
TraceSessionId: 639214175255927292
WatchId: 639214175255927293
ThreadId: 18620
TrapRip: 0x00007FF68FAFCCC5
NormalizedTrapRip / code context: NativeProbe | DBXV2.exe+0xBCCC5 | code[-32,+16]=5DC60F28D0F30F108B040100000F28C2F30F588308010000F30F1193000100000F2FC1760CF30F5CCAF30F118B080100
WatchedAddress: 0x0000019869C77BB0
AccessWidth: 4
AccessType: Write
XMM0.scalar: 333.03891 (0x43A684FB)
XMM6.scalar: 333.03891 (0x43A684FB)
DR6: 0x00000000FFFF0FF1
DR7: 0x00000000000D0401
RAX: 0x0000000000000000
RBX: 0x0000019869C77AB0
RCX: 0x0000019869C77AB0
RDX: 0x0000000000000000
RSI: 0x0000000000000000
RDI: 0x0000019869C77AB0
RBP: 0x0000006D39CDF600
R8: 0x0000000000000000
R9: 0x000000000000000E
R10: 0x00007FF690A2AA98
R11: 0x0000006D39CDF4E0
R12: 0x0000000000000000
R13: 0x0000000000500000
R14: 0x0000000000000000
R15: 0x0000000000000000
Fighter correlations:
RCX -> Slot 0 / Gen 1
RDX -> —
[00:24:11] HARDWARE WRITE TRAP
Sequence: 393
TraceSessionId: 639214175255927292
WatchId: 639214175255927293
ThreadId: 23268
TrapRip: 0x00007FF68FAFCC99
NormalizedTrapRip / code context: NativeProbe | DBXV2.exe+0xBCC99 | code[-32,+16]=0085C075580F57D20F2FF27250F30F58B3000100000F2FF2F30F11B300010000720FF30F108304010000F30F5DC60F28
WatchedAddress: 0x0000019869C77BB0
AccessWidth: 4
AccessType: Write
XMM0.scalar: 0 (0x00000000)
XMM6.scalar: 333.03891 (0x43A684FB)
DR6: 0x00000000FFFF0FF1
DR7: 0x00000000000D0401
RAX: 0x0000000000000000
RBX: 0x0000019869C77AB0
RCX: 0x0000019869C77AB0
RDX: 0x0000000000000000
RSI: 0x0000000000000000
RDI: 0x0000019869C77AB0
RBP: 0x0000006D39DDFB50
R8: 0x0000000000000000
R9: 0x000000000000000E
R10: 0x00007FF690A2AA98
R11: 0x0000006D39DDFA30
R12: 0x0000000000000000
R13: 0x0000000000500000
R14: 0x0000000000000000
R15: 0x0000000000000000
Fighter correlations:
RCX -> Slot 0 / Gen 1
RDX -> —
[00:24:11] HARDWARE WRITE TRAP
Sequence: 394
TraceSessionId: 639214175255927292
WatchId: 639214175255927293
ThreadId: 23268
TrapRip: 0x00007FF68FAFCCC5
NormalizedTrapRip / code context: NativeProbe | DBXV2.exe+0xBCCC5 | code[-32,+16]=5DC60F28D0F30F108B040100000F28C2F30F588308010000F30F1193000100000F2FC1760CF30F5CCAF30F118B080100
WatchedAddress: 0x0000019869C77BB0
AccessWidth: 4
AccessType: Write
XMM0.scalar: 333.03891 (0x43A684FB)
XMM6.scalar: 333.03891 (0x43A684FB)
DR6: 0x00000000FFFF0FF1
DR7: 0x00000000000D0401
RAX: 0x0000000000000000
RBX: 0x0000019869C77AB0
RCX: 0x0000019869C77AB0
RDX: 0x0000000000000000
RSI: 0x0000000000000000
RDI: 0x0000019869C77AB0
RBP: 0x0000006D39DDFB50
R8: 0x0000000000000000
R9: 0x000000000000000E
R10: 0x00007FF690A2AA98
R11: 0x0000006D39DDFA30
R12: 0x0000000000000000
R13: 0x0000000000500000
R14: 0x0000000000000000
R15: 0x0000000000000000
Fighter correlations:
RCX -> Slot 0 / Gen 1
RDX -> —
[00:24:11] HARDWARE WRITE TRAP
Sequence: 395
TraceSessionId: 639214175255927292
WatchId: 639214175255927293
ThreadId: 24252
TrapRip: 0x00007FF68FAFCC99
NormalizedTrapRip / code context: NativeProbe | DBXV2.exe+0xBCC99 | code[-32,+16]=0085C075580F57D20F2FF27250F30F58B3000100000F2FF2F30F11B300010000720FF30F108304010000F30F5DC60F28
WatchedAddress: 0x0000019869C77BB0
AccessWidth: 4
AccessType: Write
XMM0.scalar: 0 (0x00000000)
XMM6.scalar: 333.03891 (0x43A684FB)
DR6: 0x00000000FFFF0FF1
DR7: 0x00000000000D0401
RAX: 0x0000000000000000
RBX: 0x0000019869C77AB0
RCX: 0x0000019869C77AB0
RDX: 0x0000000000000000
RSI: 0x0000000000000000
RDI: 0x0000019869C77AB0
RBP: 0x0000006D39FDF6D0
R8: 0x0000000000000000
R9: 0x000000000000000E
R10: 0x00007FF690A2AA98
R11: 0x0000006D39FDF5B0
R12: 0x0000000000000000
R13: 0x0000000000500000
R14: 0x0000000000000000
R15: 0x0000000000000000
Fighter correlations:
RCX -> Slot 0 / Gen 1
RDX -> —
[00:24:11] HARDWARE WRITE TRAP
Sequence: 396
TraceSessionId: 639214175255927292
WatchId: 639214175255927293
ThreadId: 24252
TrapRip: 0x00007FF68FAFCCC5
NormalizedTrapRip / code context: NativeProbe | DBXV2.exe+0xBCCC5 | code[-32,+16]=5DC60F28D0F30F108B040100000F28C2F30F588308010000F30F1193000100000F2FC1760CF30F5CCAF30F118B080100
WatchedAddress: 0x0000019869C77BB0
AccessWidth: 4
AccessType: Write
XMM0.scalar: 333.03891 (0x43A684FB)
XMM6.scalar: 333.03891 (0x43A684FB)
DR6: 0x00000000FFFF0FF1
DR7: 0x00000000000D0401
RAX: 0x0000000000000000
RBX: 0x0000019869C77AB0
RCX: 0x0000019869C77AB0
RDX: 0x0000000000000000
RSI: 0x0000000000000000
RDI: 0x0000019869C77AB0
RBP: 0x0000006D39FDF6D0
R8: 0x0000000000000000
R9: 0x000000000000000E
R10: 0x00007FF690A2AA98
R11: 0x0000006D39FDF5B0
R12: 0x0000000000000000
R13: 0x0000000000500000
R14: 0x0000000000000000
R15: 0x0000000000000000
Fighter correlations:
RCX -> Slot 0 / Gen 1
RDX -> —
[00:24:11] HARDWARE WRITE TRAP
Sequence: 397
TraceSessionId: 639214175255927292
WatchId: 639214175255927293
ThreadId: 196
TrapRip: 0x00007FF68FAFCC99
NormalizedTrapRip / code context: NativeProbe | DBXV2.exe+0xBCC99 | code[-32,+16]=0085C075580F57D20F2FF27250F30F58B3000100000F2FF2F30F11B300010000720FF30F108304010000F30F5DC60F28
WatchedAddress: 0x0000019869C77BB0
AccessWidth: 4
AccessType: Write
XMM0.scalar: 0 (0x00000000)
XMM6.scalar: 333.03891 (0x43A684FB)
DR6: 0x00000000FFFF0FF1
DR7: 0x00000000000D0401
RAX: 0x0000000000000000
RBX: 0x0000019869C77AB0
RCX: 0x0000019869C77AB0
RDX: 0x0000000000000000
RSI: 0x0000000000000000
RDI: 0x0000019869C77AB0
RBP: 0x0000006D39BDFC80
R8: 0x0000000000000000
R9: 0x000000000000000E
R10: 0x00007FF690A2AA98
R11: 0x0000006D39BDFB60
R12: 0x0000000000000000
R13: 0x0000000000500000
R14: 0x0000000000000000
R15: 0x0000000000000000
Fighter correlations:
RCX -> Slot 0 / Gen 1
RDX -> —
[00:24:11] HARDWARE WRITE TRAP
Sequence: 398
TraceSessionId: 639214175255927292
WatchId: 639214175255927293
ThreadId: 196
TrapRip: 0x00007FF68FAFCCC5
NormalizedTrapRip / code context: NativeProbe | DBXV2.exe+0xBCCC5 | code[-32,+16]=5DC60F28D0F30F108B040100000F28C2F30F588308010000F30F1193000100000F2FC1760CF30F5CCAF30F118B080100
WatchedAddress: 0x0000019869C77BB0
AccessWidth: 4
AccessType: Write
XMM0.scalar: 333.03891 (0x43A684FB)
XMM6.scalar: 333.03891 (0x43A684FB)
DR6: 0x00000000FFFF0FF1
DR7: 0x00000000000D0401
RAX: 0x0000000000000000
RBX: 0x0000019869C77AB0
RCX: 0x0000019869C77AB0
RDX: 0x0000000000000000
RSI: 0x0000000000000000
RDI: 0x0000019869C77AB0
RBP: 0x0000006D39BDFC80
R8: 0x0000000000000000
R9: 0x000000000000000E
R10: 0x00007FF690A2AA98
R11: 0x0000006D39BDFB60
R12: 0x0000000000000000
R13: 0x0000000000500000
R14: 0x0000000000000000
R15: 0x0000000000000000
Fighter correlations:
RCX -> Slot 0 / Gen 1
RDX -> —
[00:24:11] HARDWARE WRITE TRAP
Sequence: 399
TraceSessionId: 639214175255927292
WatchId: 639214175255927293
ThreadId: 23268
TrapRip: 0x00007FF68FAFCC99
NormalizedTrapRip / code context: NativeProbe | DBXV2.exe+0xBCC99 | code[-32,+16]=0085C075580F57D20F2FF27250F30F58B3000100000F2FF2F30F11B300010000720FF30F108304010000F30F5DC60F28
WatchedAddress: 0x0000019869C77BB0
AccessWidth: 4
AccessType: Write
XMM0.scalar: 0 (0x00000000)
XMM6.scalar: 333.03891 (0x43A684FB)
DR6: 0x00000000FFFF0FF1
DR7: 0x00000000000D0401
RAX: 0x0000000000000000
RBX: 0x0000019869C77AB0
RCX: 0x0000019869C77AB0
RDX: 0x0000000000000000
RSI: 0x0000000000000000
RDI: 0x0000019869C77AB0
RBP: 0x0000006D39DDFB50
R8: 0x0000000000000000
R9: 0x000000000000000E
R10: 0x00007FF690A2AA98
R11: 0x0000006D39DDFA30
R12: 0x0000000000000000
R13: 0x0000000000500000
R14: 0x0000000000000000
R15: 0x0000000000000000
Fighter correlations:
RCX -> Slot 0 / Gen 1
RDX -> —
[00:24:11] HARDWARE WRITE TRAP
Sequence: 400
TraceSessionId: 639214175255927292
WatchId: 639214175255927293
ThreadId: 23268
TrapRip: 0x00007FF68FAFCCC5
NormalizedTrapRip / code context: NativeProbe | DBXV2.exe+0xBCCC5 | code[-32,+16]=5DC60F28D0F30F108B040100000F28C2F30F588308010000F30F1193000100000F2FC1760CF30F5CCAF30F118B080100
WatchedAddress: 0x0000019869C77BB0
AccessWidth: 4
AccessType: Write
XMM0.scalar: 333.03891 (0x43A684FB)
XMM6.scalar: 333.03891 (0x43A684FB)
DR6: 0x00000000FFFF0FF1
DR7: 0x00000000000D0401
RAX: 0x0000000000000000
RBX: 0x0000019869C77AB0
RCX: 0x0000019869C77AB0
RDX: 0x0000000000000000
RSI: 0x0000000000000000
RDI: 0x0000019869C77AB0
RBP: 0x0000006D39DDFB50
R8: 0x0000000000000000
R9: 0x000000000000000E
R10: 0x00007FF690A2AA98
R11: 0x0000006D39DDFA30
R12: 0x0000000000000000
R13: 0x0000000000500000
R14: 0x0000000000000000
R15: 0x0000000000000000
Fighter correlations:
RCX -> Slot 0 / Gen 1
RDX -> —
[00:24:11] HARDWARE WRITE TRAP
Sequence: 401
TraceSessionId: 639214175255927292
WatchId: 639214175255927293
ThreadId: 23268
TrapRip: 0x00007FF68FAFCC99
NormalizedTrapRip / code context: NativeProbe | DBXV2.exe+0xBCC99 | code[-32,+16]=0085C075580F57D20F2FF27250F30F58B3000100000F2FF2F30F11B300010000720FF30F108304010000F30F5DC60F28
WatchedAddress: 0x0000019869C77BB0
AccessWidth: 4
AccessType: Write
XMM0.scalar: 0 (0x00000000)
XMM6.scalar: 333.03891 (0x43A684FB)
DR6: 0x00000000FFFF0FF1
DR7: 0x00000000000D0401
RAX: 0x0000000000000000
RBX: 0x0000019869C77AB0
RCX: 0x0000019869C77AB0
RDX: 0x0000000000000000
RSI: 0x0000000000000000
RDI: 0x0000019869C77AB0
RBP: 0x0000006D39DDFB50
R8: 0x0000000000000000
R9: 0x000000000000000E
R10: 0x00007FF690A2AA98
R11: 0x0000006D39DDFA30
R12: 0x0000000000000000
R13: 0x0000000000500000
R14: 0x0000000000000000
R15: 0x0000000000000000
Fighter correlations:
RCX -> Slot 0 / Gen 1
RDX -> —
[00:24:11] HARDWARE WRITE TRAP
Sequence: 402
TraceSessionId: 639214175255927292
WatchId: 639214175255927293
ThreadId: 23268
TrapRip: 0x00007FF68FAFCCC5
NormalizedTrapRip / code context: NativeProbe | DBXV2.exe+0xBCCC5 | code[-32,+16]=5DC60F28D0F30F108B040100000F28C2F30F588308010000F30F1193000100000F2FC1760CF30F5CCAF30F118B080100
WatchedAddress: 0x0000019869C77BB0
AccessWidth: 4
AccessType: Write
XMM0.scalar: 333.03891 (0x43A684FB)
XMM6.scalar: 333.03891 (0x43A684FB)
DR6: 0x00000000FFFF0FF1
DR7: 0x00000000000D0401
RAX: 0x0000000000000000
RBX: 0x0000019869C77AB0
RCX: 0x0000019869C77AB0
RDX: 0x0000000000000000
RSI: 0x0000000000000000
RDI: 0x0000019869C77AB0
RBP: 0x0000006D39DDFB50
R8: 0x0000000000000000
R9: 0x000000000000000E
R10: 0x00007FF690A2AA98
R11: 0x0000006D39DDFA30
R12: 0x0000000000000000
R13: 0x0000000000500000
R14: 0x0000000000000000
R15: 0x0000000000000000
Fighter correlations:
RCX -> Slot 0 / Gen 1
RDX -> —
[00:24:11] HARDWARE WRITE TRAP
Sequence: 403
TraceSessionId: 639214175255927292
WatchId: 639214175255927293
ThreadId: 16992
TrapRip: 0x00007FF68FAFCC99
NormalizedTrapRip / code context: NativeProbe | DBXV2.exe+0xBCC99 | code[-32,+16]=0085C075580F57D20F2FF27250F30F58B3000100000F2FF2F30F11B300010000720FF30F108304010000F30F5DC60F28
WatchedAddress: 0x0000019869C77BB0
AccessWidth: 4
AccessType: Write
XMM0.scalar: 0 (0x00000000)
XMM6.scalar: 333.03891 (0x43A684FB)
DR6: 0x00000000FFFF0FF1
DR7: 0x00000000000D0401
RAX: 0x0000000000000000
RBX: 0x0000019869C77AB0
RCX: 0x0000019869C77AB0
RDX: 0x0000000000000000
RSI: 0x0000000000000000
RDI: 0x0000019869C77AB0
RBP: 0x0000006D398DFA20
R8: 0x0000000000000000
R9: 0x000000000000000E
R10: 0x00007FF690A2AA98
R11: 0x0000006D398DF900
R12: 0x0000000000000000
R13: 0x0000000000500000
R14: 0x0000000000000000
R15: 0x0000000000000000
Fighter correlations:
RCX -> Slot 0 / Gen 1
RDX -> —
[00:24:11] HARDWARE WRITE TRAP
Sequence: 404
TraceSessionId: 639214175255927292
WatchId: 639214175255927293
ThreadId: 16992
TrapRip: 0x00007FF68FAFCCC5
NormalizedTrapRip / code context: NativeProbe | DBXV2.exe+0xBCCC5 | code[-32,+16]=5DC60F28D0F30F108B040100000F28C2F30F588308010000F30F1193000100000F2FC1760CF30F5CCAF30F118B080100
WatchedAddress: 0x0000019869C77BB0
AccessWidth: 4
AccessType: Write
XMM0.scalar: 333.03891 (0x43A684FB)
XMM6.scalar: 333.03891 (0x43A684FB)
DR6: 0x00000000FFFF0FF1
DR7: 0x00000000000D0401
RAX: 0x0000000000000000
RBX: 0x0000019869C77AB0
RCX: 0x0000019869C77AB0
RDX: 0x0000000000000000
RSI: 0x0000000000000000
RDI: 0x0000019869C77AB0
RBP: 0x0000006D398DFA20
R8: 0x0000000000000000
R9: 0x000000000000000E
R10: 0x00007FF690A2AA98
R11: 0x0000006D398DF900
R12: 0x0000000000000000
R13: 0x0000000000500000
R14: 0x0000000000000000
R15: 0x0000000000000000
Fighter correlations:
RCX -> Slot 0 / Gen 1
RDX -> —
[00:24:11] HARDWARE WRITE TRAP
Sequence: 405
TraceSessionId: 639214175255927292
WatchId: 639214175255927293
ThreadId: 18620
TrapRip: 0x00007FF68FAFCC99
NormalizedTrapRip / code context: NativeProbe | DBXV2.exe+0xBCC99 | code[-32,+16]=0085C075580F57D20F2FF27250F30F58B3000100000F2FF2F30F11B300010000720FF30F108304010000F30F5DC60F28
WatchedAddress: 0x0000019869C77BB0
AccessWidth: 4
AccessType: Write
XMM0.scalar: 0 (0x00000000)
XMM6.scalar: 333.03891 (0x43A684FB)
DR6: 0x00000000FFFF0FF1
DR7: 0x00000000000D0401
RAX: 0x0000000000000000
RBX: 0x0000019869C77AB0
RCX: 0x0000019869C77AB0
RDX: 0x0000000000000000
RSI: 0x0000000000000000
RDI: 0x0000019869C77AB0
RBP: 0x0000006D39CDF600
R8: 0x0000000000000000
R9: 0x000000000000000E
R10: 0x00007FF690A2AA98
R11: 0x0000006D39CDF4E0
R12: 0x0000000000000000
R13: 0x0000000000500000
R14: 0x0000000000000000
R15: 0x0000000000000000
Fighter correlations:
RCX -> Slot 0 / Gen 1
RDX -> —
[00:24:11] HARDWARE WRITE TRAP
Sequence: 406
TraceSessionId: 639214175255927292
WatchId: 639214175255927293
ThreadId: 18620
TrapRip: 0x00007FF68FAFCCC5
NormalizedTrapRip / code context: NativeProbe | DBXV2.exe+0xBCCC5 | code[-32,+16]=5DC60F28D0F30F108B040100000F28C2F30F588308010000F30F1193000100000F2FC1760CF30F5CCAF30F118B080100
WatchedAddress: 0x0000019869C77BB0
AccessWidth: 4
AccessType: Write
XMM0.scalar: 333.03891 (0x43A684FB)
XMM6.scalar: 333.03891 (0x43A684FB)
DR6: 0x00000000FFFF0FF1
DR7: 0x00000000000D0401
RAX: 0x0000000000000000
RBX: 0x0000019869C77AB0
RCX: 0x0000019869C77AB0
RDX: 0x0000000000000000
RSI: 0x0000000000000000
RDI: 0x0000019869C77AB0
RBP: 0x0000006D39CDF600
R8: 0x0000000000000000
R9: 0x000000000000000E
R10: 0x00007FF690A2AA98
R11: 0x0000006D39CDF4E0
R12: 0x0000000000000000
R13: 0x0000000000500000
R14: 0x0000000000000000
R15: 0x0000000000000000
Fighter correlations:
RCX -> Slot 0 / Gen 1
RDX -> —
[00:24:11] HARDWARE WRITE TRAP
Sequence: 407
TraceSessionId: 639214175255927292
WatchId: 639214175255927293
ThreadId: 11196
TrapRip: 0x00007FF68FAFCC99
NormalizedTrapRip / code context: NativeProbe | DBXV2.exe+0xBCC99 | code[-32,+16]=0085C075580F57D20F2FF27250F30F58B3000100000F2FF2F30F11B300010000720FF30F108304010000F30F5DC60F28
WatchedAddress: 0x0000019869C77BB0
AccessWidth: 4
AccessType: Write
XMM0.scalar: 0 (0x00000000)
XMM6.scalar: 333.03891 (0x43A684FB)
DR6: 0x00000000FFFF0FF1
DR7: 0x00000000000D0401
RAX: 0x0000000000000000
RBX: 0x0000019869C77AB0
RCX: 0x0000019869C77AB0
RDX: 0x0000000000000000
RSI: 0x0000000000000000
RDI: 0x0000019869C77AB0
RBP: 0x0000006D399DFA10
R8: 0x0000000000000000
R9: 0x000000000000000E
R10: 0x00007FF690A2AA98
R11: 0x0000006D399DF8F0
R12: 0x0000000000000000
R13: 0x0000000000500000
R14: 0x0000000000000000
R15: 0x0000000000000000
Fighter correlations:
RCX -> Slot 0 / Gen 1
RDX -> —
[00:24:11] HARDWARE WRITE TRAP
Sequence: 408
TraceSessionId: 639214175255927292
WatchId: 639214175255927293
ThreadId: 11196
TrapRip: 0x00007FF68FAFCCC5
NormalizedTrapRip / code context: NativeProbe | DBXV2.exe+0xBCCC5 | code[-32,+16]=5DC60F28D0F30F108B040100000F28C2F30F588308010000F30F1193000100000F2FC1760CF30F5CCAF30F118B080100
WatchedAddress: 0x0000019869C77BB0
AccessWidth: 4
AccessType: Write
XMM0.scalar: 333.03891 (0x43A684FB)
XMM6.scalar: 333.03891 (0x43A684FB)
DR6: 0x00000000FFFF0FF1
DR7: 0x00000000000D0401
RAX: 0x0000000000000000
RBX: 0x0000019869C77AB0
RCX: 0x0000019869C77AB0
RDX: 0x0000000000000000
RSI: 0x0000000000000000
RDI: 0x0000019869C77AB0
RBP: 0x0000006D399DFA10
R8: 0x0000000000000000
R9: 0x000000000000000E
R10: 0x00007FF690A2AA98
R11: 0x0000006D399DF8F0
R12: 0x0000000000000000
R13: 0x0000000000500000
R14: 0x0000000000000000
R15: 0x0000000000000000
Fighter correlations:
RCX -> Slot 0 / Gen 1
RDX -> —
[00:24:11] HARDWARE WRITE TRAP
Sequence: 409
TraceSessionId: 639214175255927292
WatchId: 639214175255927293
ThreadId: 16992
TrapRip: 0x00007FF68FAFCC99
NormalizedTrapRip / code context: NativeProbe | DBXV2.exe+0xBCC99 | code[-32,+16]=0085C075580F57D20F2FF27250F30F58B3000100000F2FF2F30F11B300010000720FF30F108304010000F30F5DC60F28
WatchedAddress: 0x0000019869C77BB0
AccessWidth: 4
AccessType: Write
XMM0.scalar: 0 (0x00000000)
XMM6.scalar: 333.03891 (0x43A684FB)
DR6: 0x00000000FFFF0FF1
DR7: 0x00000000000D0401
RAX: 0x0000000000000000
RBX: 0x0000019869C77AB0
RCX: 0x0000019869C77AB0
RDX: 0x0000000000000000
RSI: 0x0000000000000000
RDI: 0x0000019869C77AB0
RBP: 0x0000006D398DFA20
R8: 0x0000000000000000
R9: 0x000000000000000E
R10: 0x00007FF690A2AA98
R11: 0x0000006D398DF900
R12: 0x0000000000000000
R13: 0x0000000000500000
R14: 0x0000000000000000
R15: 0x0000000000000000
Fighter correlations:
RCX -> Slot 0 / Gen 1
RDX -> —
[00:24:11] HARDWARE WRITE TRAP
Sequence: 410
TraceSessionId: 639214175255927292
WatchId: 639214175255927293
ThreadId: 16992
TrapRip: 0x00007FF68FAFCCC5
NormalizedTrapRip / code context: NativeProbe | DBXV2.exe+0xBCCC5 | code[-32,+16]=5DC60F28D0F30F108B040100000F28C2F30F588308010000F30F1193000100000F2FC1760CF30F5CCAF30F118B080100
WatchedAddress: 0x0000019869C77BB0
AccessWidth: 4
AccessType: Write
XMM0.scalar: 333.03891 (0x43A684FB)
XMM6.scalar: 333.03891 (0x43A684FB)
DR6: 0x00000000FFFF0FF1
DR7: 0x00000000000D0401
RAX: 0x0000000000000000
RBX: 0x0000019869C77AB0
RCX: 0x0000019869C77AB0
RDX: 0x0000000000000000
RSI: 0x0000000000000000
RDI: 0x0000019869C77AB0
RBP: 0x0000006D398DFA20
R8: 0x0000000000000000
R9: 0x000000000000000E
R10: 0x00007FF690A2AA98
R11: 0x0000006D398DF900
R12: 0x0000000000000000
R13: 0x0000000000500000
R14: 0x0000000000000000
R15: 0x0000000000000000
Fighter correlations:
RCX -> Slot 0 / Gen 1
RDX -> —
[00:24:11] HARDWARE WRITE TRAP
Sequence: 411
TraceSessionId: 639214175255927292
WatchId: 639214175255927293
ThreadId: 17612
TrapRip: 0x00007FF68FAFCC99
NormalizedTrapRip / code context: NativeProbe | DBXV2.exe+0xBCC99 | code[-32,+16]=0085C075580F57D20F2FF27250F30F58B3000100000F2FF2F30F11B300010000720FF30F108304010000F30F5DC60F28
WatchedAddress: 0x0000019869C77BB0
AccessWidth: 4
AccessType: Write
XMM0.scalar: 0 (0x00000000)
XMM6.scalar: 333.03891 (0x43A684FB)
DR6: 0x00000000FFFF0FF1
DR7: 0x00000000000D0401
RAX: 0x0000000000000000
RBX: 0x0000019869C77AB0
RCX: 0x0000019869C77AB0
RDX: 0x0000000000000000
RSI: 0x0000000000000000
RDI: 0x0000019869C77AB0
RBP: 0x0000006D39EDFAA0
R8: 0x0000000000000000
R9: 0x000000000000000E
R10: 0x00007FF690A2AA98
R11: 0x0000006D39EDF980
R12: 0x0000000000000000
R13: 0x0000000000500000
R14: 0x0000000000000000
R15: 0x0000000000000000
Fighter correlations:
RCX -> Slot 0 / Gen 1
RDX -> —
[00:24:11] HARDWARE WRITE TRAP
Sequence: 412
TraceSessionId: 639214175255927292
WatchId: 639214175255927293
ThreadId: 17612
TrapRip: 0x00007FF68FAFCCC5
NormalizedTrapRip / code context: NativeProbe | DBXV2.exe+0xBCCC5 | code[-32,+16]=5DC60F28D0F30F108B040100000F28C2F30F588308010000F30F1193000100000F2FC1760CF30F5CCAF30F118B080100
WatchedAddress: 0x0000019869C77BB0
AccessWidth: 4
AccessType: Write
XMM0.scalar: 333.03891 (0x43A684FB)
XMM6.scalar: 333.03891 (0x43A684FB)
DR6: 0x00000000FFFF0FF1
DR7: 0x00000000000D0401
RAX: 0x0000000000000000
RBX: 0x0000019869C77AB0
RCX: 0x0000019869C77AB0
RDX: 0x0000000000000000
RSI: 0x0000000000000000
RDI: 0x0000019869C77AB0
RBP: 0x0000006D39EDFAA0
R8: 0x0000000000000000
R9: 0x000000000000000E
R10: 0x00007FF690A2AA98
R11: 0x0000006D39EDF980
R12: 0x0000000000000000
R13: 0x0000000000500000
R14: 0x0000000000000000
R15: 0x0000000000000000
Fighter correlations:
RCX -> Slot 0 / Gen 1
RDX -> —
[00:24:11] HARDWARE WRITE TRAP
Sequence: 413
TraceSessionId: 639214175255927292
WatchId: 639214175255927293
ThreadId: 18620
TrapRip: 0x00007FF68FAFCC99
NormalizedTrapRip / code context: NativeProbe | DBXV2.exe+0xBCC99 | code[-32,+16]=0085C075580F57D20F2FF27250F30F58B3000100000F2FF2F30F11B300010000720FF30F108304010000F30F5DC60F28
WatchedAddress: 0x0000019869C77BB0
AccessWidth: 4
AccessType: Write
XMM0.scalar: 0 (0x00000000)
XMM6.scalar: 333.03891 (0x43A684FB)
DR6: 0x00000000FFFF0FF1
DR7: 0x00000000000D0401
RAX: 0x0000000000000000
RBX: 0x0000019869C77AB0
RCX: 0x0000019869C77AB0
RDX: 0x0000000000000000
RSI: 0x0000000000000000
RDI: 0x0000019869C77AB0
RBP: 0x0000006D39CDF600
R8: 0x0000000000000000
R9: 0x000000000000000E
R10: 0x00007FF690A2AA98
R11: 0x0000006D39CDF4E0
R12: 0x0000000000000000
R13: 0x0000000000500000
R14: 0x0000000000000000
R15: 0x0000000000000000
Fighter correlations:
RCX -> Slot 0 / Gen 1
RDX -> —
[00:24:11] HARDWARE WRITE TRAP
Sequence: 414
TraceSessionId: 639214175255927292
WatchId: 639214175255927293
ThreadId: 18620
TrapRip: 0x00007FF68FAFCCC5
NormalizedTrapRip / code context: NativeProbe | DBXV2.exe+0xBCCC5 | code[-32,+16]=5DC60F28D0F30F108B040100000F28C2F30F588308010000F30F1193000100000F2FC1760CF30F5CCAF30F118B080100
WatchedAddress: 0x0000019869C77BB0
AccessWidth: 4
AccessType: Write
XMM0.scalar: 333.03891 (0x43A684FB)
XMM6.scalar: 333.03891 (0x43A684FB)
DR6: 0x00000000FFFF0FF1
DR7: 0x00000000000D0401
RAX: 0x0000000000000000
RBX: 0x0000019869C77AB0
RCX: 0x0000019869C77AB0
RDX: 0x0000000000000000
RSI: 0x0000000000000000
RDI: 0x0000019869C77AB0
RBP: 0x0000006D39CDF600
R8: 0x0000000000000000
R9: 0x000000000000000E
R10: 0x00007FF690A2AA98
R11: 0x0000006D39CDF4E0
R12: 0x0000000000000000
R13: 0x0000000000500000
R14: 0x0000000000000000
R15: 0x0000000000000000
Fighter correlations:
RCX -> Slot 0 / Gen 1
RDX -> —
[00:24:11] HARDWARE WRITE TRAP
Sequence: 415
TraceSessionId: 639214175255927292
WatchId: 639214175255927293
ThreadId: 17612
TrapRip: 0x00007FF68FAFCC99
NormalizedTrapRip / code context: NativeProbe | DBXV2.exe+0xBCC99 | code[-32,+16]=0085C075580F57D20F2FF27250F30F58B3000100000F2FF2F30F11B300010000720FF30F108304010000F30F5DC60F28
WatchedAddress: 0x0000019869C77BB0
AccessWidth: 4
AccessType: Write
XMM0.scalar: 0 (0x00000000)
XMM6.scalar: 333.03891 (0x43A684FB)
DR6: 0x00000000FFFF0FF1
DR7: 0x00000000000D0401
RAX: 0x0000000000000000
RBX: 0x0000019869C77AB0
RCX: 0x0000019869C77AB0
RDX: 0x0000000000000000
RSI: 0x0000000000000000
RDI: 0x0000019869C77AB0
RBP: 0x0000006D39EDFAA0
R8: 0x0000000000000000
R9: 0x000000000000000E
R10: 0x00007FF690A2AA98
R11: 0x0000006D39EDF980
R12: 0x0000000000000000
R13: 0x0000000000500000
R14: 0x0000000000000000
R15: 0x0000000000000000
Fighter correlations:
RCX -> Slot 0 / Gen 1
RDX -> —
[00:24:11] HARDWARE WRITE TRAP
Sequence: 416
TraceSessionId: 639214175255927292
WatchId: 639214175255927293
ThreadId: 17612
TrapRip: 0x00007FF68FAFCCC5
NormalizedTrapRip / code context: NativeProbe | DBXV2.exe+0xBCCC5 | code[-32,+16]=5DC60F28D0F30F108B040100000F28C2F30F588308010000F30F1193000100000F2FC1760CF30F5CCAF30F118B080100
WatchedAddress: 0x0000019869C77BB0
AccessWidth: 4
AccessType: Write
XMM0.scalar: 333.03891 (0x43A684FB)
XMM6.scalar: 333.03891 (0x43A684FB)
DR6: 0x00000000FFFF0FF1
DR7: 0x00000000000D0401
RAX: 0x0000000000000000
RBX: 0x0000019869C77AB0
RCX: 0x0000019869C77AB0
RDX: 0x0000000000000000
RSI: 0x0000000000000000
RDI: 0x0000019869C77AB0
RBP: 0x0000006D39EDFAA0
R8: 0x0000000000000000
R9: 0x000000000000000E
R10: 0x00007FF690A2AA98
R11: 0x0000006D39EDF980
R12: 0x0000000000000000
R13: 0x0000000000500000
R14: 0x0000000000000000
R15: 0x0000000000000000
Fighter correlations:
RCX -> Slot 0 / Gen 1
RDX -> —
[00:24:11] HARDWARE WRITE TRAP
Sequence: 417
TraceSessionId: 639214175255927292
WatchId: 639214175255927293
ThreadId: 11196
TrapRip: 0x00007FF68FAFCC99
NormalizedTrapRip / code context: NativeProbe | DBXV2.exe+0xBCC99 | code[-32,+16]=0085C075580F57D20F2FF27250F30F58B3000100000F2FF2F30F11B300010000720FF30F108304010000F30F5DC60F28
WatchedAddress: 0x0000019869C77BB0
AccessWidth: 4
AccessType: Write
XMM0.scalar: 0 (0x00000000)
XMM6.scalar: 333.03891 (0x43A684FB)
DR6: 0x00000000FFFF0FF1
DR7: 0x00000000000D0401
RAX: 0x0000000000000000
RBX: 0x0000019869C77AB0
RCX: 0x0000019869C77AB0
RDX: 0x0000000000000000
RSI: 0x0000000000000000
RDI: 0x0000019869C77AB0
RBP: 0x0000006D399DFA10
R8: 0x0000000000000000
R9: 0x000000000000000E
R10: 0x00007FF690A2AA98
R11: 0x0000006D399DF8F0
R12: 0x0000000000000000
R13: 0x0000000000500000
R14: 0x0000000000000000
R15: 0x0000000000000000
Fighter correlations:
RCX -> Slot 0 / Gen 1
RDX -> —
[00:24:11] HARDWARE WRITE TRAP
Sequence: 418
TraceSessionId: 639214175255927292
WatchId: 639214175255927293
ThreadId: 11196
TrapRip: 0x00007FF68FAFCCC5
NormalizedTrapRip / code context: NativeProbe | DBXV2.exe+0xBCCC5 | code[-32,+16]=5DC60F28D0F30F108B040100000F28C2F30F588308010000F30F1193000100000F2FC1760CF30F5CCAF30F118B080100
WatchedAddress: 0x0000019869C77BB0
AccessWidth: 4
AccessType: Write
XMM0.scalar: 333.03891 (0x43A684FB)
XMM6.scalar: 333.03891 (0x43A684FB)
DR6: 0x00000000FFFF0FF1
DR7: 0x00000000000D0401
RAX: 0x0000000000000000
RBX: 0x0000019869C77AB0
RCX: 0x0000019869C77AB0
RDX: 0x0000000000000000
RSI: 0x0000000000000000
RDI: 0x0000019869C77AB0
RBP: 0x0000006D399DFA10
R8: 0x0000000000000000
R9: 0x000000000000000E
R10: 0x00007FF690A2AA98
R11: 0x0000006D399DF8F0
R12: 0x0000000000000000
R13: 0x0000000000500000
R14: 0x0000000000000000
R15: 0x0000000000000000
Fighter correlations:
RCX -> Slot 0 / Gen 1
RDX -> —
[00:24:11] HARDWARE WRITE TRAP
Sequence: 419
TraceSessionId: 639214175255927292
WatchId: 639214175255927293
ThreadId: 17612
TrapRip: 0x00007FF68FAFCC99
NormalizedTrapRip / code context: NativeProbe | DBXV2.exe+0xBCC99 | code[-32,+16]=0085C075580F57D20F2FF27250F30F58B3000100000F2FF2F30F11B300010000720FF30F108304010000F30F5DC60F28
WatchedAddress: 0x0000019869C77BB0
AccessWidth: 4
AccessType: Write
XMM0.scalar: 0 (0x00000000)
XMM6.scalar: 333.03891 (0x43A684FB)
DR6: 0x00000000FFFF0FF1
DR7: 0x00000000000D0401
RAX: 0x0000000000000000
RBX: 0x0000019869C77AB0
RCX: 0x0000019869C77AB0
RDX: 0x0000000000000000
RSI: 0x0000000000000000
RDI: 0x0000019869C77AB0
RBP: 0x0000006D39EDFAA0
R8: 0x0000000000000000
R9: 0x000000000000000E
R10: 0x00007FF690A2AA98
R11: 0x0000006D39EDF980
R12: 0x0000000000000000
R13: 0x0000000000500000
R14: 0x0000000000000000
R15: 0x0000000000000000
Fighter correlations:
RCX -> Slot 0 / Gen 1
RDX -> —
[00:24:11] HARDWARE WRITE TRAP
Sequence: 420
TraceSessionId: 639214175255927292
WatchId: 639214175255927293
ThreadId: 17612
TrapRip: 0x00007FF68FAFCCC5
NormalizedTrapRip / code context: NativeProbe | DBXV2.exe+0xBCCC5 | code[-32,+16]=5DC60F28D0F30F108B040100000F28C2F30F588308010000F30F1193000100000F2FC1760CF30F5CCAF30F118B080100
WatchedAddress: 0x0000019869C77BB0
AccessWidth: 4
AccessType: Write
XMM0.scalar: 333.03891 (0x43A684FB)
XMM6.scalar: 333.03891 (0x43A684FB)
DR6: 0x00000000FFFF0FF1
DR7: 0x00000000000D0401
RAX: 0x0000000000000000
RBX: 0x0000019869C77AB0
RCX: 0x0000019869C77AB0
RDX: 0x0000000000000000
RSI: 0x0000000000000000
RDI: 0x0000019869C77AB0
RBP: 0x0000006D39EDFAA0
R8: 0x0000000000000000
R9: 0x000000000000000E
R10: 0x00007FF690A2AA98
R11: 0x0000006D39EDF980
R12: 0x0000000000000000
R13: 0x0000000000500000
R14: 0x0000000000000000
R15: 0x0000000000000000
Fighter correlations:
RCX -> Slot 0 / Gen 1
RDX -> —
[00:24:11] HARDWARE WRITE TRAP
Sequence: 421
TraceSessionId: 639214175255927292
WatchId: 639214175255927293
ThreadId: 23268
TrapRip: 0x00007FF68FAFCC99
NormalizedTrapRip / code context: NativeProbe | DBXV2.exe+0xBCC99 | code[-32,+16]=0085C075580F57D20F2FF27250F30F58B3000100000F2FF2F30F11B300010000720FF30F108304010000F30F5DC60F28
WatchedAddress: 0x0000019869C77BB0
AccessWidth: 4
AccessType: Write
XMM0.scalar: 0 (0x00000000)
XMM6.scalar: 333.03891 (0x43A684FB)
DR6: 0x00000000FFFF0FF1
DR7: 0x00000000000D0401
RAX: 0x0000000000000000
RBX: 0x0000019869C77AB0
RCX: 0x0000019869C77AB0
RDX: 0x0000000000000000
RSI: 0x0000000000000000
RDI: 0x0000019869C77AB0
RBP: 0x0000006D39DDFB50
R8: 0x0000000000000000
R9: 0x000000000000000E
R10: 0x00007FF690A2AA98
R11: 0x0000006D39DDFA30
R12: 0x0000000000000000
R13: 0x0000000000500000
R14: 0x0000000000000000
R15: 0x0000000000000000
Fighter correlations:
RCX -> Slot 0 / Gen 1
RDX -> —
[00:24:11] HARDWARE WRITE TRAP
Sequence: 422
TraceSessionId: 639214175255927292
WatchId: 639214175255927293
ThreadId: 23268
TrapRip: 0x00007FF68FAFCCC5
NormalizedTrapRip / code context: NativeProbe | DBXV2.exe+0xBCCC5 | code[-32,+16]=5DC60F28D0F30F108B040100000F28C2F30F588308010000F30F1193000100000F2FC1760CF30F5CCAF30F118B080100
WatchedAddress: 0x0000019869C77BB0
AccessWidth: 4
AccessType: Write
XMM0.scalar: 333.03891 (0x43A684FB)
XMM6.scalar: 333.03891 (0x43A684FB)
DR6: 0x00000000FFFF0FF1
DR7: 0x00000000000D0401
RAX: 0x0000000000000000
RBX: 0x0000019869C77AB0
RCX: 0x0000019869C77AB0
RDX: 0x0000000000000000
RSI: 0x0000000000000000
RDI: 0x0000019869C77AB0
RBP: 0x0000006D39DDFB50
R8: 0x0000000000000000
R9: 0x000000000000000E
R10: 0x00007FF690A2AA98
R11: 0x0000006D39DDFA30
R12: 0x0000000000000000
R13: 0x0000000000500000
R14: 0x0000000000000000
R15: 0x0000000000000000
Fighter correlations:
RCX -> Slot 0 / Gen 1
RDX -> —
[00:24:11] HARDWARE WRITE TRAP
Sequence: 423
TraceSessionId: 639214175255927292
WatchId: 639214175255927293
ThreadId: 18620
TrapRip: 0x00007FF68FAFCC99
NormalizedTrapRip / code context: NativeProbe | DBXV2.exe+0xBCC99 | code[-32,+16]=0085C075580F57D20F2FF27250F30F58B3000100000F2FF2F30F11B300010000720FF30F108304010000F30F5DC60F28
WatchedAddress: 0x0000019869C77BB0
AccessWidth: 4
AccessType: Write
XMM0.scalar: 0 (0x00000000)
XMM6.scalar: 333.03891 (0x43A684FB)
DR6: 0x00000000FFFF0FF1
DR7: 0x00000000000D0401
RAX: 0x0000000000000000
RBX: 0x0000019869C77AB0
RCX: 0x0000019869C77AB0
RDX: 0x0000000000000000
RSI: 0x0000000000000000
RDI: 0x0000019869C77AB0
RBP: 0x0000006D39CDF600
R8: 0x0000000000000000
R9: 0x000000000000000E
R10: 0x00007FF690A2AA98
R11: 0x0000006D39CDF4E0
R12: 0x0000000000000000
R13: 0x0000000000500000
R14: 0x0000000000000000
R15: 0x0000000000000000
Fighter correlations:
RCX -> Slot 0 / Gen 1
RDX -> —
[00:24:11] HARDWARE WRITE TRAP
Sequence: 424
TraceSessionId: 639214175255927292
WatchId: 639214175255927293
ThreadId: 18620
TrapRip: 0x00007FF68FAFCCC5
NormalizedTrapRip / code context: NativeProbe | DBXV2.exe+0xBCCC5 | code[-32,+16]=5DC60F28D0F30F108B040100000F28C2F30F588308010000F30F1193000100000F2FC1760CF30F5CCAF30F118B080100
WatchedAddress: 0x0000019869C77BB0
AccessWidth: 4
AccessType: Write
XMM0.scalar: 333.03891 (0x43A684FB)
XMM6.scalar: 333.03891 (0x43A684FB)
DR6: 0x00000000FFFF0FF1
DR7: 0x00000000000D0401
RAX: 0x0000000000000000
RBX: 0x0000019869C77AB0
RCX: 0x0000019869C77AB0
RDX: 0x0000000000000000
RSI: 0x0000000000000000
RDI: 0x0000019869C77AB0
RBP: 0x0000006D39CDF600
R8: 0x0000000000000000
R9: 0x000000000000000E
R10: 0x00007FF690A2AA98
R11: 0x0000006D39CDF4E0
R12: 0x0000000000000000
R13: 0x0000000000500000
R14: 0x0000000000000000
R15: 0x0000000000000000
Fighter correlations:
RCX -> Slot 0 / Gen 1
RDX -> —
[00:24:11] HARDWARE WRITE TRAP
Sequence: 425
TraceSessionId: 639214175255927292
WatchId: 639214175255927293
ThreadId: 16992
TrapRip: 0x00007FF68FAFCC99
NormalizedTrapRip / code context: NativeProbe | DBXV2.exe+0xBCC99 | code[-32,+16]=0085C075580F57D20F2FF27250F30F58B3000100000F2FF2F30F11B300010000720FF30F108304010000F30F5DC60F28
WatchedAddress: 0x0000019869C77BB0
AccessWidth: 4
AccessType: Write
XMM0.scalar: 0 (0x00000000)
XMM6.scalar: 333.03891 (0x43A684FB)
DR6: 0x00000000FFFF0FF1
DR7: 0x00000000000D0401
RAX: 0x0000000000000000
RBX: 0x0000019869C77AB0
RCX: 0x0000019869C77AB0
RDX: 0x0000000000000000
RSI: 0x0000000000000000
RDI: 0x0000019869C77AB0
RBP: 0x0000006D398DFA20
R8: 0x0000000000000000
R9: 0x000000000000000E
R10: 0x00007FF690A2AA98
R11: 0x0000006D398DF900
R12: 0x0000000000000000
R13: 0x0000000000500000
R14: 0x0000000000000000
R15: 0x0000000000000000
Fighter correlations:
RCX -> Slot 0 / Gen 1
RDX -> —
[00:24:11] HARDWARE WRITE TRAP
Sequence: 426
TraceSessionId: 639214175255927292
WatchId: 639214175255927293
ThreadId: 16992
TrapRip: 0x00007FF68FAFCCC5
NormalizedTrapRip / code context: NativeProbe | DBXV2.exe+0xBCCC5 | code[-32,+16]=5DC60F28D0F30F108B040100000F28C2F30F588308010000F30F1193000100000F2FC1760CF30F5CCAF30F118B080100
WatchedAddress: 0x0000019869C77BB0
AccessWidth: 4
AccessType: Write
XMM0.scalar: 333.03891 (0x43A684FB)
XMM6.scalar: 333.03891 (0x43A684FB)
DR6: 0x00000000FFFF0FF1
DR7: 0x00000000000D0401
RAX: 0x0000000000000000
RBX: 0x0000019869C77AB0
RCX: 0x0000019869C77AB0
RDX: 0x0000000000000000
RSI: 0x0000000000000000
RDI: 0x0000019869C77AB0
RBP: 0x0000006D398DFA20
R8: 0x0000000000000000
R9: 0x000000000000000E
R10: 0x00007FF690A2AA98
R11: 0x0000006D398DF900
R12: 0x0000000000000000
R13: 0x0000000000500000
R14: 0x0000000000000000
R15: 0x0000000000000000
Fighter correlations:
RCX -> Slot 0 / Gen 1
RDX -> —
[00:24:11] HARDWARE WRITE TRAP
Sequence: 427
TraceSessionId: 639214175255927292
WatchId: 639214175255927293
ThreadId: 17612
TrapRip: 0x00007FF68FAFCC99
NormalizedTrapRip / code context: NativeProbe | DBXV2.exe+0xBCC99 | code[-32,+16]=0085C075580F57D20F2FF27250F30F58B3000100000F2FF2F30F11B300010000720FF30F108304010000F30F5DC60F28
WatchedAddress: 0x0000019869C77BB0
AccessWidth: 4
AccessType: Write
XMM0.scalar: 0 (0x00000000)
XMM6.scalar: 333.03891 (0x43A684FB)
DR6: 0x00000000FFFF0FF1
DR7: 0x00000000000D0401
RAX: 0x0000000000000000
RBX: 0x0000019869C77AB0
RCX: 0x0000019869C77AB0
RDX: 0x0000000000000000
RSI: 0x0000000000000000
RDI: 0x0000019869C77AB0
RBP: 0x0000006D39EDFAA0
R8: 0x0000000000000000
R9: 0x000000000000000E
R10: 0x00007FF690A2AA98
R11: 0x0000006D39EDF980
R12: 0x0000000000000000
R13: 0x0000000000500000
R14: 0x0000000000000000
R15: 0x0000000000000000
Fighter correlations:
RCX -> Slot 0 / Gen 1
RDX -> —
[00:24:11] HARDWARE WRITE TRAP
Sequence: 428
TraceSessionId: 639214175255927292
WatchId: 639214175255927293
ThreadId: 17612
TrapRip: 0x00007FF68FAFCCC5
NormalizedTrapRip / code context: NativeProbe | DBXV2.exe+0xBCCC5 | code[-32,+16]=5DC60F28D0F30F108B040100000F28C2F30F588308010000F30F1193000100000F2FC1760CF30F5CCAF30F118B080100
WatchedAddress: 0x0000019869C77BB0
AccessWidth: 4
AccessType: Write
XMM0.scalar: 333.03891 (0x43A684FB)
XMM6.scalar: 333.03891 (0x43A684FB)
DR6: 0x00000000FFFF0FF1
DR7: 0x00000000000D0401
RAX: 0x0000000000000000
RBX: 0x0000019869C77AB0
RCX: 0x0000019869C77AB0
RDX: 0x0000000000000000
RSI: 0x0000000000000000
RDI: 0x0000019869C77AB0
RBP: 0x0000006D39EDFAA0
R8: 0x0000000000000000
R9: 0x000000000000000E
R10: 0x00007FF690A2AA98
R11: 0x0000006D39EDF980
R12: 0x0000000000000000
R13: 0x0000000000500000
R14: 0x0000000000000000
R15: 0x0000000000000000
Fighter correlations:
RCX -> Slot 0 / Gen 1
RDX -> —
[00:24:11] HARDWARE WRITE TRAP
Sequence: 429
TraceSessionId: 639214175255927292
WatchId: 639214175255927293
ThreadId: 18620
TrapRip: 0x00007FF68FAFCC99
NormalizedTrapRip / code context: NativeProbe | DBXV2.exe+0xBCC99 | code[-32,+16]=0085C075580F57D20F2FF27250F30F58B3000100000F2FF2F30F11B300010000720FF30F108304010000F30F5DC60F28
WatchedAddress: 0x0000019869C77BB0
AccessWidth: 4
AccessType: Write
XMM0.scalar: 0 (0x00000000)
XMM6.scalar: 333.03891 (0x43A684FB)
DR6: 0x00000000FFFF0FF1
DR7: 0x00000000000D0401
RAX: 0x0000000000000000
RBX: 0x0000019869C77AB0
RCX: 0x0000019869C77AB0
RDX: 0x0000000000000000
RSI: 0x0000000000000000
RDI: 0x0000019869C77AB0
RBP: 0x0000006D39CDF600
R8: 0x0000000000000000
R9: 0x000000000000000E
R10: 0x00007FF690A2AA98
R11: 0x0000006D39CDF4E0
R12: 0x0000000000000000
R13: 0x0000000000500000
R14: 0x0000000000000000
R15: 0x0000000000000000
Fighter correlations:
RCX -> Slot 0 / Gen 1
RDX -> —
[00:24:11] HARDWARE WRITE TRAP
Sequence: 430
TraceSessionId: 639214175255927292
WatchId: 639214175255927293
ThreadId: 18620
TrapRip: 0x00007FF68FAFCCC5
NormalizedTrapRip / code context: NativeProbe | DBXV2.exe+0xBCCC5 | code[-32,+16]=5DC60F28D0F30F108B040100000F28C2F30F588308010000F30F1193000100000F2FC1760CF30F5CCAF30F118B080100
WatchedAddress: 0x0000019869C77BB0
AccessWidth: 4
AccessType: Write
XMM0.scalar: 333.03891 (0x43A684FB)
XMM6.scalar: 333.03891 (0x43A684FB)
DR6: 0x00000000FFFF0FF1
DR7: 0x00000000000D0401
RAX: 0x0000000000000000
RBX: 0x0000019869C77AB0
RCX: 0x0000019869C77AB0
RDX: 0x0000000000000000
RSI: 0x0000000000000000
RDI: 0x0000019869C77AB0
RBP: 0x0000006D39CDF600
R8: 0x0000000000000000
R9: 0x000000000000000E
R10: 0x00007FF690A2AA98
R11: 0x0000006D39CDF4E0
R12: 0x0000000000000000
R13: 0x0000000000500000
R14: 0x0000000000000000
R15: 0x0000000000000000
Fighter correlations:
RCX -> Slot 0 / Gen 1
RDX -> —
[00:24:11] HARDWARE WRITE TRAP
Sequence: 431
TraceSessionId: 639214175255927292
WatchId: 639214175255927293
ThreadId: 17612
TrapRip: 0x00007FF68FAFCC99
NormalizedTrapRip / code context: NativeProbe | DBXV2.exe+0xBCC99 | code[-32,+16]=0085C075580F57D20F2FF27250F30F58B3000100000F2FF2F30F11B300010000720FF30F108304010000F30F5DC60F28
WatchedAddress: 0x0000019869C77BB0
AccessWidth: 4
AccessType: Write
XMM0.scalar: 0 (0x00000000)
XMM6.scalar: 333.03891 (0x43A684FB)
DR6: 0x00000000FFFF0FF1
DR7: 0x00000000000D0401
RAX: 0x0000000000000000
RBX: 0x0000019869C77AB0
RCX: 0x0000019869C77AB0
RDX: 0x0000000000000000
RSI: 0x0000000000000000
RDI: 0x0000019869C77AB0
RBP: 0x0000006D39EDFAA0
R8: 0x0000000000000000
R9: 0x000000000000000E
R10: 0x00007FF690A2AA98
R11: 0x0000006D39EDF980
R12: 0x0000000000000000
R13: 0x0000000000500000
R14: 0x0000000000000000
R15: 0x0000000000000000
Fighter correlations:
RCX -> Slot 0 / Gen 1
RDX -> —
[00:24:11] HARDWARE WRITE TRAP
Sequence: 432
TraceSessionId: 639214175255927292
WatchId: 639214175255927293
ThreadId: 17612
TrapRip: 0x00007FF68FAFCCC5
NormalizedTrapRip / code context: NativeProbe | DBXV2.exe+0xBCCC5 | code[-32,+16]=5DC60F28D0F30F108B040100000F28C2F30F588308010000F30F1193000100000F2FC1760CF30F5CCAF30F118B080100
WatchedAddress: 0x0000019869C77BB0
AccessWidth: 4
AccessType: Write
XMM0.scalar: 333.03891 (0x43A684FB)
XMM6.scalar: 333.03891 (0x43A684FB)
DR6: 0x00000000FFFF0FF1
DR7: 0x00000000000D0401
RAX: 0x0000000000000000
RBX: 0x0000019869C77AB0
RCX: 0x0000019869C77AB0
RDX: 0x0000000000000000
RSI: 0x0000000000000000
RDI: 0x0000019869C77AB0
RBP: 0x0000006D39EDFAA0
R8: 0x0000000000000000
R9: 0x000000000000000E
R10: 0x00007FF690A2AA98
R11: 0x0000006D39EDF980
R12: 0x0000000000000000
R13: 0x0000000000500000
R14: 0x0000000000000000
R15: 0x0000000000000000
Fighter correlations:
RCX -> Slot 0 / Gen 1
RDX -> —
[00:24:11] HARDWARE WRITE TRAP
Sequence: 433
TraceSessionId: 639214175255927292
WatchId: 639214175255927293
ThreadId: 11196
TrapRip: 0x00007FF68FAFCC99
NormalizedTrapRip / code context: NativeProbe | DBXV2.exe+0xBCC99 | code[-32,+16]=0085C075580F57D20F2FF27250F30F58B3000100000F2FF2F30F11B300010000720FF30F108304010000F30F5DC60F28
WatchedAddress: 0x0000019869C77BB0
AccessWidth: 4
AccessType: Write
XMM0.scalar: 0 (0x00000000)
XMM6.scalar: 333.03891 (0x43A684FB)
DR6: 0x00000000FFFF0FF1
DR7: 0x00000000000D0401
RAX: 0x0000000000000000
RBX: 0x0000019869C77AB0
RCX: 0x0000019869C77AB0
RDX: 0x0000000000000000
RSI: 0x0000000000000000
RDI: 0x0000019869C77AB0
RBP: 0x0000006D399DFA10
R8: 0x0000000000000000
R9: 0x000000000000000E
R10: 0x00007FF690A2AA98
R11: 0x0000006D399DF8F0
R12: 0x0000000000000000
R13: 0x0000000000500000
R14: 0x0000000000000000
R15: 0x0000000000000000
Fighter correlations:
RCX -> Slot 0 / Gen 1
RDX -> —
[00:24:11] HARDWARE WRITE TRAP
Sequence: 434
TraceSessionId: 639214175255927292
WatchId: 639214175255927293
ThreadId: 11196
TrapRip: 0x00007FF68FAFCCC5
NormalizedTrapRip / code context: NativeProbe | DBXV2.exe+0xBCCC5 | code[-32,+16]=5DC60F28D0F30F108B040100000F28C2F30F588308010000F30F1193000100000F2FC1760CF30F5CCAF30F118B080100
WatchedAddress: 0x0000019869C77BB0
AccessWidth: 4
AccessType: Write
XMM0.scalar: 333.03891 (0x43A684FB)
XMM6.scalar: 333.03891 (0x43A684FB)
DR6: 0x00000000FFFF0FF1
DR7: 0x00000000000D0401
RAX: 0x0000000000000000
RBX: 0x0000019869C77AB0
RCX: 0x0000019869C77AB0
RDX: 0x0000000000000000
RSI: 0x0000000000000000
RDI: 0x0000019869C77AB0
RBP: 0x0000006D399DFA10
R8: 0x0000000000000000
R9: 0x000000000000000E
R10: 0x00007FF690A2AA98
R11: 0x0000006D399DF8F0
R12: 0x0000000000000000
R13: 0x0000000000500000
R14: 0x0000000000000000
R15: 0x0000000000000000
Fighter correlations:
RCX -> Slot 0 / Gen 1
RDX -> —
[00:24:11] HARDWARE WRITE TRAP
Sequence: 435
TraceSessionId: 639214175255927292
WatchId: 639214175255927293
ThreadId: 16992
TrapRip: 0x00007FF68FAFCC99
NormalizedTrapRip / code context: NativeProbe | DBXV2.exe+0xBCC99 | code[-32,+16]=0085C075580F57D20F2FF27250F30F58B3000100000F2FF2F30F11B300010000720FF30F108304010000F30F5DC60F28
WatchedAddress: 0x0000019869C77BB0
AccessWidth: 4
AccessType: Write
XMM0.scalar: 0 (0x00000000)
XMM6.scalar: 333.03891 (0x43A684FB)
DR6: 0x00000000FFFF0FF1
DR7: 0x00000000000D0401
RAX: 0x0000000000000000
RBX: 0x0000019869C77AB0
RCX: 0x0000019869C77AB0
RDX: 0x0000000000000000
RSI: 0x0000000000000000
RDI: 0x0000019869C77AB0
RBP: 0x0000006D398DFA20
R8: 0x0000000000000000
R9: 0x000000000000000E
R10: 0x00007FF690A2AA98
R11: 0x0000006D398DF900
R12: 0x0000000000000000
R13: 0x0000000000500000
R14: 0x0000000000000000
R15: 0x0000000000000000
Fighter correlations:
RCX -> Slot 0 / Gen 1
RDX -> —
[00:24:11] HARDWARE WRITE TRAP
Sequence: 436
TraceSessionId: 639214175255927292
WatchId: 639214175255927293
ThreadId: 16992
TrapRip: 0x00007FF68FAFCCC5
NormalizedTrapRip / code context: NativeProbe | DBXV2.exe+0xBCCC5 | code[-32,+16]=5DC60F28D0F30F108B040100000F28C2F30F588308010000F30F1193000100000F2FC1760CF30F5CCAF30F118B080100
WatchedAddress: 0x0000019869C77BB0
AccessWidth: 4
AccessType: Write
XMM0.scalar: 333.03891 (0x43A684FB)
XMM6.scalar: 333.03891 (0x43A684FB)
DR6: 0x00000000FFFF0FF1
DR7: 0x00000000000D0401
RAX: 0x0000000000000000
RBX: 0x0000019869C77AB0
RCX: 0x0000019869C77AB0
RDX: 0x0000000000000000
RSI: 0x0000000000000000
RDI: 0x0000019869C77AB0
RBP: 0x0000006D398DFA20
R8: 0x0000000000000000
R9: 0x000000000000000E
R10: 0x00007FF690A2AA98
R11: 0x0000006D398DF900
R12: 0x0000000000000000
R13: 0x0000000000500000
R14: 0x0000000000000000
R15: 0x0000000000000000
Fighter correlations:
RCX -> Slot 0 / Gen 1
RDX -> —
[00:24:11] HARDWARE WRITE TRAP
Sequence: 437
TraceSessionId: 639214175255927292
WatchId: 639214175255927293
ThreadId: 17612
TrapRip: 0x00007FF68FAFCC99
NormalizedTrapRip / code context: NativeProbe | DBXV2.exe+0xBCC99 | code[-32,+16]=0085C075580F57D20F2FF27250F30F58B3000100000F2FF2F30F11B300010000720FF30F108304010000F30F5DC60F28
WatchedAddress: 0x0000019869C77BB0
AccessWidth: 4
AccessType: Write
XMM0.scalar: 0 (0x00000000)
XMM6.scalar: 333.03891 (0x43A684FB)
DR6: 0x00000000FFFF0FF1
DR7: 0x00000000000D0401
RAX: 0x0000000000000000
RBX: 0x0000019869C77AB0
RCX: 0x0000019869C77AB0
RDX: 0x0000000000000000
RSI: 0x0000000000000000
RDI: 0x0000019869C77AB0
RBP: 0x0000006D39EDFAA0
R8: 0x0000000000000000
R9: 0x000000000000000E
R10: 0x00007FF690A2AA98
R11: 0x0000006D39EDF980
R12: 0x0000000000000000
R13: 0x0000000000500000
R14: 0x0000000000000000
R15: 0x0000000000000000
Fighter correlations:
RCX -> Slot 0 / Gen 1
RDX -> —
[00:24:11] HARDWARE WRITE TRAP
Sequence: 438
TraceSessionId: 639214175255927292
WatchId: 639214175255927293
ThreadId: 17612
TrapRip: 0x00007FF68FAFCCC5
NormalizedTrapRip / code context: NativeProbe | DBXV2.exe+0xBCCC5 | code[-32,+16]=5DC60F28D0F30F108B040100000F28C2F30F588308010000F30F1193000100000F2FC1760CF30F5CCAF30F118B080100
WatchedAddress: 0x0000019869C77BB0
AccessWidth: 4
AccessType: Write
XMM0.scalar: 333.03891 (0x43A684FB)
XMM6.scalar: 333.03891 (0x43A684FB)
DR6: 0x00000000FFFF0FF1
DR7: 0x00000000000D0401
RAX: 0x0000000000000000
RBX: 0x0000019869C77AB0
RCX: 0x0000019869C77AB0
RDX: 0x0000000000000000
RSI: 0x0000000000000000
RDI: 0x0000019869C77AB0
RBP: 0x0000006D39EDFAA0
R8: 0x0000000000000000
R9: 0x000000000000000E
R10: 0x00007FF690A2AA98
R11: 0x0000006D39EDF980
R12: 0x0000000000000000
R13: 0x0000000000500000
R14: 0x0000000000000000
R15: 0x0000000000000000
Fighter correlations:
RCX -> Slot 0 / Gen 1
RDX -> —
[00:24:11] HARDWARE WRITE TRAP
Sequence: 439
TraceSessionId: 639214175255927292
WatchId: 639214175255927293
ThreadId: 23268
TrapRip: 0x00007FF68FAFCC99
NormalizedTrapRip / code context: NativeProbe | DBXV2.exe+0xBCC99 | code[-32,+16]=0085C075580F57D20F2FF27250F30F58B3000100000F2FF2F30F11B300010000720FF30F108304010000F30F5DC60F28
WatchedAddress: 0x0000019869C77BB0
AccessWidth: 4
AccessType: Write
XMM0.scalar: 0 (0x00000000)
XMM6.scalar: 333.03891 (0x43A684FB)
DR6: 0x00000000FFFF0FF1
DR7: 0x00000000000D0401
RAX: 0x0000000000000000
RBX: 0x0000019869C77AB0
RCX: 0x0000019869C77AB0
RDX: 0x0000000000000000
RSI: 0x0000000000000000
RDI: 0x0000019869C77AB0
RBP: 0x0000006D39DDFB50
R8: 0x0000000000000000
R9: 0x000000000000000E
R10: 0x00007FF690A2AA98
R11: 0x0000006D39DDFA30
R12: 0x0000000000000000
R13: 0x0000000000500000
R14: 0x0000000000000000
R15: 0x0000000000000000
Fighter correlations:
RCX -> Slot 0 / Gen 1
RDX -> —
[00:24:11] HARDWARE WRITE TRAP
Sequence: 440
TraceSessionId: 639214175255927292
WatchId: 639214175255927293
ThreadId: 23268
TrapRip: 0x00007FF68FAFCCC5
NormalizedTrapRip / code context: NativeProbe | DBXV2.exe+0xBCCC5 | code[-32,+16]=5DC60F28D0F30F108B040100000F28C2F30F588308010000F30F1193000100000F2FC1760CF30F5CCAF30F118B080100
WatchedAddress: 0x0000019869C77BB0
AccessWidth: 4
AccessType: Write
XMM0.scalar: 333.03891 (0x43A684FB)
XMM6.scalar: 333.03891 (0x43A684FB)
DR6: 0x00000000FFFF0FF1
DR7: 0x00000000000D0401
RAX: 0x0000000000000000
RBX: 0x0000019869C77AB0
RCX: 0x0000019869C77AB0
RDX: 0x0000000000000000
RSI: 0x0000000000000000
RDI: 0x0000019869C77AB0
RBP: 0x0000006D39DDFB50
R8: 0x0000000000000000
R9: 0x000000000000000E
R10: 0x00007FF690A2AA98
R11: 0x0000006D39DDFA30
R12: 0x0000000000000000
R13: 0x0000000000500000
R14: 0x0000000000000000
R15: 0x0000000000000000
Fighter correlations:
RCX -> Slot 0 / Gen 1
RDX -> —
[00:24:11] HARDWARE WRITE TRAP
Sequence: 441
TraceSessionId: 639214175255927292
WatchId: 639214175255927293
ThreadId: 24252
TrapRip: 0x00007FF68FAFCC99
NormalizedTrapRip / code context: NativeProbe | DBXV2.exe+0xBCC99 | code[-32,+16]=0085C075580F57D20F2FF27250F30F58B3000100000F2FF2F30F11B300010000720FF30F108304010000F30F5DC60F28
WatchedAddress: 0x0000019869C77BB0
AccessWidth: 4
AccessType: Write
XMM0.scalar: 0 (0x00000000)
XMM6.scalar: 333.03891 (0x43A684FB)
DR6: 0x00000000FFFF0FF1
DR7: 0x00000000000D0401
RAX: 0x0000000000000000
RBX: 0x0000019869C77AB0
RCX: 0x0000019869C77AB0
RDX: 0x0000000000000000
RSI: 0x0000000000000000
RDI: 0x0000019869C77AB0
RBP: 0x0000006D39FDF6D0
R8: 0x0000000000000000
R9: 0x000000000000000E
R10: 0x00007FF690A2AA98
R11: 0x0000006D39FDF5B0
R12: 0x0000000000000000
R13: 0x0000000000500000
R14: 0x0000000000000000
R15: 0x0000000000000000
Fighter correlations:
RCX -> Slot 0 / Gen 1
RDX -> —
[00:24:11] HARDWARE WRITE TRAP
Sequence: 442
TraceSessionId: 639214175255927292
WatchId: 639214175255927293
ThreadId: 24252
TrapRip: 0x00007FF68FAFCCC5
NormalizedTrapRip / code context: NativeProbe | DBXV2.exe+0xBCCC5 | code[-32,+16]=5DC60F28D0F30F108B040100000F28C2F30F588308010000F30F1193000100000F2FC1760CF30F5CCAF30F118B080100
WatchedAddress: 0x0000019869C77BB0
AccessWidth: 4
AccessType: Write
XMM0.scalar: 333.03891 (0x43A684FB)
XMM6.scalar: 333.03891 (0x43A684FB)
DR6: 0x00000000FFFF0FF1
DR7: 0x00000000000D0401
RAX: 0x0000000000000000
RBX: 0x0000019869C77AB0
RCX: 0x0000019869C77AB0
RDX: 0x0000000000000000
RSI: 0x0000000000000000
RDI: 0x0000019869C77AB0
RBP: 0x0000006D39FDF6D0
R8: 0x0000000000000000
R9: 0x000000000000000E
R10: 0x00007FF690A2AA98
R11: 0x0000006D39FDF5B0
R12: 0x0000000000000000
R13: 0x0000000000500000
R14: 0x0000000000000000
R15: 0x0000000000000000
Fighter correlations:
RCX -> Slot 0 / Gen 1
RDX -> —
[00:24:11] HARDWARE WRITE TRAP
Sequence: 443
TraceSessionId: 639214175255927292
WatchId: 639214175255927293
ThreadId: 23268
TrapRip: 0x00007FF68FAFCC99
NormalizedTrapRip / code context: NativeProbe | DBXV2.exe+0xBCC99 | code[-32,+16]=0085C075580F57D20F2FF27250F30F58B3000100000F2FF2F30F11B300010000720FF30F108304010000F30F5DC60F28
WatchedAddress: 0x0000019869C77BB0
AccessWidth: 4
AccessType: Write
XMM0.scalar: 0 (0x00000000)
XMM6.scalar: 333.03891 (0x43A684FB)
DR6: 0x00000000FFFF0FF1
DR7: 0x00000000000D0401
RAX: 0x0000000000000000
RBX: 0x0000019869C77AB0
RCX: 0x0000019869C77AB0
RDX: 0x0000000000000000
RSI: 0x0000000000000000
RDI: 0x0000019869C77AB0
RBP: 0x0000006D39DDFB50
R8: 0x0000000000000000
R9: 0x000000000000000E
R10: 0x00007FF690A2AA98
R11: 0x0000006D39DDFA30
R12: 0x0000000000000000
R13: 0x0000000000500000
R14: 0x0000000000000000
R15: 0x0000000000000000
Fighter correlations:
RCX -> Slot 0 / Gen 1
RDX -> —
[00:24:11] HARDWARE WRITE TRAP
Sequence: 444
TraceSessionId: 639214175255927292
WatchId: 639214175255927293
ThreadId: 23268
TrapRip: 0x00007FF68FAFCCC5
NormalizedTrapRip / code context: NativeProbe | DBXV2.exe+0xBCCC5 | code[-32,+16]=5DC60F28D0F30F108B040100000F28C2F30F588308010000F30F1193000100000F2FC1760CF30F5CCAF30F118B080100
WatchedAddress: 0x0000019869C77BB0
AccessWidth: 4
AccessType: Write
XMM0.scalar: 333.03891 (0x43A684FB)
XMM6.scalar: 333.03891 (0x43A684FB)
DR6: 0x00000000FFFF0FF1
DR7: 0x00000000000D0401
RAX: 0x0000000000000000
RBX: 0x0000019869C77AB0
RCX: 0x0000019869C77AB0
RDX: 0x0000000000000000
RSI: 0x0000000000000000
RDI: 0x0000019869C77AB0
RBP: 0x0000006D39DDFB50
R8: 0x0000000000000000
R9: 0x000000000000000E
R10: 0x00007FF690A2AA98
R11: 0x0000006D39DDFA30
R12: 0x0000000000000000
R13: 0x0000000000500000
R14: 0x0000000000000000
R15: 0x0000000000000000
Fighter correlations:
RCX -> Slot 0 / Gen 1
RDX -> —
[00:24:11] HARDWARE WRITE TRAP
Sequence: 445
TraceSessionId: 639214175255927292
WatchId: 639214175255927293
ThreadId: 11196
TrapRip: 0x00007FF68FAFCC99
NormalizedTrapRip / code context: NativeProbe | DBXV2.exe+0xBCC99 | code[-32,+16]=0085C075580F57D20F2FF27250F30F58B3000100000F2FF2F30F11B300010000720FF30F108304010000F30F5DC60F28
WatchedAddress: 0x0000019869C77BB0
AccessWidth: 4
AccessType: Write
XMM0.scalar: 0 (0x00000000)
XMM6.scalar: 333.03891 (0x43A684FB)
DR6: 0x00000000FFFF0FF1
DR7: 0x00000000000D0401
RAX: 0x0000000000000000
RBX: 0x0000019869C77AB0
RCX: 0x0000019869C77AB0
RDX: 0x0000000000000000
RSI: 0x0000000000000000
RDI: 0x0000019869C77AB0
RBP: 0x0000006D399DFA10
R8: 0x0000000000000000
R9: 0x000000000000000E
R10: 0x00007FF690A2AA98
R11: 0x0000006D399DF8F0
R12: 0x0000000000000000
R13: 0x0000000000500000
R14: 0x0000000000000000
R15: 0x0000000000000000
Fighter correlations:
RCX -> Slot 0 / Gen 1
RDX -> —
[00:24:11] HARDWARE WRITE TRAP
Sequence: 446
TraceSessionId: 639214175255927292
WatchId: 639214175255927293
ThreadId: 11196
TrapRip: 0x00007FF68FAFCCC5
NormalizedTrapRip / code context: NativeProbe | DBXV2.exe+0xBCCC5 | code[-32,+16]=5DC60F28D0F30F108B040100000F28C2F30F588308010000F30F1193000100000F2FC1760CF30F5CCAF30F118B080100
WatchedAddress: 0x0000019869C77BB0
AccessWidth: 4
AccessType: Write
XMM0.scalar: 333.03891 (0x43A684FB)
XMM6.scalar: 333.03891 (0x43A684FB)
DR6: 0x00000000FFFF0FF1
DR7: 0x00000000000D0401
RAX: 0x0000000000000000
RBX: 0x0000019869C77AB0
RCX: 0x0000019869C77AB0
RDX: 0x0000000000000000
RSI: 0x0000000000000000
RDI: 0x0000019869C77AB0
RBP: 0x0000006D399DFA10
R8: 0x0000000000000000
R9: 0x000000000000000E
R10: 0x00007FF690A2AA98
R11: 0x0000006D399DF8F0
R12: 0x0000000000000000
R13: 0x0000000000500000
R14: 0x0000000000000000
R15: 0x0000000000000000
Fighter correlations:
RCX -> Slot 0 / Gen 1
RDX -> —
[00:24:11] HARDWARE WRITE TRAP
Sequence: 447
TraceSessionId: 639214175255927292
WatchId: 639214175255927293
ThreadId: 18620
TrapRip: 0x00007FF68FAFCC99
NormalizedTrapRip / code context: NativeProbe | DBXV2.exe+0xBCC99 | code[-32,+16]=0085C075580F57D20F2FF27250F30F58B3000100000F2FF2F30F11B300010000720FF30F108304010000F30F5DC60F28
WatchedAddress: 0x0000019869C77BB0
AccessWidth: 4
AccessType: Write
XMM0.scalar: 0 (0x00000000)
XMM6.scalar: 333.03891 (0x43A684FB)
DR6: 0x00000000FFFF0FF1
DR7: 0x00000000000D0401
RAX: 0x0000000000000000
RBX: 0x0000019869C77AB0
RCX: 0x0000019869C77AB0
RDX: 0x0000000000000000
RSI: 0x0000000000000000
RDI: 0x0000019869C77AB0
RBP: 0x0000006D39CDF600
R8: 0x0000000000000000
R9: 0x000000000000000E
R10: 0x00007FF690A2AA98
R11: 0x0000006D39CDF4E0
R12: 0x0000000000000000
R13: 0x0000000000500000
R14: 0x0000000000000000
R15: 0x0000000000000000
Fighter correlations:
RCX -> Slot 0 / Gen 1
RDX -> —
[00:24:11] HARDWARE WRITE TRAP
Sequence: 448
TraceSessionId: 639214175255927292
WatchId: 639214175255927293
ThreadId: 18620
TrapRip: 0x00007FF68FAFCCC5
NormalizedTrapRip / code context: NativeProbe | DBXV2.exe+0xBCCC5 | code[-32,+16]=5DC60F28D0F30F108B040100000F28C2F30F588308010000F30F1193000100000F2FC1760CF30F5CCAF30F118B080100
WatchedAddress: 0x0000019869C77BB0
AccessWidth: 4
AccessType: Write
XMM0.scalar: 333.03891 (0x43A684FB)
XMM6.scalar: 333.03891 (0x43A684FB)
DR6: 0x00000000FFFF0FF1
DR7: 0x00000000000D0401
RAX: 0x0000000000000000
RBX: 0x0000019869C77AB0
RCX: 0x0000019869C77AB0
RDX: 0x0000000000000000
RSI: 0x0000000000000000
RDI: 0x0000019869C77AB0
RBP: 0x0000006D39CDF600
R8: 0x0000000000000000
R9: 0x000000000000000E
R10: 0x00007FF690A2AA98
R11: 0x0000006D39CDF4E0
R12: 0x0000000000000000
R13: 0x0000000000500000
R14: 0x0000000000000000
R15: 0x0000000000000000
Fighter correlations:
RCX -> Slot 0 / Gen 1
RDX -> —
[00:24:11] HARDWARE WRITE TRAP
Sequence: 449
TraceSessionId: 639214175255927292
WatchId: 639214175255927293
ThreadId: 23268
TrapRip: 0x00007FF68FAFCC99
NormalizedTrapRip / code context: NativeProbe | DBXV2.exe+0xBCC99 | code[-32,+16]=0085C075580F57D20F2FF27250F30F58B3000100000F2FF2F30F11B300010000720FF30F108304010000F30F5DC60F28
WatchedAddress: 0x0000019869C77BB0
AccessWidth: 4
AccessType: Write
XMM0.scalar: 0 (0x00000000)
XMM6.scalar: 333.03891 (0x43A684FB)
DR6: 0x00000000FFFF0FF1
DR7: 0x00000000000D0401
RAX: 0x0000000000000000
RBX: 0x0000019869C77AB0
RCX: 0x0000019869C77AB0
RDX: 0x0000000000000000
RSI: 0x0000000000000000
RDI: 0x0000019869C77AB0
RBP: 0x0000006D39DDFB50
R8: 0x0000000000000000
R9: 0x000000000000000E
R10: 0x00007FF690A2AA98
R11: 0x0000006D39DDFA30
R12: 0x0000000000000000
R13: 0x0000000000500000
R14: 0x0000000000000000
R15: 0x0000000000000000
Fighter correlations:
RCX -> Slot 0 / Gen 1
RDX -> —
[00:24:11] HARDWARE WRITE TRAP
Sequence: 450
TraceSessionId: 639214175255927292
WatchId: 639214175255927293
ThreadId: 23268
TrapRip: 0x00007FF68FAFCCC5
NormalizedTrapRip / code context: NativeProbe | DBXV2.exe+0xBCCC5 | code[-32,+16]=5DC60F28D0F30F108B040100000F28C2F30F588308010000F30F1193000100000F2FC1760CF30F5CCAF30F118B080100
WatchedAddress: 0x0000019869C77BB0
AccessWidth: 4
AccessType: Write
XMM0.scalar: 333.03891 (0x43A684FB)
XMM6.scalar: 333.03891 (0x43A684FB)
DR6: 0x00000000FFFF0FF1
DR7: 0x00000000000D0401
RAX: 0x0000000000000000
RBX: 0x0000019869C77AB0
RCX: 0x0000019869C77AB0
RDX: 0x0000000000000000
RSI: 0x0000000000000000
RDI: 0x0000019869C77AB0
RBP: 0x0000006D39DDFB50
R8: 0x0000000000000000
R9: 0x000000000000000E
R10: 0x00007FF690A2AA98
R11: 0x0000006D39DDFA30
R12: 0x0000000000000000
R13: 0x0000000000500000
R14: 0x0000000000000000
R15: 0x0000000000000000
Fighter correlations:
RCX -> Slot 0 / Gen 1
RDX -> —
[00:24:11] HARDWARE WRITE TRAP
Sequence: 451
TraceSessionId: 639214175255927292
WatchId: 639214175255927293
ThreadId: 16992
TrapRip: 0x00007FF68FAFCC99
NormalizedTrapRip / code context: NativeProbe | DBXV2.exe+0xBCC99 | code[-32,+16]=0085C075580F57D20F2FF27250F30F58B3000100000F2FF2F30F11B300010000720FF30F108304010000F30F5DC60F28
WatchedAddress: 0x0000019869C77BB0
AccessWidth: 4
AccessType: Write
XMM0.scalar: 0 (0x00000000)
XMM6.scalar: 333.03891 (0x43A684FB)
DR6: 0x00000000FFFF0FF1
DR7: 0x00000000000D0401
RAX: 0x0000000000000000
RBX: 0x0000019869C77AB0
RCX: 0x0000019869C77AB0
RDX: 0x0000000000000000
RSI: 0x0000000000000000
RDI: 0x0000019869C77AB0
RBP: 0x0000006D398DFA20
R8: 0x0000000000000000
R9: 0x000000000000000E
R10: 0x00007FF690A2AA98
R11: 0x0000006D398DF900
R12: 0x0000000000000000
R13: 0x0000000000500000
R14: 0x0000000000000000
R15: 0x0000000000000000
Fighter correlations:
RCX -> Slot 0 / Gen 1
RDX -> —
[00:24:11] HARDWARE WRITE TRAP
Sequence: 452
TraceSessionId: 639214175255927292
WatchId: 639214175255927293
ThreadId: 16992
TrapRip: 0x00007FF68FAFCCC5
NormalizedTrapRip / code context: NativeProbe | DBXV2.exe+0xBCCC5 | code[-32,+16]=5DC60F28D0F30F108B040100000F28C2F30F588308010000F30F1193000100000F2FC1760CF30F5CCAF30F118B080100
WatchedAddress: 0x0000019869C77BB0
AccessWidth: 4
AccessType: Write
XMM0.scalar: 333.03891 (0x43A684FB)
XMM6.scalar: 333.03891 (0x43A684FB)
DR6: 0x00000000FFFF0FF1
DR7: 0x00000000000D0401
RAX: 0x0000000000000000
RBX: 0x0000019869C77AB0
RCX: 0x0000019869C77AB0
RDX: 0x0000000000000000
RSI: 0x0000000000000000
RDI: 0x0000019869C77AB0
RBP: 0x0000006D398DFA20
R8: 0x0000000000000000
R9: 0x000000000000000E
R10: 0x00007FF690A2AA98
R11: 0x0000006D398DF900
R12: 0x0000000000000000
R13: 0x0000000000500000
R14: 0x0000000000000000
R15: 0x0000000000000000
Fighter correlations:
RCX -> Slot 0 / Gen 1
RDX -> —
[00:24:11] HARDWARE WRITE TRAP
Sequence: 453
TraceSessionId: 639214175255927292
WatchId: 639214175255927293
ThreadId: 18620
TrapRip: 0x00007FF68FAFCC99
NormalizedTrapRip / code context: NativeProbe | DBXV2.exe+0xBCC99 | code[-32,+16]=0085C075580F57D20F2FF27250F30F58B3000100000F2FF2F30F11B300010000720FF30F108304010000F30F5DC60F28
WatchedAddress: 0x0000019869C77BB0
AccessWidth: 4
AccessType: Write
XMM0.scalar: 0 (0x00000000)
XMM6.scalar: 333.03891 (0x43A684FB)
DR6: 0x00000000FFFF0FF1
DR7: 0x00000000000D0401
RAX: 0x0000000000000000
RBX: 0x0000019869C77AB0
RCX: 0x0000019869C77AB0
RDX: 0x0000000000000000
RSI: 0x0000000000000000
RDI: 0x0000019869C77AB0
RBP: 0x0000006D39CDF600
R8: 0x0000000000000000
R9: 0x000000000000000E
R10: 0x00007FF690A2AA98
R11: 0x0000006D39CDF4E0
R12: 0x0000000000000000
R13: 0x0000000000500000
R14: 0x0000000000000000
R15: 0x0000000000000000
Fighter correlations:
RCX -> Slot 0 / Gen 1
RDX -> —
[00:24:11] HARDWARE WRITE TRAP
Sequence: 454
TraceSessionId: 639214175255927292
WatchId: 639214175255927293
ThreadId: 18620
TrapRip: 0x00007FF68FAFCCC5
NormalizedTrapRip / code context: NativeProbe | DBXV2.exe+0xBCCC5 | code[-32,+16]=5DC60F28D0F30F108B040100000F28C2F30F588308010000F30F1193000100000F2FC1760CF30F5CCAF30F118B080100
WatchedAddress: 0x0000019869C77BB0
AccessWidth: 4
AccessType: Write
XMM0.scalar: 333.03891 (0x43A684FB)
XMM6.scalar: 333.03891 (0x43A684FB)
DR6: 0x00000000FFFF0FF1
DR7: 0x00000000000D0401
RAX: 0x0000000000000000
RBX: 0x0000019869C77AB0
RCX: 0x0000019869C77AB0
RDX: 0x0000000000000000
RSI: 0x0000000000000000
RDI: 0x0000019869C77AB0
RBP: 0x0000006D39CDF600
R8: 0x0000000000000000
R9: 0x000000000000000E
R10: 0x00007FF690A2AA98
R11: 0x0000006D39CDF4E0
R12: 0x0000000000000000
R13: 0x0000000000500000
R14: 0x0000000000000000
R15: 0x0000000000000000
Fighter correlations:
RCX -> Slot 0 / Gen 1
RDX -> —
[00:24:11] HARDWARE WRITE TRAP
Sequence: 455
TraceSessionId: 639214175255927292
WatchId: 639214175255927293
ThreadId: 11196
TrapRip: 0x00007FF68FAFCC99
NormalizedTrapRip / code context: NativeProbe | DBXV2.exe+0xBCC99 | code[-32,+16]=0085C075580F57D20F2FF27250F30F58B3000100000F2FF2F30F11B300010000720FF30F108304010000F30F5DC60F28
WatchedAddress: 0x0000019869C77BB0
AccessWidth: 4
AccessType: Write
XMM0.scalar: 0 (0x00000000)
XMM6.scalar: 333.03891 (0x43A684FB)
DR6: 0x00000000FFFF0FF1
DR7: 0x00000000000D0401
RAX: 0x0000000000000000
RBX: 0x0000019869C77AB0
RCX: 0x0000019869C77AB0
RDX: 0x0000000000000000
RSI: 0x0000000000000000
RDI: 0x0000019869C77AB0
RBP: 0x0000006D399DFA10
R8: 0x0000000000000000
R9: 0x000000000000000E
R10: 0x00007FF690A2AA98
R11: 0x0000006D399DF8F0
R12: 0x0000000000000000
R13: 0x0000000000500000
R14: 0x0000000000000000
R15: 0x0000000000000000
Fighter correlations:
RCX -> Slot 0 / Gen 1
RDX -> —
[00:24:11] HARDWARE WRITE TRAP
Sequence: 456
TraceSessionId: 639214175255927292
WatchId: 639214175255927293
ThreadId: 11196
TrapRip: 0x00007FF68FAFCCC5
NormalizedTrapRip / code context: NativeProbe | DBXV2.exe+0xBCCC5 | code[-32,+16]=5DC60F28D0F30F108B040100000F28C2F30F588308010000F30F1193000100000F2FC1760CF30F5CCAF30F118B080100
WatchedAddress: 0x0000019869C77BB0
AccessWidth: 4
AccessType: Write
XMM0.scalar: 333.03891 (0x43A684FB)
XMM6.scalar: 333.03891 (0x43A684FB)
DR6: 0x00000000FFFF0FF1
DR7: 0x00000000000D0401
RAX: 0x0000000000000000
RBX: 0x0000019869C77AB0
RCX: 0x0000019869C77AB0
RDX: 0x0000000000000000
RSI: 0x0000000000000000
RDI: 0x0000019869C77AB0
RBP: 0x0000006D399DFA10
R8: 0x0000000000000000
R9: 0x000000000000000E
R10: 0x00007FF690A2AA98
R11: 0x0000006D399DF8F0
R12: 0x0000000000000000
R13: 0x0000000000500000
R14: 0x0000000000000000
R15: 0x0000000000000000
Fighter correlations:
RCX -> Slot 0 / Gen 1
RDX -> —
[00:24:11] HARDWARE WRITE TRAP
Sequence: 457
TraceSessionId: 639214175255927292
WatchId: 639214175255927293
ThreadId: 16992
TrapRip: 0x00007FF68FAFCC99
NormalizedTrapRip / code context: NativeProbe | DBXV2.exe+0xBCC99 | code[-32,+16]=0085C075580F57D20F2FF27250F30F58B3000100000F2FF2F30F11B300010000720FF30F108304010000F30F5DC60F28
WatchedAddress: 0x0000019869C77BB0
AccessWidth: 4
AccessType: Write
XMM0.scalar: 0 (0x00000000)
XMM6.scalar: 333.03891 (0x43A684FB)
DR6: 0x00000000FFFF0FF1
DR7: 0x00000000000D0401
RAX: 0x0000000000000000
RBX: 0x0000019869C77AB0
RCX: 0x0000019869C77AB0
RDX: 0x0000000000000000
RSI: 0x0000000000000000
RDI: 0x0000019869C77AB0
RBP: 0x0000006D398DFA20
R8: 0x0000000000000000
R9: 0x000000000000000E
R10: 0x00007FF690A2AA98
R11: 0x0000006D398DF900
R12: 0x0000000000000000
R13: 0x0000000000500000
R14: 0x0000000000000000
R15: 0x0000000000000000
Fighter correlations:
RCX -> Slot 0 / Gen 1
RDX -> —
[00:24:11] HARDWARE WRITE TRAP
Sequence: 458
TraceSessionId: 639214175255927292
WatchId: 639214175255927293
ThreadId: 16992
TrapRip: 0x00007FF68FAFCCC5
NormalizedTrapRip / code context: NativeProbe | DBXV2.exe+0xBCCC5 | code[-32,+16]=5DC60F28D0F30F108B040100000F28C2F30F588308010000F30F1193000100000F2FC1760CF30F5CCAF30F118B080100
WatchedAddress: 0x0000019869C77BB0
AccessWidth: 4
AccessType: Write
XMM0.scalar: 333.03891 (0x43A684FB)
XMM6.scalar: 333.03891 (0x43A684FB)
DR6: 0x00000000FFFF0FF1
DR7: 0x00000000000D0401
RAX: 0x0000000000000000
RBX: 0x0000019869C77AB0
RCX: 0x0000019869C77AB0
RDX: 0x0000000000000000
RSI: 0x0000000000000000
RDI: 0x0000019869C77AB0
RBP: 0x0000006D398DFA20
R8: 0x0000000000000000
R9: 0x000000000000000E
R10: 0x00007FF690A2AA98
R11: 0x0000006D398DF900
R12: 0x0000000000000000
R13: 0x0000000000500000
R14: 0x0000000000000000
R15: 0x0000000000000000
Fighter correlations:
RCX -> Slot 0 / Gen 1
RDX -> —
[00:24:11] HARDWARE WRITE TRAP
Sequence: 459
TraceSessionId: 639214175255927292
WatchId: 639214175255927293
ThreadId: 11196
TrapRip: 0x00007FF68FAFCC99
NormalizedTrapRip / code context: NativeProbe | DBXV2.exe+0xBCC99 | code[-32,+16]=0085C075580F57D20F2FF27250F30F58B3000100000F2FF2F30F11B300010000720FF30F108304010000F30F5DC60F28
WatchedAddress: 0x0000019869C77BB0
AccessWidth: 4
AccessType: Write
XMM0.scalar: 0 (0x00000000)
XMM6.scalar: 333.03891 (0x43A684FB)
DR6: 0x00000000FFFF0FF1
DR7: 0x00000000000D0401
RAX: 0x0000000000000000
RBX: 0x0000019869C77AB0
RCX: 0x0000019869C77AB0
RDX: 0x0000000000000000
RSI: 0x0000000000000000
RDI: 0x0000019869C77AB0
RBP: 0x0000006D399DFA10
R8: 0x0000000000000000
R9: 0x000000000000000E
R10: 0x00007FF690A2AA98
R11: 0x0000006D399DF8F0
R12: 0x0000000000000000
R13: 0x0000000000500000
R14: 0x0000000000000000
R15: 0x0000000000000000
Fighter correlations:
RCX -> Slot 0 / Gen 1
RDX -> —
[00:24:11] HARDWARE WRITE TRAP
Sequence: 460
TraceSessionId: 639214175255927292
WatchId: 639214175255927293
ThreadId: 11196
TrapRip: 0x00007FF68FAFCCC5
NormalizedTrapRip / code context: NativeProbe | DBXV2.exe+0xBCCC5 | code[-32,+16]=5DC60F28D0F30F108B040100000F28C2F30F588308010000F30F1193000100000F2FC1760CF30F5CCAF30F118B080100
WatchedAddress: 0x0000019869C77BB0
AccessWidth: 4
AccessType: Write
XMM0.scalar: 333.03891 (0x43A684FB)
XMM6.scalar: 333.03891 (0x43A684FB)
DR6: 0x00000000FFFF0FF1
DR7: 0x00000000000D0401
RAX: 0x0000000000000000
RBX: 0x0000019869C77AB0
RCX: 0x0000019869C77AB0
RDX: 0x0000000000000000
RSI: 0x0000000000000000
RDI: 0x0000019869C77AB0
RBP: 0x0000006D399DFA10
R8: 0x0000000000000000
R9: 0x000000000000000E
R10: 0x00007FF690A2AA98
R11: 0x0000006D399DF8F0
R12: 0x0000000000000000
R13: 0x0000000000500000
R14: 0x0000000000000000
R15: 0x0000000000000000
Fighter correlations:
RCX -> Slot 0 / Gen 1
RDX -> —
[00:24:11] HARDWARE WRITE TRAP
Sequence: 461
TraceSessionId: 639214175255927292
WatchId: 639214175255927293
ThreadId: 23268
TrapRip: 0x00007FF68FAFCC99
NormalizedTrapRip / code context: NativeProbe | DBXV2.exe+0xBCC99 | code[-32,+16]=0085C075580F57D20F2FF27250F30F58B3000100000F2FF2F30F11B300010000720FF30F108304010000F30F5DC60F28
WatchedAddress: 0x0000019869C77BB0
AccessWidth: 4
AccessType: Write
XMM0.scalar: 0 (0x00000000)
XMM6.scalar: 333.03891 (0x43A684FB)
DR6: 0x00000000FFFF0FF1
DR7: 0x00000000000D0401
RAX: 0x0000000000000000
RBX: 0x0000019869C77AB0
RCX: 0x0000019869C77AB0
RDX: 0x0000000000000000
RSI: 0x0000000000000000
RDI: 0x0000019869C77AB0
RBP: 0x0000006D39DDFB50
R8: 0x0000000000000000
R9: 0x000000000000000E
R10: 0x00007FF690A2AA98
R11: 0x0000006D39DDFA30
R12: 0x0000000000000000
R13: 0x0000000000500000
R14: 0x0000000000000000
R15: 0x0000000000000000
Fighter correlations:
RCX -> Slot 0 / Gen 1
RDX -> —
[00:24:11] HARDWARE WRITE TRAP
Sequence: 462
TraceSessionId: 639214175255927292
WatchId: 639214175255927293
ThreadId: 23268
TrapRip: 0x00007FF68FAFCCC5
NormalizedTrapRip / code context: NativeProbe | DBXV2.exe+0xBCCC5 | code[-32,+16]=5DC60F28D0F30F108B040100000F28C2F30F588308010000F30F1193000100000F2FC1760CF30F5CCAF30F118B080100
WatchedAddress: 0x0000019869C77BB0
AccessWidth: 4
AccessType: Write
XMM0.scalar: 333.03891 (0x43A684FB)
XMM6.scalar: 333.03891 (0x43A684FB)
DR6: 0x00000000FFFF0FF1
DR7: 0x00000000000D0401
RAX: 0x0000000000000000
RBX: 0x0000019869C77AB0
RCX: 0x0000019869C77AB0
RDX: 0x0000000000000000
RSI: 0x0000000000000000
RDI: 0x0000019869C77AB0
RBP: 0x0000006D39DDFB50
R8: 0x0000000000000000
R9: 0x000000000000000E
R10: 0x00007FF690A2AA98
R11: 0x0000006D39DDFA30
R12: 0x0000000000000000
R13: 0x0000000000500000
R14: 0x0000000000000000
R15: 0x0000000000000000
Fighter correlations:
RCX -> Slot 0 / Gen 1
RDX -> —
[00:24:11] HARDWARE WRITE TRAP
Sequence: 463
TraceSessionId: 639214175255927292
WatchId: 639214175255927293
ThreadId: 17612
TrapRip: 0x00007FF68FAFCC99
NormalizedTrapRip / code context: NativeProbe | DBXV2.exe+0xBCC99 | code[-32,+16]=0085C075580F57D20F2FF27250F30F58B3000100000F2FF2F30F11B300010000720FF30F108304010000F30F5DC60F28
WatchedAddress: 0x0000019869C77BB0
AccessWidth: 4
AccessType: Write
XMM0.scalar: 0 (0x00000000)
XMM6.scalar: 333.03891 (0x43A684FB)
DR6: 0x00000000FFFF0FF1
DR7: 0x00000000000D0401
RAX: 0x0000000000000000
RBX: 0x0000019869C77AB0
RCX: 0x0000019869C77AB0
RDX: 0x0000000000000000
RSI: 0x0000000000000000
RDI: 0x0000019869C77AB0
RBP: 0x0000006D39EDFAA0
R8: 0x0000000000000000
R9: 0x000000000000000E
R10: 0x00007FF690A2AA98
R11: 0x0000006D39EDF980
R12: 0x0000000000000000
R13: 0x0000000000500000
R14: 0x0000000000000000
R15: 0x0000000000000000
Fighter correlations:
RCX -> Slot 0 / Gen 1
RDX -> —
[00:24:11] HARDWARE WRITE TRAP
Sequence: 464
TraceSessionId: 639214175255927292
WatchId: 639214175255927293
ThreadId: 17612
TrapRip: 0x00007FF68FAFCCC5
NormalizedTrapRip / code context: NativeProbe | DBXV2.exe+0xBCCC5 | code[-32,+16]=5DC60F28D0F30F108B040100000F28C2F30F588308010000F30F1193000100000F2FC1760CF30F5CCAF30F118B080100
WatchedAddress: 0x0000019869C77BB0
AccessWidth: 4
AccessType: Write
XMM0.scalar: 333.03891 (0x43A684FB)
XMM6.scalar: 333.03891 (0x43A684FB)
DR6: 0x00000000FFFF0FF1
DR7: 0x00000000000D0401
RAX: 0x0000000000000000
RBX: 0x0000019869C77AB0
RCX: 0x0000019869C77AB0
RDX: 0x0000000000000000
RSI: 0x0000000000000000
RDI: 0x0000019869C77AB0
RBP: 0x0000006D39EDFAA0
R8: 0x0000000000000000
R9: 0x000000000000000E
R10: 0x00007FF690A2AA98
R11: 0x0000006D39EDF980
R12: 0x0000000000000000
R13: 0x0000000000500000
R14: 0x0000000000000000
R15: 0x0000000000000000
Fighter correlations:
RCX -> Slot 0 / Gen 1
RDX -> —
[00:24:11] HARDWARE WRITE TRAP
Sequence: 465
TraceSessionId: 639214175255927292
WatchId: 639214175255927293
ThreadId: 16992
TrapRip: 0x00007FF68FAFCC99
NormalizedTrapRip / code context: NativeProbe | DBXV2.exe+0xBCC99 | code[-32,+16]=0085C075580F57D20F2FF27250F30F58B3000100000F2FF2F30F11B300010000720FF30F108304010000F30F5DC60F28
WatchedAddress: 0x0000019869C77BB0
AccessWidth: 4
AccessType: Write
XMM0.scalar: 0 (0x00000000)
XMM6.scalar: 333.03891 (0x43A684FB)
DR6: 0x00000000FFFF0FF1
DR7: 0x00000000000D0401
RAX: 0x0000000000000000
RBX: 0x0000019869C77AB0
RCX: 0x0000019869C77AB0
RDX: 0x0000000000000000
RSI: 0x0000000000000000
RDI: 0x0000019869C77AB0
RBP: 0x0000006D398DFA20
R8: 0x0000000000000000
R9: 0x000000000000000E
R10: 0x00007FF690A2AA98
R11: 0x0000006D398DF900
R12: 0x0000000000000000
R13: 0x0000000000500000
R14: 0x0000000000000000
R15: 0x0000000000000000
Fighter correlations:
RCX -> Slot 0 / Gen 1
RDX -> —
[00:24:11] HARDWARE WRITE TRAP
Sequence: 466
TraceSessionId: 639214175255927292
WatchId: 639214175255927293
ThreadId: 16992
TrapRip: 0x00007FF68FAFCCC5
NormalizedTrapRip / code context: NativeProbe | DBXV2.exe+0xBCCC5 | code[-32,+16]=5DC60F28D0F30F108B040100000F28C2F30F588308010000F30F1193000100000F2FC1760CF30F5CCAF30F118B080100
WatchedAddress: 0x0000019869C77BB0
AccessWidth: 4
AccessType: Write
XMM0.scalar: 333.03891 (0x43A684FB)
XMM6.scalar: 333.03891 (0x43A684FB)
DR6: 0x00000000FFFF0FF1
DR7: 0x00000000000D0401
RAX: 0x0000000000000000
RBX: 0x0000019869C77AB0
RCX: 0x0000019869C77AB0
RDX: 0x0000000000000000
RSI: 0x0000000000000000
RDI: 0x0000019869C77AB0
RBP: 0x0000006D398DFA20
R8: 0x0000000000000000
R9: 0x000000000000000E
R10: 0x00007FF690A2AA98
R11: 0x0000006D398DF900
R12: 0x0000000000000000
R13: 0x0000000000500000
R14: 0x0000000000000000
R15: 0x0000000000000000
Fighter correlations:
RCX -> Slot 0 / Gen 1
RDX -> —
[00:24:11] HARDWARE WRITE TRAP
Sequence: 467
TraceSessionId: 639214175255927292
WatchId: 639214175255927293
ThreadId: 23268
TrapRip: 0x00007FF68FAFCC99
NormalizedTrapRip / code context: NativeProbe | DBXV2.exe+0xBCC99 | code[-32,+16]=0085C075580F57D20F2FF27250F30F58B3000100000F2FF2F30F11B300010000720FF30F108304010000F30F5DC60F28
WatchedAddress: 0x0000019869C77BB0
AccessWidth: 4
AccessType: Write
XMM0.scalar: 0 (0x00000000)
XMM6.scalar: 333.03891 (0x43A684FB)
DR6: 0x00000000FFFF0FF1
DR7: 0x00000000000D0401
RAX: 0x0000000000000000
RBX: 0x0000019869C77AB0
RCX: 0x0000019869C77AB0
RDX: 0x0000000000000000
RSI: 0x0000000000000000
RDI: 0x0000019869C77AB0
RBP: 0x0000006D39DDFB50
R8: 0x0000000000000000
R9: 0x000000000000000E
R10: 0x00007FF690A2AA98
R11: 0x0000006D39DDFA30
R12: 0x0000000000000000
R13: 0x0000000000500000
R14: 0x0000000000000000
R15: 0x0000000000000000
Fighter correlations:
RCX -> Slot 0 / Gen 1
RDX -> —
[00:24:11] HARDWARE WRITE TRAP
Sequence: 468
TraceSessionId: 639214175255927292
WatchId: 639214175255927293
ThreadId: 23268
TrapRip: 0x00007FF68FAFCCC5
NormalizedTrapRip / code context: NativeProbe | DBXV2.exe+0xBCCC5 | code[-32,+16]=5DC60F28D0F30F108B040100000F28C2F30F588308010000F30F1193000100000F2FC1760CF30F5CCAF30F118B080100
WatchedAddress: 0x0000019869C77BB0
AccessWidth: 4
AccessType: Write
XMM0.scalar: 333.03891 (0x43A684FB)
XMM6.scalar: 333.03891 (0x43A684FB)
DR6: 0x00000000FFFF0FF1
DR7: 0x00000000000D0401
RAX: 0x0000000000000000
RBX: 0x0000019869C77AB0
RCX: 0x0000019869C77AB0
RDX: 0x0000000000000000
RSI: 0x0000000000000000
RDI: 0x0000019869C77AB0
RBP: 0x0000006D39DDFB50
R8: 0x0000000000000000
R9: 0x000000000000000E
R10: 0x00007FF690A2AA98
R11: 0x0000006D39DDFA30
R12: 0x0000000000000000
R13: 0x0000000000500000
R14: 0x0000000000000000
R15: 0x0000000000000000
Fighter correlations:
RCX -> Slot 0 / Gen 1
RDX -> —
[00:24:11] HARDWARE WRITE TRAP
Sequence: 469
TraceSessionId: 639214175255927292
WatchId: 639214175255927293
ThreadId: 23268
TrapRip: 0x00007FF68FAFCC99
NormalizedTrapRip / code context: NativeProbe | DBXV2.exe+0xBCC99 | code[-32,+16]=0085C075580F57D20F2FF27250F30F58B3000100000F2FF2F30F11B300010000720FF30F108304010000F30F5DC60F28
WatchedAddress: 0x0000019869C77BB0
AccessWidth: 4
AccessType: Write
XMM0.scalar: 0 (0x00000000)
XMM6.scalar: 333.03891 (0x43A684FB)
DR6: 0x00000000FFFF0FF1
DR7: 0x00000000000D0401
RAX: 0x0000000000000000
RBX: 0x0000019869C77AB0
RCX: 0x0000019869C77AB0
RDX: 0x0000000000000000
RSI: 0x0000000000000000
RDI: 0x0000019869C77AB0
RBP: 0x0000006D39DDFB50
R8: 0x0000000000000000
R9: 0x000000000000000E
R10: 0x00007FF690A2AA98
R11: 0x0000006D39DDFA30
R12: 0x0000000000000000
R13: 0x0000000000500000
R14: 0x0000000000000000
R15: 0x0000000000000000
Fighter correlations:
RCX -> Slot 0 / Gen 1
RDX -> —
[00:24:11] HARDWARE WRITE TRAP
Sequence: 470
TraceSessionId: 639214175255927292
WatchId: 639214175255927293
ThreadId: 23268
TrapRip: 0x00007FF68FAFCCC5
NormalizedTrapRip / code context: NativeProbe | DBXV2.exe+0xBCCC5 | code[-32,+16]=5DC60F28D0F30F108B040100000F28C2F30F588308010000F30F1193000100000F2FC1760CF30F5CCAF30F118B080100
WatchedAddress: 0x0000019869C77BB0
AccessWidth: 4
AccessType: Write
XMM0.scalar: 333.03891 (0x43A684FB)
XMM6.scalar: 333.03891 (0x43A684FB)
DR6: 0x00000000FFFF0FF1
DR7: 0x00000000000D0401
RAX: 0x0000000000000000
RBX: 0x0000019869C77AB0
RCX: 0x0000019869C77AB0
RDX: 0x0000000000000000
RSI: 0x0000000000000000
RDI: 0x0000019869C77AB0
RBP: 0x0000006D39DDFB50
R8: 0x0000000000000000
R9: 0x000000000000000E
R10: 0x00007FF690A2AA98
R11: 0x0000006D39DDFA30
R12: 0x0000000000000000
R13: 0x0000000000500000
R14: 0x0000000000000000
R15: 0x0000000000000000
Fighter correlations:
RCX -> Slot 0 / Gen 1
RDX -> —
[00:24:11] HARDWARE WRITE TRAP
Sequence: 471
TraceSessionId: 639214175255927292
WatchId: 639214175255927293
ThreadId: 17612
TrapRip: 0x00007FF68FAFCC99
NormalizedTrapRip / code context: NativeProbe | DBXV2.exe+0xBCC99 | code[-32,+16]=0085C075580F57D20F2FF27250F30F58B3000100000F2FF2F30F11B300010000720FF30F108304010000F30F5DC60F28
WatchedAddress: 0x0000019869C77BB0
AccessWidth: 4
AccessType: Write
XMM0.scalar: 0 (0x00000000)
XMM6.scalar: 333.03891 (0x43A684FB)
DR6: 0x00000000FFFF0FF1
DR7: 0x00000000000D0401
RAX: 0x0000000000000000
RBX: 0x0000019869C77AB0
RCX: 0x0000019869C77AB0
RDX: 0x0000000000000000
RSI: 0x0000000000000000
RDI: 0x0000019869C77AB0
RBP: 0x0000006D39EDFAA0
R8: 0x0000000000000000
R9: 0x000000000000000E
R10: 0x00007FF690A2AA98
R11: 0x0000006D39EDF980
R12: 0x0000000000000000
R13: 0x0000000000500000
R14: 0x0000000000000000
R15: 0x0000000000000000
Fighter correlations:
RCX -> Slot 0 / Gen 1
RDX -> —
[00:24:11] HARDWARE WRITE TRAP
Sequence: 472
TraceSessionId: 639214175255927292
WatchId: 639214175255927293
ThreadId: 17612
TrapRip: 0x00007FF68FAFCCC5
NormalizedTrapRip / code context: NativeProbe | DBXV2.exe+0xBCCC5 | code[-32,+16]=5DC60F28D0F30F108B040100000F28C2F30F588308010000F30F1193000100000F2FC1760CF30F5CCAF30F118B080100
WatchedAddress: 0x0000019869C77BB0
AccessWidth: 4
AccessType: Write
XMM0.scalar: 333.03891 (0x43A684FB)
XMM6.scalar: 333.03891 (0x43A684FB)
DR6: 0x00000000FFFF0FF1
DR7: 0x00000000000D0401
RAX: 0x0000000000000000
RBX: 0x0000019869C77AB0
RCX: 0x0000019869C77AB0
RDX: 0x0000000000000000
RSI: 0x0000000000000000
RDI: 0x0000019869C77AB0
RBP: 0x0000006D39EDFAA0
R8: 0x0000000000000000
R9: 0x000000000000000E
R10: 0x00007FF690A2AA98
R11: 0x0000006D39EDF980
R12: 0x0000000000000000
R13: 0x0000000000500000
R14: 0x0000000000000000
R15: 0x0000000000000000
Fighter correlations:
RCX -> Slot 0 / Gen 1
RDX -> —
[00:24:11] HARDWARE WRITE TRAP
Sequence: 473
TraceSessionId: 639214175255927292
WatchId: 639214175255927293
ThreadId: 23268
TrapRip: 0x00007FF68FAFCC99
NormalizedTrapRip / code context: NativeProbe | DBXV2.exe+0xBCC99 | code[-32,+16]=0085C075580F57D20F2FF27250F30F58B3000100000F2FF2F30F11B300010000720FF30F108304010000F30F5DC60F28
WatchedAddress: 0x0000019869C77BB0
AccessWidth: 4
AccessType: Write
XMM0.scalar: 0 (0x00000000)
XMM6.scalar: 333.03891 (0x43A684FB)
DR6: 0x00000000FFFF0FF1
DR7: 0x00000000000D0401
RAX: 0x0000000000000000
RBX: 0x0000019869C77AB0
RCX: 0x0000019869C77AB0
RDX: 0x0000000000000000
RSI: 0x0000000000000000
RDI: 0x0000019869C77AB0
RBP: 0x0000006D39DDFB50
R8: 0x0000000000000000
R9: 0x000000000000000E
R10: 0x00007FF690A2AA98
R11: 0x0000006D39DDFA30
R12: 0x0000000000000000
R13: 0x0000000000500000
R14: 0x0000000000000000
R15: 0x0000000000000000
Fighter correlations:
RCX -> Slot 0 / Gen 1
RDX -> —
[00:24:11] HARDWARE WRITE TRAP
Sequence: 474
TraceSessionId: 639214175255927292
WatchId: 639214175255927293
ThreadId: 23268
TrapRip: 0x00007FF68FAFCCC5
NormalizedTrapRip / code context: NativeProbe | DBXV2.exe+0xBCCC5 | code[-32,+16]=5DC60F28D0F30F108B040100000F28C2F30F588308010000F30F1193000100000F2FC1760CF30F5CCAF30F118B080100
WatchedAddress: 0x0000019869C77BB0
AccessWidth: 4
AccessType: Write
XMM0.scalar: 333.03891 (0x43A684FB)
XMM6.scalar: 333.03891 (0x43A684FB)
DR6: 0x00000000FFFF0FF1
DR7: 0x00000000000D0401
RAX: 0x0000000000000000
RBX: 0x0000019869C77AB0
RCX: 0x0000019869C77AB0
RDX: 0x0000000000000000
RSI: 0x0000000000000000
RDI: 0x0000019869C77AB0
RBP: 0x0000006D39DDFB50
R8: 0x0000000000000000
R9: 0x000000000000000E
R10: 0x00007FF690A2AA98
R11: 0x0000006D39DDFA30
R12: 0x0000000000000000
R13: 0x0000000000500000
R14: 0x0000000000000000
R15: 0x0000000000000000
Fighter correlations:
RCX -> Slot 0 / Gen 1
RDX -> —
[00:24:11] HARDWARE WRITE TRAP
Sequence: 475
TraceSessionId: 639214175255927292
WatchId: 639214175255927293
ThreadId: 16992
TrapRip: 0x00007FF68FAFCC99
NormalizedTrapRip / code context: NativeProbe | DBXV2.exe+0xBCC99 | code[-32,+16]=0085C075580F57D20F2FF27250F30F58B3000100000F2FF2F30F11B300010000720FF30F108304010000F30F5DC60F28
WatchedAddress: 0x0000019869C77BB0
AccessWidth: 4
AccessType: Write
XMM0.scalar: 0 (0x00000000)
XMM6.scalar: 333.03891 (0x43A684FB)
DR6: 0x00000000FFFF0FF1
DR7: 0x00000000000D0401
RAX: 0x0000000000000000
RBX: 0x0000019869C77AB0
RCX: 0x0000019869C77AB0
RDX: 0x0000000000000000
RSI: 0x0000000000000000
RDI: 0x0000019869C77AB0
RBP: 0x0000006D398DFA20
R8: 0x0000000000000000
R9: 0x000000000000000E
R10: 0x00007FF690A2AA98
R11: 0x0000006D398DF900
R12: 0x0000000000000000
R13: 0x0000000000500000
R14: 0x0000000000000000
R15: 0x0000000000000000
Fighter correlations:
RCX -> Slot 0 / Gen 1
RDX -> —
[00:24:11] HARDWARE WRITE TRAP
Sequence: 476
TraceSessionId: 639214175255927292
WatchId: 639214175255927293
ThreadId: 16992
TrapRip: 0x00007FF68FAFCCC5
NormalizedTrapRip / code context: NativeProbe | DBXV2.exe+0xBCCC5 | code[-32,+16]=5DC60F28D0F30F108B040100000F28C2F30F588308010000F30F1193000100000F2FC1760CF30F5CCAF30F118B080100
WatchedAddress: 0x0000019869C77BB0
AccessWidth: 4
AccessType: Write
XMM0.scalar: 333.03891 (0x43A684FB)
XMM6.scalar: 333.03891 (0x43A684FB)
DR6: 0x00000000FFFF0FF1
DR7: 0x00000000000D0401
RAX: 0x0000000000000000
RBX: 0x0000019869C77AB0
RCX: 0x0000019869C77AB0
RDX: 0x0000000000000000
RSI: 0x0000000000000000
RDI: 0x0000019869C77AB0
RBP: 0x0000006D398DFA20
R8: 0x0000000000000000
R9: 0x000000000000000E
R10: 0x00007FF690A2AA98
R11: 0x0000006D398DF900
R12: 0x0000000000000000
R13: 0x0000000000500000
R14: 0x0000000000000000
R15: 0x0000000000000000
Fighter correlations:
RCX -> Slot 0 / Gen 1
RDX -> —
[00:24:11] HARDWARE WRITE TRAP
Sequence: 477
TraceSessionId: 639214175255927292
WatchId: 639214175255927293
ThreadId: 18620
TrapRip: 0x00007FF68FAFCC99
NormalizedTrapRip / code context: NativeProbe | DBXV2.exe+0xBCC99 | code[-32,+16]=0085C075580F57D20F2FF27250F30F58B3000100000F2FF2F30F11B300010000720FF30F108304010000F30F5DC60F28
WatchedAddress: 0x0000019869C77BB0
AccessWidth: 4
AccessType: Write
XMM0.scalar: 0 (0x00000000)
XMM6.scalar: 333.03891 (0x43A684FB)
DR6: 0x00000000FFFF0FF1
DR7: 0x00000000000D0401
RAX: 0x0000000000000000
RBX: 0x0000019869C77AB0
RCX: 0x0000019869C77AB0
RDX: 0x0000000000000000
RSI: 0x0000000000000000
RDI: 0x0000019869C77AB0
RBP: 0x0000006D39CDF600
R8: 0x0000000000000000
R9: 0x000000000000000E
R10: 0x00007FF690A2AA98
R11: 0x0000006D39CDF4E0
R12: 0x0000000000000000
R13: 0x0000000000500000
R14: 0x0000000000000000
R15: 0x0000000000000000
Fighter correlations:
RCX -> Slot 0 / Gen 1
RDX -> —
[00:24:11] HARDWARE WRITE TRAP
Sequence: 478
TraceSessionId: 639214175255927292
WatchId: 639214175255927293
ThreadId: 18620
TrapRip: 0x00007FF68FAFCCC5
NormalizedTrapRip / code context: NativeProbe | DBXV2.exe+0xBCCC5 | code[-32,+16]=5DC60F28D0F30F108B040100000F28C2F30F588308010000F30F1193000100000F2FC1760CF30F5CCAF30F118B080100
WatchedAddress: 0x0000019869C77BB0
AccessWidth: 4
AccessType: Write
XMM0.scalar: 333.03891 (0x43A684FB)
XMM6.scalar: 333.03891 (0x43A684FB)
DR6: 0x00000000FFFF0FF1
DR7: 0x00000000000D0401
RAX: 0x0000000000000000
RBX: 0x0000019869C77AB0
RCX: 0x0000019869C77AB0
RDX: 0x0000000000000000
RSI: 0x0000000000000000
RDI: 0x0000019869C77AB0
RBP: 0x0000006D39CDF600
R8: 0x0000000000000000
R9: 0x000000000000000E
R10: 0x00007FF690A2AA98
R11: 0x0000006D39CDF4E0
R12: 0x0000000000000000
R13: 0x0000000000500000
R14: 0x0000000000000000
R15: 0x0000000000000000
Fighter correlations:
RCX -> Slot 0 / Gen 1
RDX -> —
[00:24:11] HARDWARE WRITE TRAP
Sequence: 479
TraceSessionId: 639214175255927292
WatchId: 639214175255927293
ThreadId: 23268
TrapRip: 0x00007FF68FAFCC99
NormalizedTrapRip / code context: NativeProbe | DBXV2.exe+0xBCC99 | code[-32,+16]=0085C075580F57D20F2FF27250F30F58B3000100000F2FF2F30F11B300010000720FF30F108304010000F30F5DC60F28
WatchedAddress: 0x0000019869C77BB0
AccessWidth: 4
AccessType: Write
XMM0.scalar: 0 (0x00000000)
XMM6.scalar: 333.03891 (0x43A684FB)
DR6: 0x00000000FFFF0FF1
DR7: 0x00000000000D0401
RAX: 0x0000000000000000
RBX: 0x0000019869C77AB0
RCX: 0x0000019869C77AB0
RDX: 0x0000000000000000
RSI: 0x0000000000000000
RDI: 0x0000019869C77AB0
RBP: 0x0000006D39DDFB50
R8: 0x0000000000000000
R9: 0x000000000000000E
R10: 0x00007FF690A2AA98
R11: 0x0000006D39DDFA30
R12: 0x0000000000000000
R13: 0x0000000000500000
R14: 0x0000000000000000
R15: 0x0000000000000000
Fighter correlations:
RCX -> Slot 0 / Gen 1
RDX -> —
[00:24:11] HARDWARE WRITE TRAP
Sequence: 480
TraceSessionId: 639214175255927292
WatchId: 639214175255927293
ThreadId: 23268
TrapRip: 0x00007FF68FAFCCC5
NormalizedTrapRip / code context: NativeProbe | DBXV2.exe+0xBCCC5 | code[-32,+16]=5DC60F28D0F30F108B040100000F28C2F30F588308010000F30F1193000100000F2FC1760CF30F5CCAF30F118B080100
WatchedAddress: 0x0000019869C77BB0
AccessWidth: 4
AccessType: Write
XMM0.scalar: 333.03891 (0x43A684FB)
XMM6.scalar: 333.03891 (0x43A684FB)
DR6: 0x00000000FFFF0FF1
DR7: 0x00000000000D0401
RAX: 0x0000000000000000
RBX: 0x0000019869C77AB0
RCX: 0x0000019869C77AB0
RDX: 0x0000000000000000
RSI: 0x0000000000000000
RDI: 0x0000019869C77AB0
RBP: 0x0000006D39DDFB50
R8: 0x0000000000000000
R9: 0x000000000000000E
R10: 0x00007FF690A2AA98
R11: 0x0000006D39DDFA30
R12: 0x0000000000000000
R13: 0x0000000000500000
R14: 0x0000000000000000
R15: 0x0000000000000000
Fighter correlations:
RCX -> Slot 0 / Gen 1
RDX -> —
[00:24:11] HARDWARE WRITE TRAP
Sequence: 481
TraceSessionId: 639214175255927292
WatchId: 639214175255927293
ThreadId: 23268
TrapRip: 0x00007FF68FAFCC99
NormalizedTrapRip / code context: NativeProbe | DBXV2.exe+0xBCC99 | code[-32,+16]=0085C075580F57D20F2FF27250F30F58B3000100000F2FF2F30F11B300010000720FF30F108304010000F30F5DC60F28
WatchedAddress: 0x0000019869C77BB0
AccessWidth: 4
AccessType: Write
XMM0.scalar: 0 (0x00000000)
XMM6.scalar: 333.03891 (0x43A684FB)
DR6: 0x00000000FFFF0FF1
DR7: 0x00000000000D0401
RAX: 0x0000000000000000
RBX: 0x0000019869C77AB0
RCX: 0x0000019869C77AB0
RDX: 0x0000000000000000
RSI: 0x0000000000000000
RDI: 0x0000019869C77AB0
RBP: 0x0000006D39DDFB50
R8: 0x0000000000000000
R9: 0x000000000000000E
R10: 0x00007FF690A2AA98
R11: 0x0000006D39DDFA30
R12: 0x0000000000000000
R13: 0x0000000000500000
R14: 0x0000000000000000
R15: 0x0000000000000000
Fighter correlations:
RCX -> Slot 0 / Gen 1
RDX -> —
[00:24:11] HARDWARE WRITE TRAP
Sequence: 482
TraceSessionId: 639214175255927292
WatchId: 639214175255927293
ThreadId: 23268
TrapRip: 0x00007FF68FAFCCC5
NormalizedTrapRip / code context: NativeProbe | DBXV2.exe+0xBCCC5 | code[-32,+16]=5DC60F28D0F30F108B040100000F28C2F30F588308010000F30F1193000100000F2FC1760CF30F5CCAF30F118B080100
WatchedAddress: 0x0000019869C77BB0
AccessWidth: 4
AccessType: Write
XMM0.scalar: 333.03891 (0x43A684FB)
XMM6.scalar: 333.03891 (0x43A684FB)
DR6: 0x00000000FFFF0FF1
DR7: 0x00000000000D0401
RAX: 0x0000000000000000
RBX: 0x0000019869C77AB0
RCX: 0x0000019869C77AB0
RDX: 0x0000000000000000
RSI: 0x0000000000000000
RDI: 0x0000019869C77AB0
RBP: 0x0000006D39DDFB50
R8: 0x0000000000000000
R9: 0x000000000000000E
R10: 0x00007FF690A2AA98
R11: 0x0000006D39DDFA30
R12: 0x0000000000000000
R13: 0x0000000000500000
R14: 0x0000000000000000
R15: 0x0000000000000000
Fighter correlations:
RCX -> Slot 0 / Gen 1
RDX -> —
[00:24:11] HARDWARE WRITE TRAP
Sequence: 483
TraceSessionId: 639214175255927292
WatchId: 639214175255927293
ThreadId: 196
TrapRip: 0x00007FF68FAFCC99
NormalizedTrapRip / code context: NativeProbe | DBXV2.exe+0xBCC99 | code[-32,+16]=0085C075580F57D20F2FF27250F30F58B3000100000F2FF2F30F11B300010000720FF30F108304010000F30F5DC60F28
WatchedAddress: 0x0000019869C77BB0
AccessWidth: 4
AccessType: Write
XMM0.scalar: 0 (0x00000000)
XMM6.scalar: 333.03891 (0x43A684FB)
DR6: 0x00000000FFFF0FF1
DR7: 0x00000000000D0401
RAX: 0x0000000000000000
RBX: 0x0000019869C77AB0
RCX: 0x0000019869C77AB0
RDX: 0x0000000000000000
RSI: 0x0000000000000000
RDI: 0x0000019869C77AB0
RBP: 0x0000006D39BDFC80
R8: 0x0000000000000000
R9: 0x000000000000000E
R10: 0x00007FF690A2AA98
R11: 0x0000006D39BDFB60
R12: 0x0000000000000000
R13: 0x0000000000500000
R14: 0x0000000000000000
R15: 0x0000000000000000
Fighter correlations:
RCX -> Slot 0 / Gen 1
RDX -> —
[00:24:11] HARDWARE WRITE TRAP
Sequence: 484
TraceSessionId: 639214175255927292
WatchId: 639214175255927293
ThreadId: 196
TrapRip: 0x00007FF68FAFCCC5
NormalizedTrapRip / code context: NativeProbe | DBXV2.exe+0xBCCC5 | code[-32,+16]=5DC60F28D0F30F108B040100000F28C2F30F588308010000F30F1193000100000F2FC1760CF30F5CCAF30F118B080100
WatchedAddress: 0x0000019869C77BB0
AccessWidth: 4
AccessType: Write
XMM0.scalar: 333.03891 (0x43A684FB)
XMM6.scalar: 333.03891 (0x43A684FB)
DR6: 0x00000000FFFF0FF1
DR7: 0x00000000000D0401
RAX: 0x0000000000000000
RBX: 0x0000019869C77AB0
RCX: 0x0000019869C77AB0
RDX: 0x0000000000000000
RSI: 0x0000000000000000
RDI: 0x0000019869C77AB0
RBP: 0x0000006D39BDFC80
R8: 0x0000000000000000
R9: 0x000000000000000E
R10: 0x00007FF690A2AA98
R11: 0x0000006D39BDFB60
R12: 0x0000000000000000
R13: 0x0000000000500000
R14: 0x0000000000000000
R15: 0x0000000000000000
Fighter correlations:
RCX -> Slot 0 / Gen 1
RDX -> —
[00:24:11] HARDWARE WRITE TRAP
Sequence: 485
TraceSessionId: 639214175255927292
WatchId: 639214175255927293
ThreadId: 196
TrapRip: 0x00007FF68FAFCC99
NormalizedTrapRip / code context: NativeProbe | DBXV2.exe+0xBCC99 | code[-32,+16]=0085C075580F57D20F2FF27250F30F58B3000100000F2FF2F30F11B300010000720FF30F108304010000F30F5DC60F28
WatchedAddress: 0x0000019869C77BB0
AccessWidth: 4
AccessType: Write
XMM0.scalar: 0 (0x00000000)
XMM6.scalar: 333.03891 (0x43A684FB)
DR6: 0x00000000FFFF0FF1
DR7: 0x00000000000D0401
RAX: 0x0000000000000000
RBX: 0x0000019869C77AB0
RCX: 0x0000019869C77AB0
RDX: 0x0000000000000000
RSI: 0x0000000000000000
RDI: 0x0000019869C77AB0
RBP: 0x0000006D39BDFC80
R8: 0x0000000000000000
R9: 0x000000000000000E
R10: 0x00007FF690A2AA98
R11: 0x0000006D39BDFB60
R12: 0x0000000000000000
R13: 0x0000000000500000
R14: 0x0000000000000000
R15: 0x0000000000000000
Fighter correlations:
RCX -> Slot 0 / Gen 1
RDX -> —
[00:24:11] HARDWARE WRITE TRAP
Sequence: 486
TraceSessionId: 639214175255927292
WatchId: 639214175255927293
ThreadId: 196
TrapRip: 0x00007FF68FAFCCC5
NormalizedTrapRip / code context: NativeProbe | DBXV2.exe+0xBCCC5 | code[-32,+16]=5DC60F28D0F30F108B040100000F28C2F30F588308010000F30F1193000100000F2FC1760CF30F5CCAF30F118B080100
WatchedAddress: 0x0000019869C77BB0
AccessWidth: 4
AccessType: Write
XMM0.scalar: 333.03891 (0x43A684FB)
XMM6.scalar: 333.03891 (0x43A684FB)
DR6: 0x00000000FFFF0FF1
DR7: 0x00000000000D0401
RAX: 0x0000000000000000
RBX: 0x0000019869C77AB0
RCX: 0x0000019869C77AB0
RDX: 0x0000000000000000
RSI: 0x0000000000000000
RDI: 0x0000019869C77AB0
RBP: 0x0000006D39BDFC80
R8: 0x0000000000000000
R9: 0x000000000000000E
R10: 0x00007FF690A2AA98
R11: 0x0000006D39BDFB60
R12: 0x0000000000000000
R13: 0x0000000000500000
R14: 0x0000000000000000
R15: 0x0000000000000000
Fighter correlations:
RCX -> Slot 0 / Gen 1
RDX -> —
[00:24:11] HARDWARE WRITE TRAP
Sequence: 487
TraceSessionId: 639214175255927292
WatchId: 639214175255927293
ThreadId: 18620
TrapRip: 0x00007FF68FAFCC99
NormalizedTrapRip / code context: NativeProbe | DBXV2.exe+0xBCC99 | code[-32,+16]=0085C075580F57D20F2FF27250F30F58B3000100000F2FF2F30F11B300010000720FF30F108304010000F30F5DC60F28
WatchedAddress: 0x0000019869C77BB0
AccessWidth: 4
AccessType: Write
XMM0.scalar: 0 (0x00000000)
XMM6.scalar: 333.03891 (0x43A684FB)
DR6: 0x00000000FFFF0FF1
DR7: 0x00000000000D0401
RAX: 0x0000000000000000
RBX: 0x0000019869C77AB0
RCX: 0x0000019869C77AB0
RDX: 0x0000000000000000
RSI: 0x0000000000000000
RDI: 0x0000019869C77AB0
RBP: 0x0000006D39CDF600
R8: 0x0000000000000000
R9: 0x000000000000000E
R10: 0x00007FF690A2AA98
R11: 0x0000006D39CDF4E0
R12: 0x0000000000000000
R13: 0x0000000000500000
R14: 0x0000000000000000
R15: 0x0000000000000000
Fighter correlations:
RCX -> Slot 0 / Gen 1
RDX -> —
[00:24:11] HARDWARE WRITE TRAP
Sequence: 488
TraceSessionId: 639214175255927292
WatchId: 639214175255927293
ThreadId: 18620
TrapRip: 0x00007FF68FAFCCC5
NormalizedTrapRip / code context: NativeProbe | DBXV2.exe+0xBCCC5 | code[-32,+16]=5DC60F28D0F30F108B040100000F28C2F30F588308010000F30F1193000100000F2FC1760CF30F5CCAF30F118B080100
WatchedAddress: 0x0000019869C77BB0
AccessWidth: 4
AccessType: Write
XMM0.scalar: 333.03891 (0x43A684FB)
XMM6.scalar: 333.03891 (0x43A684FB)
DR6: 0x00000000FFFF0FF1
DR7: 0x00000000000D0401
RAX: 0x0000000000000000
RBX: 0x0000019869C77AB0
RCX: 0x0000019869C77AB0
RDX: 0x0000000000000000
RSI: 0x0000000000000000
RDI: 0x0000019869C77AB0
RBP: 0x0000006D39CDF600
R8: 0x0000000000000000
R9: 0x000000000000000E
R10: 0x00007FF690A2AA98
R11: 0x0000006D39CDF4E0
R12: 0x0000000000000000
R13: 0x0000000000500000
R14: 0x0000000000000000
R15: 0x0000000000000000
Fighter correlations:
RCX -> Slot 0 / Gen 1
RDX -> —
[00:24:11] HARDWARE WRITE TRAP
Sequence: 489
TraceSessionId: 639214175255927292
WatchId: 639214175255927293
ThreadId: 17612
TrapRip: 0x00007FF68FAFCC99
NormalizedTrapRip / code context: NativeProbe | DBXV2.exe+0xBCC99 | code[-32,+16]=0085C075580F57D20F2FF27250F30F58B3000100000F2FF2F30F11B300010000720FF30F108304010000F30F5DC60F28
WatchedAddress: 0x0000019869C77BB0
AccessWidth: 4
AccessType: Write
XMM0.scalar: 0 (0x00000000)
XMM6.scalar: 333.03891 (0x43A684FB)
DR6: 0x00000000FFFF0FF1
DR7: 0x00000000000D0401
RAX: 0x0000000000000000
RBX: 0x0000019869C77AB0
RCX: 0x0000019869C77AB0
RDX: 0x0000000000000000
RSI: 0x0000000000000000
RDI: 0x0000019869C77AB0
RBP: 0x0000006D39EDFAA0
R8: 0x0000000000000000
R9: 0x000000000000000E
R10: 0x00007FF690A2AA98
R11: 0x0000006D39EDF980
R12: 0x0000000000000000
R13: 0x0000000000500000
R14: 0x0000000000000000
R15: 0x0000000000000000
Fighter correlations:
RCX -> Slot 0 / Gen 1
RDX -> —
[00:24:11] HARDWARE WRITE TRAP
Sequence: 490
TraceSessionId: 639214175255927292
WatchId: 639214175255927293
ThreadId: 17612
TrapRip: 0x00007FF68FAFCCC5
NormalizedTrapRip / code context: NativeProbe | DBXV2.exe+0xBCCC5 | code[-32,+16]=5DC60F28D0F30F108B040100000F28C2F30F588308010000F30F1193000100000F2FC1760CF30F5CCAF30F118B080100
WatchedAddress: 0x0000019869C77BB0
AccessWidth: 4
AccessType: Write
XMM0.scalar: 333.03891 (0x43A684FB)
XMM6.scalar: 333.03891 (0x43A684FB)
DR6: 0x00000000FFFF0FF1
DR7: 0x00000000000D0401
RAX: 0x0000000000000000
RBX: 0x0000019869C77AB0
RCX: 0x0000019869C77AB0
RDX: 0x0000000000000000
RSI: 0x0000000000000000
RDI: 0x0000019869C77AB0
RBP: 0x0000006D39EDFAA0
R8: 0x0000000000000000
R9: 0x000000000000000E
R10: 0x00007FF690A2AA98
R11: 0x0000006D39EDF980
R12: 0x0000000000000000
R13: 0x0000000000500000
R14: 0x0000000000000000
R15: 0x0000000000000000
Fighter correlations:
RCX -> Slot 0 / Gen 1
RDX -> —
[00:24:11] HARDWARE WRITE TRAP
Sequence: 491
TraceSessionId: 639214175255927292
WatchId: 639214175255927293
ThreadId: 196
TrapRip: 0x00007FF68FAFCC99
NormalizedTrapRip / code context: NativeProbe | DBXV2.exe+0xBCC99 | code[-32,+16]=0085C075580F57D20F2FF27250F30F58B3000100000F2FF2F30F11B300010000720FF30F108304010000F30F5DC60F28
WatchedAddress: 0x0000019869C77BB0
AccessWidth: 4
AccessType: Write
XMM0.scalar: 0 (0x00000000)
XMM6.scalar: 333.03891 (0x43A684FB)
DR6: 0x00000000FFFF0FF1
DR7: 0x00000000000D0401
RAX: 0x0000000000000000
RBX: 0x0000019869C77AB0
RCX: 0x0000019869C77AB0
RDX: 0x0000000000000000
RSI: 0x0000000000000000
RDI: 0x0000019869C77AB0
RBP: 0x0000006D39BDFC80
R8: 0x0000000000000000
R9: 0x000000000000000E
R10: 0x00007FF690A2AA98
R11: 0x0000006D39BDFB60
R12: 0x0000000000000000
R13: 0x0000000000500000
R14: 0x0000000000000000
R15: 0x0000000000000000
Fighter correlations:
RCX -> Slot 0 / Gen 1
RDX -> —
[00:24:11] HARDWARE WRITE TRAP
Sequence: 492
TraceSessionId: 639214175255927292
WatchId: 639214175255927293
ThreadId: 196
TrapRip: 0x00007FF68FAFCCC5
NormalizedTrapRip / code context: NativeProbe | DBXV2.exe+0xBCCC5 | code[-32,+16]=5DC60F28D0F30F108B040100000F28C2F30F588308010000F30F1193000100000F2FC1760CF30F5CCAF30F118B080100
WatchedAddress: 0x0000019869C77BB0
AccessWidth: 4
AccessType: Write
XMM0.scalar: 333.03891 (0x43A684FB)
XMM6.scalar: 333.03891 (0x43A684FB)
DR6: 0x00000000FFFF0FF1
DR7: 0x00000000000D0401
RAX: 0x0000000000000000
RBX: 0x0000019869C77AB0
RCX: 0x0000019869C77AB0
RDX: 0x0000000000000000
RSI: 0x0000000000000000
RDI: 0x0000019869C77AB0
RBP: 0x0000006D39BDFC80
R8: 0x0000000000000000
R9: 0x000000000000000E
R10: 0x00007FF690A2AA98
R11: 0x0000006D39BDFB60
R12: 0x0000000000000000
R13: 0x0000000000500000
R14: 0x0000000000000000
R15: 0x0000000000000000
Fighter correlations:
RCX -> Slot 0 / Gen 1
RDX -> —
[00:24:11] HARDWARE WRITE TRAP
Sequence: 493
TraceSessionId: 639214175255927292
WatchId: 639214175255927293
ThreadId: 16992
TrapRip: 0x00007FF68FB02BFE
NormalizedTrapRip / code context: NativeProbe | DBXV2.exe+0xC2BFE | code[-32,+16]=000000F30F1083000100000F57DBF30F5FF333C0F30F5CC6F30F11830001000085FF74068983080100000F2FC3730E89
WatchedAddress: 0x0000019869C77BB0
AccessWidth: 4
AccessType: Write
XMM0.scalar: 308.820435 (0x439A6904)
XMM6.scalar: 24.218462 (0x41C1BF69)
DR6: 0x00000000FFFF0FF1
DR7: 0x00000000000D0401
RAX: 0x0000000000000000
RBX: 0x0000019869C77AB0
RCX: 0x0000019783004000
RDX: 0x0000000000000001
RSI: 0x0000000000000000
RDI: 0x0000000000000001
RBP: 0x00000198A2CA00B0
R8: 0x00007FF68FA40000
R9: 0x0000000000000001
R10: 0x0000000000000001
R11: 0x0000006D398DA720
R12: 0x0000000000000000
R13: 0x0000000000000001
R14: 0x0000006D398DAF30
R15: 0x0000000000000000
Fighter correlations:
RCX -> —
RDX -> —
[00:24:14] HARDWARE WRITE TRAP
Sequence: 494
TraceSessionId: 639214175255927292
WatchId: 639214175255927293
ThreadId: 11196
TrapRip: 0x00007FF68FAFCC99
NormalizedTrapRip / code context: NativeProbe | DBXV2.exe+0xBCC99 | code[-32,+16]=0085C075580F57D20F2FF27250F30F58B3000100000F2FF2F30F11B300010000720FF30F108304010000F30F5DC60F28
WatchedAddress: 0x0000019869C77BB0
AccessWidth: 4
AccessType: Write
XMM0.scalar: 0 (0x00000000)
XMM6.scalar: 308.820435 (0x439A6904)
DR6: 0x00000000FFFF0FF1
DR7: 0x00000000000D0401
RAX: 0x0000000000000000
RBX: 0x0000019869C77AB0
RCX: 0x0000019869C77AB0
RDX: 0x0000000000000000
RSI: 0x0000000000000000
RDI: 0x0000019869C77AB0
RBP: 0x0000006D399DFA10
R8: 0x0000000000000000
R9: 0x000000000000000E
R10: 0x000001993D86F9A0
R11: 0x0000000000270000
R12: 0x0000000000000000
R13: 0x0000000000000002
R14: 0x0000000000000000
R15: 0x0000000000000000
Fighter correlations:
RCX -> Slot 0 / Gen 1
RDX -> —
[00:24:14] HARDWARE WRITE TRAP
Sequence: 495
TraceSessionId: 639214175255927292
WatchId: 639214175255927293
ThreadId: 11196
TrapRip: 0x00007FF68FAFCCC5
NormalizedTrapRip / code context: NativeProbe | DBXV2.exe+0xBCCC5 | code[-32,+16]=5DC60F28D0F30F108B040100000F28C2F30F588308010000F30F1193000100000F2FC1760CF30F5CCAF30F118B080100
WatchedAddress: 0x0000019869C77BB0
AccessWidth: 4
AccessType: Write
XMM0.scalar: 313.664124 (0x439CD502)
XMM6.scalar: 308.820435 (0x439A6904)
DR6: 0x00000000FFFF0FF1
DR7: 0x00000000000D0401
RAX: 0x0000000000000000
RBX: 0x0000019869C77AB0
RCX: 0x0000019869C77AB0
RDX: 0x0000000000000000
RSI: 0x0000000000000000
RDI: 0x0000019869C77AB0
RBP: 0x0000006D399DFA10
R8: 0x0000000000000000
R9: 0x000000000000000E
R10: 0x000001993D86F9A0
R11: 0x0000000000270000
R12: 0x0000000000000000
R13: 0x0000000000000002
R14: 0x0000000000000000
R15: 0x0000000000000000
Fighter correlations:
RCX -> Slot 0 / Gen 1
RDX -> —
[00:24:14] HARDWARE WRITE TRAP
Sequence: 496
TraceSessionId: 639214175255927292
WatchId: 639214175255927293
ThreadId: 17612
TrapRip: 0x00007FF68FAFCC99
NormalizedTrapRip / code context: NativeProbe | DBXV2.exe+0xBCC99 | code[-32,+16]=0085C075580F57D20F2FF27250F30F58B3000100000F2FF2F30F11B300010000720FF30F108304010000F30F5DC60F28
WatchedAddress: 0x0000019869C77BB0
AccessWidth: 4
AccessType: Write
XMM0.scalar: 0 (0x00000000)
XMM6.scalar: 308.820435 (0x439A6904)
DR6: 0x00000000FFFF0FF1
DR7: 0x00000000000D0401
RAX: 0x0000000000000000
RBX: 0x0000019869C77AB0
RCX: 0x0000019869C77AB0
RDX: 0x0000000000000000
RSI: 0x0000000000000000
RDI: 0x0000019869C77AB0
RBP: 0x0000006D39EDFAA0
R8: 0x0000000000000000
R9: 0x000000000000000E
R10: 0x0000000000000000
R11: 0x0000006D39EDF980
R12: 0x0000000000000000
R13: 0x0000000000000002
R14: 0x0000000000000000
R15: 0x0000000000000000
Fighter correlations:
RCX -> Slot 0 / Gen 1
RDX -> —
[00:24:14] HARDWARE WRITE TRAP
Sequence: 497
TraceSessionId: 639214175255927292
WatchId: 639214175255927293
ThreadId: 17612
TrapRip: 0x00007FF68FAFCCC5
NormalizedTrapRip / code context: NativeProbe | DBXV2.exe+0xBCCC5 | code[-32,+16]=5DC60F28D0F30F108B040100000F28C2F30F588308010000F30F1193000100000F2FC1760CF30F5CCAF30F118B080100
WatchedAddress: 0x0000019869C77BB0
AccessWidth: 4
AccessType: Write
XMM0.scalar: 313.664124 (0x439CD502)
XMM6.scalar: 308.820435 (0x439A6904)
DR6: 0x00000000FFFF0FF1
DR7: 0x00000000000D0401
RAX: 0x0000000000000000
RBX: 0x0000019869C77AB0
RCX: 0x0000019869C77AB0
RDX: 0x0000000000000000
RSI: 0x0000000000000000
RDI: 0x0000019869C77AB0
RBP: 0x0000006D39EDFAA0
R8: 0x0000000000000000
R9: 0x000000000000000E
R10: 0x0000000000000000
R11: 0x0000006D39EDF980
R12: 0x0000000000000000
R13: 0x0000000000000002
R14: 0x0000000000000000
R15: 0x0000000000000000
Fighter correlations:
RCX -> Slot 0 / Gen 1
RDX -> —
[00:24:14] HARDWARE WRITE TRAP
Sequence: 498
TraceSessionId: 639214175255927292
WatchId: 639214175255927293
ThreadId: 196
TrapRip: 0x00007FF68FAFCC99
NormalizedTrapRip / code context: NativeProbe | DBXV2.exe+0xBCC99 | code[-32,+16]=0085C075580F57D20F2FF27250F30F58B3000100000F2FF2F30F11B300010000720FF30F108304010000F30F5DC60F28
WatchedAddress: 0x0000019869C77BB0
AccessWidth: 4
AccessType: Write
XMM0.scalar: 0 (0x00000000)
XMM6.scalar: 308.820435 (0x439A6904)
DR6: 0x00000000FFFF0FF1
DR7: 0x00000000000D0401
RAX: 0x0000000000000000
RBX: 0x0000019869C77AB0
RCX: 0x0000019869C77AB0
RDX: 0x0000000000000000
RSI: 0x0000000000000000
RDI: 0x0000019869C77AB0
RBP: 0x0000006D39BDFC80
R8: 0x0000000000000000
R9: 0x000000000000000E
R10: 0x0000000000000000
R11: 0x0000006D39BDFB60
R12: 0x0000000000000000
R13: 0x0000000000000002
R14: 0x0000000000000000
R15: 0x0000000000000000
Fighter correlations:
RCX -> Slot 0 / Gen 1
RDX -> —
[00:24:14] HARDWARE WRITE TRAP
Sequence: 499
TraceSessionId: 639214175255927292
WatchId: 639214175255927293
ThreadId: 196
TrapRip: 0x00007FF68FAFCCC5
NormalizedTrapRip / code context: NativeProbe | DBXV2.exe+0xBCCC5 | code[-32,+16]=5DC60F28D0F30F108B040100000F28C2F30F588308010000F30F1193000100000F2FC1760CF30F5CCAF30F118B080100
WatchedAddress: 0x0000019869C77BB0
AccessWidth: 4
AccessType: Write
XMM0.scalar: 313.664124 (0x439CD502)
XMM6.scalar: 308.820435 (0x439A6904)
DR6: 0x00000000FFFF0FF1
DR7: 0x00000000000D0401
RAX: 0x0000000000000000
RBX: 0x0000019869C77AB0
RCX: 0x0000019869C77AB0
RDX: 0x0000000000000000
RSI: 0x0000000000000000
RDI: 0x0000019869C77AB0
RBP: 0x0000006D39BDFC80
R8: 0x0000000000000000
R9: 0x000000000000000E
R10: 0x0000000000000000
R11: 0x0000006D39BDFB60
R12: 0x0000000000000000
R13: 0x0000000000000002
R14: 0x0000000000000000
R15: 0x0000000000000000
Fighter correlations:
RCX -> Slot 0 / Gen 1
RDX -> —
[00:24:14] HARDWARE WRITE TRAP
Sequence: 500
TraceSessionId: 639214175255927292
WatchId: 639214175255927293
ThreadId: 23268
TrapRip: 0x00007FF68FAFCC99
NormalizedTrapRip / code context: NativeProbe | DBXV2.exe+0xBCC99 | code[-32,+16]=0085C075580F57D20F2FF27250F30F58B3000100000F2FF2F30F11B300010000720FF30F108304010000F30F5DC60F28
WatchedAddress: 0x0000019869C77BB0
AccessWidth: 4
AccessType: Write
XMM0.scalar: 0 (0x00000000)
XMM6.scalar: 308.820435 (0x439A6904)
DR6: 0x00000000FFFF0FF1
DR7: 0x00000000000D0401
RAX: 0x0000000000000000
RBX: 0x0000019869C77AB0
RCX: 0x0000019869C77AB0
RDX: 0x0000000000000000
RSI: 0x0000000000000000
RDI: 0x0000019869C77AB0
RBP: 0x0000006D39DDFB50
R8: 0x0000000000000000
R9: 0x000000000000000E
R10: 0x0000000000000000
R11: 0x0000006D39DDFA30
R12: 0x0000000000000000
R13: 0x0000000000000002
R14: 0x0000000000000000
R15: 0x0000000000000000
Fighter correlations:
RCX -> Slot 0 / Gen 1
RDX -> —
[00:24:14] HARDWARE WRITE TRAP
Sequence: 501
TraceSessionId: 639214175255927292
WatchId: 639214175255927293
ThreadId: 23268
TrapRip: 0x00007FF68FAFCCC5
NormalizedTrapRip / code context: NativeProbe | DBXV2.exe+0xBCCC5 | code[-32,+16]=5DC60F28D0F30F108B040100000F28C2F30F588308010000F30F1193000100000F2FC1760CF30F5CCAF30F118B080100
WatchedAddress: 0x0000019869C77BB0
AccessWidth: 4
AccessType: Write
XMM0.scalar: 313.664124 (0x439CD502)
XMM6.scalar: 308.820435 (0x439A6904)
DR6: 0x00000000FFFF0FF1
DR7: 0x00000000000D0401
RAX: 0x0000000000000000
RBX: 0x0000019869C77AB0
RCX: 0x0000019869C77AB0
RDX: 0x0000000000000000
RSI: 0x0000000000000000
RDI: 0x0000019869C77AB0
RBP: 0x0000006D39DDFB50
R8: 0x0000000000000000
R9: 0x000000000000000E
R10: 0x0000000000000000
R11: 0x0000006D39DDFA30
R12: 0x0000000000000000
R13: 0x0000000000000002
R14: 0x0000000000000000
R15: 0x0000000000000000
Fighter correlations:
RCX -> Slot 0 / Gen 1
RDX -> —
[00:24:14] HARDWARE WRITE TRAP
Sequence: 502
TraceSessionId: 639214175255927292
WatchId: 639214175255927293
ThreadId: 11196
TrapRip: 0x00007FF68FAFCC99
NormalizedTrapRip / code context: NativeProbe | DBXV2.exe+0xBCC99 | code[-32,+16]=0085C075580F57D20F2FF27250F30F58B3000100000F2FF2F30F11B300010000720FF30F108304010000F30F5DC60F28
WatchedAddress: 0x0000019869C77BB0
AccessWidth: 4
AccessType: Write
XMM0.scalar: 0 (0x00000000)
XMM6.scalar: 308.820435 (0x439A6904)
DR6: 0x00000000FFFF0FF1
DR7: 0x00000000000D0401
RAX: 0x0000000000000000
RBX: 0x0000019869C77AB0
RCX: 0x0000019869C77AB0
RDX: 0x0000000000000000
RSI: 0x0000000000000000
RDI: 0x0000019869C77AB0
RBP: 0x0000006D399DFA10
R8: 0x0000000000000000
R9: 0x000000000000000E
R10: 0x0000000000000000
R11: 0x0000006D399DF8F0
R12: 0x0000000000000000
R13: 0x0000000000000002
R14: 0x0000000000000000
R15: 0x0000000000000000
Fighter correlations:
RCX -> Slot 0 / Gen 1
RDX -> —
[00:24:14] HARDWARE WRITE TRAP
Sequence: 503
TraceSessionId: 639214175255927292
WatchId: 639214175255927293
ThreadId: 11196
TrapRip: 0x00007FF68FAFCCC5
NormalizedTrapRip / code context: NativeProbe | DBXV2.exe+0xBCCC5 | code[-32,+16]=5DC60F28D0F30F108B040100000F28C2F30F588308010000F30F1193000100000F2FC1760CF30F5CCAF30F118B080100
WatchedAddress: 0x0000019869C77BB0
AccessWidth: 4
AccessType: Write
XMM0.scalar: 313.664124 (0x439CD502)
XMM6.scalar: 308.820435 (0x439A6904)
DR6: 0x00000000FFFF0FF1
DR7: 0x00000000000D0401
RAX: 0x0000000000000000
RBX: 0x0000019869C77AB0
RCX: 0x0000019869C77AB0
RDX: 0x0000000000000000
RSI: 0x0000000000000000
RDI: 0x0000019869C77AB0
RBP: 0x0000006D399DFA10
R8: 0x0000000000000000
R9: 0x000000000000000E
R10: 0x0000000000000000
R11: 0x0000006D399DF8F0
R12: 0x0000000000000000
R13: 0x0000000000000002
R14: 0x0000000000000000
R15: 0x0000000000000000
Fighter correlations:
RCX -> Slot 0 / Gen 1
RDX -> —
[00:24:14] HARDWARE WRITE TRAP
Sequence: 504
TraceSessionId: 639214175255927292
WatchId: 639214175255927293
ThreadId: 17612
TrapRip: 0x00007FF68FAFCC99
NormalizedTrapRip / code context: NativeProbe | DBXV2.exe+0xBCC99 | code[-32,+16]=0085C075580F57D20F2FF27250F30F58B3000100000F2FF2F30F11B300010000720FF30F108304010000F30F5DC60F28
WatchedAddress: 0x0000019869C77BB0
AccessWidth: 4
AccessType: Write
XMM0.scalar: 0 (0x00000000)
XMM6.scalar: 308.820435 (0x439A6904)
DR6: 0x00000000FFFF0FF1
DR7: 0x00000000000D0401
RAX: 0x0000000000000000
RBX: 0x0000019869C77AB0
RCX: 0x0000019869C77AB0
RDX: 0x0000000000000000
RSI: 0x0000000000000000
RDI: 0x0000019869C77AB0
RBP: 0x0000006D39EDFAA0
R8: 0x0000000000000000
R9: 0x000000000000000E
R10: 0x0000000000000000
R11: 0x0000006D39EDF980
R12: 0x0000000000000000
R13: 0x0000000000000002
R14: 0x0000000000000000
R15: 0x0000000000000000
Fighter correlations:
RCX -> Slot 0 / Gen 1
RDX -> —
[00:24:14] HARDWARE WRITE TRAP
Sequence: 505
TraceSessionId: 639214175255927292
WatchId: 639214175255927293
ThreadId: 17612
TrapRip: 0x00007FF68FAFCCC5
NormalizedTrapRip / code context: NativeProbe | DBXV2.exe+0xBCCC5 | code[-32,+16]=5DC60F28D0F30F108B040100000F28C2F30F588308010000F30F1193000100000F2FC1760CF30F5CCAF30F118B080100
WatchedAddress: 0x0000019869C77BB0
AccessWidth: 4
AccessType: Write
XMM0.scalar: 313.664124 (0x439CD502)
XMM6.scalar: 308.820435 (0x439A6904)
DR6: 0x00000000FFFF0FF1
DR7: 0x00000000000D0401
RAX: 0x0000000000000000
RBX: 0x0000019869C77AB0
RCX: 0x0000019869C77AB0
RDX: 0x0000000000000000
RSI: 0x0000000000000000
RDI: 0x0000019869C77AB0
RBP: 0x0000006D39EDFAA0
R8: 0x0000000000000000
R9: 0x000000000000000E
R10: 0x0000000000000000
R11: 0x0000006D39EDF980
R12: 0x0000000000000000
R13: 0x0000000000000002
R14: 0x0000000000000000
R15: 0x0000000000000000
Fighter correlations:
RCX -> Slot 0 / Gen 1
RDX -> —
[00:24:14] HARDWARE WRITE TRAP
Sequence: 506
TraceSessionId: 639214175255927292
WatchId: 639214175255927293
ThreadId: 11196
TrapRip: 0x00007FF68FAFCC99
NormalizedTrapRip / code context: NativeProbe | DBXV2.exe+0xBCC99 | code[-32,+16]=0085C075580F57D20F2FF27250F30F58B3000100000F2FF2F30F11B300010000720FF30F108304010000F30F5DC60F28
WatchedAddress: 0x0000019869C77BB0
AccessWidth: 4
AccessType: Write
XMM0.scalar: 0 (0x00000000)
XMM6.scalar: 308.820435 (0x439A6904)
DR6: 0x00000000FFFF0FF1
DR7: 0x00000000000D0401
RAX: 0x0000000000000000
RBX: 0x0000019869C77AB0
RCX: 0x0000019869C77AB0
RDX: 0x0000000000000000
RSI: 0x0000000000000000
RDI: 0x0000019869C77AB0
RBP: 0x0000006D399DFA10
R8: 0x0000000000000000
R9: 0x000000000000000E
R10: 0x0000000000000000
R11: 0x0000006D399DF8F0
R12: 0x0000000000000000
R13: 0x0000000000000002
R14: 0x0000000000000000
R15: 0x0000000000000000
Fighter correlations:
RCX -> Slot 0 / Gen 1
RDX -> —
[00:24:14] HARDWARE WRITE TRAP
Sequence: 507
TraceSessionId: 639214175255927292
WatchId: 639214175255927293
ThreadId: 11196
TrapRip: 0x00007FF68FAFCCC5
NormalizedTrapRip / code context: NativeProbe | DBXV2.exe+0xBCCC5 | code[-32,+16]=5DC60F28D0F30F108B040100000F28C2F30F588308010000F30F1193000100000F2FC1760CF30F5CCAF30F118B080100
WatchedAddress: 0x0000019869C77BB0
AccessWidth: 4
AccessType: Write
XMM0.scalar: 313.664124 (0x439CD502)
XMM6.scalar: 308.820435 (0x439A6904)
DR6: 0x00000000FFFF0FF1
DR7: 0x00000000000D0401
RAX: 0x0000000000000000
RBX: 0x0000019869C77AB0
RCX: 0x0000019869C77AB0
RDX: 0x0000000000000000
RSI: 0x0000000000000000
RDI: 0x0000019869C77AB0
RBP: 0x0000006D399DFA10
R8: 0x0000000000000000
R9: 0x000000000000000E
R10: 0x0000000000000000
R11: 0x0000006D399DF8F0
R12: 0x0000000000000000
R13: 0x0000000000000002
R14: 0x0000000000000000
R15: 0x0000000000000000
Fighter correlations:
RCX -> Slot 0 / Gen 1
RDX -> —
[00:24:14] HARDWARE WRITE TRAP
Sequence: 508
TraceSessionId: 639214175255927292
WatchId: 639214175255927293
ThreadId: 18620
TrapRip: 0x00007FF68FAFCC99
NormalizedTrapRip / code context: NativeProbe | DBXV2.exe+0xBCC99 | code[-32,+16]=0085C075580F57D20F2FF27250F30F58B3000100000F2FF2F30F11B300010000720FF30F108304010000F30F5DC60F28
WatchedAddress: 0x0000019869C77BB0
AccessWidth: 4
AccessType: Write
XMM0.scalar: 0 (0x00000000)
XMM6.scalar: 308.820435 (0x439A6904)
DR6: 0x00000000FFFF0FF1
DR7: 0x00000000000D0401
RAX: 0x0000000000000000
RBX: 0x0000019869C77AB0
RCX: 0x0000019869C77AB0
RDX: 0x0000000000000000
RSI: 0x0000000000000000
RDI: 0x0000019869C77AB0
RBP: 0x0000006D39CDF600
R8: 0x0000000000000000
R9: 0x000000000000000E
R10: 0x0000000000000000
R11: 0x0000006D39CDF4E0
R12: 0x0000000000000000
R13: 0x0000000000000002
R14: 0x0000000000000000
R15: 0x0000000000000000
Fighter correlations:
RCX -> Slot 0 / Gen 1
RDX -> —
[00:24:14] HARDWARE WRITE TRAP
Sequence: 509
TraceSessionId: 639214175255927292
WatchId: 639214175255927293
ThreadId: 18620
TrapRip: 0x00007FF68FAFCCC5
NormalizedTrapRip / code context: NativeProbe | DBXV2.exe+0xBCCC5 | code[-32,+16]=5DC60F28D0F30F108B040100000F28C2F30F588308010000F30F1193000100000F2FC1760CF30F5CCAF30F118B080100
WatchedAddress: 0x0000019869C77BB0
AccessWidth: 4
AccessType: Write
XMM0.scalar: 313.664124 (0x439CD502)
XMM6.scalar: 308.820435 (0x439A6904)
DR6: 0x00000000FFFF0FF1
DR7: 0x00000000000D0401
RAX: 0x0000000000000000
RBX: 0x0000019869C77AB0
RCX: 0x0000019869C77AB0
RDX: 0x0000000000000000
RSI: 0x0000000000000000
RDI: 0x0000019869C77AB0
RBP: 0x0000006D39CDF600
R8: 0x0000000000000000
R9: 0x000000000000000E
R10: 0x0000000000000000
R11: 0x0000006D39CDF4E0
R12: 0x0000000000000000
R13: 0x0000000000000002
R14: 0x0000000000000000
R15: 0x0000000000000000
Fighter correlations:
RCX -> Slot 0 / Gen 1
RDX -> —
[00:24:14] HARDWARE WRITE TRAP
Sequence: 510
TraceSessionId: 639214175255927292
WatchId: 639214175255927293
ThreadId: 11196
TrapRip: 0x00007FF68FAFCC99
NormalizedTrapRip / code context: NativeProbe | DBXV2.exe+0xBCC99 | code[-32,+16]=0085C075580F57D20F2FF27250F30F58B3000100000F2FF2F30F11B300010000720FF30F108304010000F30F5DC60F28
WatchedAddress: 0x0000019869C77BB0
AccessWidth: 4
AccessType: Write
XMM0.scalar: 0 (0x00000000)
XMM6.scalar: 308.820435 (0x439A6904)
DR6: 0x00000000FFFF0FF1
DR7: 0x00000000000D0401
RAX: 0x0000000000000000
RBX: 0x0000019869C77AB0
RCX: 0x0000019869C77AB0
RDX: 0x0000000000000000
RSI: 0x0000000000000000
RDI: 0x0000019869C77AB0
RBP: 0x0000006D399DFA10
R8: 0x0000000000000000
R9: 0x000000000000000E
R10: 0x0000000000000000
R11: 0x0000006D399DF8F0
R12: 0x0000000000000000
R13: 0x0000000000000002
R14: 0x0000000000000000
R15: 0x0000000000000000
Fighter correlations:
RCX -> Slot 0 / Gen 1
RDX -> —
[00:24:14] HARDWARE WRITE TRAP
Sequence: 511
TraceSessionId: 639214175255927292
WatchId: 639214175255927293
ThreadId: 11196
TrapRip: 0x00007FF68FAFCCC5
NormalizedTrapRip / code context: NativeProbe | DBXV2.exe+0xBCCC5 | code[-32,+16]=5DC60F28D0F30F108B040100000F28C2F30F588308010000F30F1193000100000F2FC1760CF30F5CCAF30F118B080100
WatchedAddress: 0x0000019869C77BB0
AccessWidth: 4
AccessType: Write
XMM0.scalar: 313.664124 (0x439CD502)
XMM6.scalar: 308.820435 (0x439A6904)
DR6: 0x00000000FFFF0FF1
DR7: 0x00000000000D0401
RAX: 0x0000000000000000
RBX: 0x0000019869C77AB0
RCX: 0x0000019869C77AB0
RDX: 0x0000000000000000
RSI: 0x0000000000000000
RDI: 0x0000019869C77AB0
RBP: 0x0000006D399DFA10
R8: 0x0000000000000000
R9: 0x000000000000000E
R10: 0x0000000000000000
R11: 0x0000006D399DF8F0
R12: 0x0000000000000000
R13: 0x0000000000000002
R14: 0x0000000000000000
R15: 0x0000000000000000
Fighter correlations:
RCX -> Slot 0 / Gen 1
RDX -> —
[00:24:14] HARDWARE WRITE TRAP
Sequence: 512
TraceSessionId: 639214175255927292
WatchId: 639214175255927293
ThreadId: 18620
TrapRip: 0x00007FF68FAFCC99
NormalizedTrapRip / code context: NativeProbe | DBXV2.exe+0xBCC99 | code[-32,+16]=0085C075580F57D20F2FF27250F30F58B3000100000F2FF2F30F11B300010000720FF30F108304010000F30F5DC60F28
WatchedAddress: 0x0000019869C77BB0
AccessWidth: 4
AccessType: Write
XMM0.scalar: 0 (0x00000000)
XMM6.scalar: 308.820435 (0x439A6904)
DR6: 0x00000000FFFF0FF1
DR7: 0x00000000000D0401
RAX: 0x0000000000000000
RBX: 0x0000019869C77AB0
RCX: 0x0000019869C77AB0
RDX: 0x0000000000000000
RSI: 0x0000000000000000
RDI: 0x0000019869C77AB0
RBP: 0x0000006D39CDF600
R8: 0x0000000000000000
R9: 0x000000000000000E
R10: 0x0000000000000000
R11: 0x0000006D39CDF4E0
R12: 0x0000000000000000
R13: 0x0000000000000002
R14: 0x0000000000000000
R15: 0x0000000000000000
Fighter correlations:
RCX -> Slot 0 / Gen 1
RDX -> —
[00:24:14] HARDWARE WRITE TRAP
Sequence: 513
TraceSessionId: 639214175255927292
WatchId: 639214175255927293
ThreadId: 18620
TrapRip: 0x00007FF68FAFCCC5
NormalizedTrapRip / code context: NativeProbe | DBXV2.exe+0xBCCC5 | code[-32,+16]=5DC60F28D0F30F108B040100000F28C2F30F588308010000F30F1193000100000F2FC1760CF30F5CCAF30F118B080100
WatchedAddress: 0x0000019869C77BB0
AccessWidth: 4
AccessType: Write
XMM0.scalar: 313.664124 (0x439CD502)
XMM6.scalar: 308.820435 (0x439A6904)
DR6: 0x00000000FFFF0FF1
DR7: 0x00000000000D0401
RAX: 0x0000000000000000
RBX: 0x0000019869C77AB0
RCX: 0x0000019869C77AB0
RDX: 0x0000000000000000
RSI: 0x0000000000000000
RDI: 0x0000019869C77AB0
RBP: 0x0000006D39CDF600
R8: 0x0000000000000000
R9: 0x000000000000000E
R10: 0x0000000000000000
R11: 0x0000006D39CDF4E0
R12: 0x0000000000000000
R13: 0x0000000000000002
R14: 0x0000000000000000
R15: 0x0000000000000000
Fighter correlations:
RCX -> Slot 0 / Gen 1
RDX -> —
[00:24:14] HARDWARE WRITE TRAP
Sequence: 514
TraceSessionId: 639214175255927292
WatchId: 639214175255927293
ThreadId: 17612
TrapRip: 0x00007FF68FAFCC99
NormalizedTrapRip / code context: NativeProbe | DBXV2.exe+0xBCC99 | code[-32,+16]=0085C075580F57D20F2FF27250F30F58B3000100000F2FF2F30F11B300010000720FF30F108304010000F30F5DC60F28
WatchedAddress: 0x0000019869C77BB0
AccessWidth: 4
AccessType: Write
XMM0.scalar: 0 (0x00000000)
XMM6.scalar: 308.820435 (0x439A6904)
DR6: 0x00000000FFFF0FF1
DR7: 0x00000000000D0401
RAX: 0x0000000000000000
RBX: 0x0000019869C77AB0
RCX: 0x0000019869C77AB0
RDX: 0x0000000000000000
RSI: 0x0000000000000000
RDI: 0x0000019869C77AB0
RBP: 0x0000006D39EDFAA0
R8: 0x0000000000000000
R9: 0x000000000000000E
R10: 0x0000000000000000
R11: 0x0000006D39EDF980
R12: 0x0000000000000000
R13: 0x0000000000000002
R14: 0x0000000000000000
R15: 0x0000000000000000
Fighter correlations:
RCX -> Slot 0 / Gen 1
RDX -> —
[00:24:14] HARDWARE WRITE TRAP
Sequence: 515
TraceSessionId: 639214175255927292
WatchId: 639214175255927293
ThreadId: 17612
TrapRip: 0x00007FF68FAFCCC5
NormalizedTrapRip / code context: NativeProbe | DBXV2.exe+0xBCCC5 | code[-32,+16]=5DC60F28D0F30F108B040100000F28C2F30F588308010000F30F1193000100000F2FC1760CF30F5CCAF30F118B080100
WatchedAddress: 0x0000019869C77BB0
AccessWidth: 4
AccessType: Write
XMM0.scalar: 313.664124 (0x439CD502)
XMM6.scalar: 308.820435 (0x439A6904)
DR6: 0x00000000FFFF0FF1
DR7: 0x00000000000D0401
RAX: 0x0000000000000000
RBX: 0x0000019869C77AB0
RCX: 0x0000019869C77AB0
RDX: 0x0000000000000000
RSI: 0x0000000000000000
RDI: 0x0000019869C77AB0
RBP: 0x0000006D39EDFAA0
R8: 0x0000000000000000
R9: 0x000000000000000E
R10: 0x0000000000000000
R11: 0x0000006D39EDF980
R12: 0x0000000000000000
R13: 0x0000000000000002
R14: 0x0000000000000000
R15: 0x0000000000000000
Fighter correlations:
RCX -> Slot 0 / Gen 1
RDX -> —
[00:24:14] HARDWARE WRITE TRAP
Sequence: 516
TraceSessionId: 639214175255927292
WatchId: 639214175255927293
ThreadId: 23268
TrapRip: 0x00007FF68FAFCC99
NormalizedTrapRip / code context: NativeProbe | DBXV2.exe+0xBCC99 | code[-32,+16]=0085C075580F57D20F2FF27250F30F58B3000100000F2FF2F30F11B300010000720FF30F108304010000F30F5DC60F28
WatchedAddress: 0x0000019869C77BB0
AccessWidth: 4
AccessType: Write
XMM0.scalar: 0 (0x00000000)
XMM6.scalar: 308.820435 (0x439A6904)
DR6: 0x00000000FFFF0FF1
DR7: 0x00000000000D0401
RAX: 0x0000000000000000
RBX: 0x0000019869C77AB0
RCX: 0x0000019869C77AB0
RDX: 0x0000000000000000
RSI: 0x0000000000000000
RDI: 0x0000019869C77AB0
RBP: 0x0000006D39DDFB50
R8: 0x0000000000000000
R9: 0x000000000000000E
R10: 0x0000000000000000
R11: 0x0000006D39DDFA30
R12: 0x0000000000000000
R13: 0x0000000000000002
R14: 0x0000000000000000
R15: 0x0000000000000000
Fighter correlations:
RCX -> Slot 0 / Gen 1
RDX -> —
[00:24:14] HARDWARE WRITE TRAP
Sequence: 517
TraceSessionId: 639214175255927292
WatchId: 639214175255927293
ThreadId: 23268
TrapRip: 0x00007FF68FAFCCC5
NormalizedTrapRip / code context: NativeProbe | DBXV2.exe+0xBCCC5 | code[-32,+16]=5DC60F28D0F30F108B040100000F28C2F30F588308010000F30F1193000100000F2FC1760CF30F5CCAF30F118B080100
WatchedAddress: 0x0000019869C77BB0
AccessWidth: 4
AccessType: Write
XMM0.scalar: 313.664124 (0x439CD502)
XMM6.scalar: 308.820435 (0x439A6904)
DR6: 0x00000000FFFF0FF1
DR7: 0x00000000000D0401
RAX: 0x0000000000000000
RBX: 0x0000019869C77AB0
RCX: 0x0000019869C77AB0
RDX: 0x0000000000000000
RSI: 0x0000000000000000
RDI: 0x0000019869C77AB0
RBP: 0x0000006D39DDFB50
R8: 0x0000000000000000
R9: 0x000000000000000E
R10: 0x0000000000000000
R11: 0x0000006D39DDFA30
R12: 0x0000000000000000
R13: 0x0000000000000002
R14: 0x0000000000000000
R15: 0x0000000000000000
Fighter correlations:
RCX -> Slot 0 / Gen 1
RDX -> —
[00:24:14] HARDWARE WRITE TRAP
Sequence: 518
TraceSessionId: 639214175255927292
WatchId: 639214175255927293
ThreadId: 18620
TrapRip: 0x00007FF68FAFCC99
NormalizedTrapRip / code context: NativeProbe | DBXV2.exe+0xBCC99 | code[-32,+16]=0085C075580F57D20F2FF27250F30F58B3000100000F2FF2F30F11B300010000720FF30F108304010000F30F5DC60F28
WatchedAddress: 0x0000019869C77BB0
AccessWidth: 4
AccessType: Write
XMM0.scalar: 0 (0x00000000)
XMM6.scalar: 308.820435 (0x439A6904)
DR6: 0x00000000FFFF0FF1
DR7: 0x00000000000D0401
RAX: 0x0000000000000000
RBX: 0x0000019869C77AB0
RCX: 0x0000019869C77AB0
RDX: 0x0000000000000000
RSI: 0x0000000000000000
RDI: 0x0000019869C77AB0
RBP: 0x0000006D39CDF600
R8: 0x0000000000000000
R9: 0x000000000000000E
R10: 0x0000000000000000
R11: 0x0000006D39CDF4E0
R12: 0x0000000000000000
R13: 0x0000000000000002
R14: 0x0000000000000000
R15: 0x0000000000000000
Fighter correlations:
RCX -> Slot 0 / Gen 1
RDX -> —
[00:24:14] HARDWARE WRITE TRAP
Sequence: 519
TraceSessionId: 639214175255927292
WatchId: 639214175255927293
ThreadId: 18620
TrapRip: 0x00007FF68FAFCCC5
NormalizedTrapRip / code context: NativeProbe | DBXV2.exe+0xBCCC5 | code[-32,+16]=5DC60F28D0F30F108B040100000F28C2F30F588308010000F30F1193000100000F2FC1760CF30F5CCAF30F118B080100
WatchedAddress: 0x0000019869C77BB0
AccessWidth: 4
AccessType: Write
XMM0.scalar: 313.664124 (0x439CD502)
XMM6.scalar: 308.820435 (0x439A6904)
DR6: 0x00000000FFFF0FF1
DR7: 0x00000000000D0401
RAX: 0x0000000000000000
RBX: 0x0000019869C77AB0
RCX: 0x0000019869C77AB0
RDX: 0x0000000000000000
RSI: 0x0000000000000000
RDI: 0x0000019869C77AB0
RBP: 0x0000006D39CDF600
R8: 0x0000000000000000
R9: 0x000000000000000E
R10: 0x0000000000000000
R11: 0x0000006D39CDF4E0
R12: 0x0000000000000000
R13: 0x0000000000000002
R14: 0x0000000000000000
R15: 0x0000000000000000
Fighter correlations:
RCX -> Slot 0 / Gen 1
RDX -> —
[00:24:14] HARDWARE WRITE TRAP
Sequence: 520
TraceSessionId: 639214175255927292
WatchId: 639214175255927293
ThreadId: 11196
TrapRip: 0x00007FF68FAFCC99
NormalizedTrapRip / code context: NativeProbe | DBXV2.exe+0xBCC99 | code[-32,+16]=0085C075580F57D20F2FF27250F30F58B3000100000F2FF2F30F11B300010000720FF30F108304010000F30F5DC60F28
WatchedAddress: 0x0000019869C77BB0
AccessWidth: 4
AccessType: Write
XMM0.scalar: 0 (0x00000000)
XMM6.scalar: 308.820435 (0x439A6904)
DR6: 0x00000000FFFF0FF1
DR7: 0x00000000000D0401
RAX: 0x0000000000000000
RBX: 0x0000019869C77AB0
RCX: 0x0000019869C77AB0
RDX: 0x0000000000000000
RSI: 0x0000000000000000
RDI: 0x0000019869C77AB0
RBP: 0x0000006D399DFA10
R8: 0x0000000000000000
R9: 0x000000000000000E
R10: 0x0000000000000000
R11: 0x0000006D399DF8F0
R12: 0x0000000000000000
R13: 0x0000000000000002
R14: 0x0000000000000000
R15: 0x0000000000000000
Fighter correlations:
RCX -> Slot 0 / Gen 1
RDX -> —
[00:24:14] HARDWARE WRITE TRAP
Sequence: 521
TraceSessionId: 639214175255927292
WatchId: 639214175255927293
ThreadId: 11196
TrapRip: 0x00007FF68FAFCCC5
NormalizedTrapRip / code context: NativeProbe | DBXV2.exe+0xBCCC5 | code[-32,+16]=5DC60F28D0F30F108B040100000F28C2F30F588308010000F30F1193000100000F2FC1760CF30F5CCAF30F118B080100
WatchedAddress: 0x0000019869C77BB0
AccessWidth: 4
AccessType: Write
XMM0.scalar: 313.664124 (0x439CD502)
XMM6.scalar: 308.820435 (0x439A6904)
DR6: 0x00000000FFFF0FF1
DR7: 0x00000000000D0401
RAX: 0x0000000000000000
RBX: 0x0000019869C77AB0
RCX: 0x0000019869C77AB0
RDX: 0x0000000000000000
RSI: 0x0000000000000000
RDI: 0x0000019869C77AB0
RBP: 0x0000006D399DFA10
R8: 0x0000000000000000
R9: 0x000000000000000E
R10: 0x0000000000000000
R11: 0x0000006D399DF8F0
R12: 0x0000000000000000
R13: 0x0000000000000002
R14: 0x0000000000000000
R15: 0x0000000000000000
Fighter correlations:
RCX -> Slot 0 / Gen 1
RDX -> —
[00:24:14] HARDWARE WRITE TRAP
Sequence: 522
TraceSessionId: 639214175255927292
WatchId: 639214175255927293
ThreadId: 196
TrapRip: 0x00007FF68FAFCC99
NormalizedTrapRip / code context: NativeProbe | DBXV2.exe+0xBCC99 | code[-32,+16]=0085C075580F57D20F2FF27250F30F58B3000100000F2FF2F30F11B300010000720FF30F108304010000F30F5DC60F28
WatchedAddress: 0x0000019869C77BB0
AccessWidth: 4
AccessType: Write
XMM0.scalar: 0 (0x00000000)
XMM6.scalar: 308.820435 (0x439A6904)
DR6: 0x00000000FFFF0FF1
DR7: 0x00000000000D0401
RAX: 0x0000000000000000
RBX: 0x0000019869C77AB0
RCX: 0x0000019869C77AB0
RDX: 0x0000000000000000
RSI: 0x0000000000000000
RDI: 0x0000019869C77AB0
RBP: 0x0000006D39BDFC80
R8: 0x0000000000000000
R9: 0x000000000000000E
R10: 0x0000000000000000
R11: 0x0000006D39BDFB60
R12: 0x0000000000000000
R13: 0x0000000000000002
R14: 0x0000000000000000
R15: 0x0000000000000000
Fighter correlations:
RCX -> Slot 0 / Gen 1
RDX -> —
[00:24:14] HARDWARE WRITE TRAP
Sequence: 523
TraceSessionId: 639214175255927292
WatchId: 639214175255927293
ThreadId: 196
TrapRip: 0x00007FF68FAFCCC5
NormalizedTrapRip / code context: NativeProbe | DBXV2.exe+0xBCCC5 | code[-32,+16]=5DC60F28D0F30F108B040100000F28C2F30F588308010000F30F1193000100000F2FC1760CF30F5CCAF30F118B080100
WatchedAddress: 0x0000019869C77BB0
AccessWidth: 4
AccessType: Write
XMM0.scalar: 313.664124 (0x439CD502)
XMM6.scalar: 308.820435 (0x439A6904)
DR6: 0x00000000FFFF0FF1
DR7: 0x00000000000D0401
RAX: 0x0000000000000000
RBX: 0x0000019869C77AB0
RCX: 0x0000019869C77AB0
RDX: 0x0000000000000000
RSI: 0x0000000000000000
RDI: 0x0000019869C77AB0
RBP: 0x0000006D39BDFC80
R8: 0x0000000000000000
R9: 0x000000000000000E
R10: 0x0000000000000000
R11: 0x0000006D39BDFB60
R12: 0x0000000000000000
R13: 0x0000000000000002
R14: 0x0000000000000000
R15: 0x0000000000000000
Fighter correlations:
RCX -> Slot 0 / Gen 1
RDX -> —
[00:24:14] HARDWARE WRITE TRAP
Sequence: 524
TraceSessionId: 639214175255927292
WatchId: 639214175255927293
ThreadId: 17612
TrapRip: 0x00007FF68FAFCC99
NormalizedTrapRip / code context: NativeProbe | DBXV2.exe+0xBCC99 | code[-32,+16]=0085C075580F57D20F2FF27250F30F58B3000100000F2FF2F30F11B300010000720FF30F108304010000F30F5DC60F28
WatchedAddress: 0x0000019869C77BB0
AccessWidth: 4
AccessType: Write
XMM0.scalar: 0 (0x00000000)
XMM6.scalar: 308.820435 (0x439A6904)
DR6: 0x00000000FFFF0FF1
DR7: 0x00000000000D0401
RAX: 0x0000000000000000
RBX: 0x0000019869C77AB0
RCX: 0x0000019869C77AB0
RDX: 0x0000000000000000
RSI: 0x0000000000000000
RDI: 0x0000019869C77AB0
RBP: 0x0000006D39EDFAA0
R8: 0x0000000000000000
R9: 0x000000000000000E
R10: 0x0000000000000000
R11: 0x0000006D39EDF980
R12: 0x0000000000000000
R13: 0x0000000000000002
R14: 0x0000000000000000
R15: 0x0000000000000000
Fighter correlations:
RCX -> Slot 0 / Gen 1
RDX -> —
[00:24:14] HARDWARE WRITE TRAP
Sequence: 525
TraceSessionId: 639214175255927292
WatchId: 639214175255927293
ThreadId: 17612
TrapRip: 0x00007FF68FAFCCC5
NormalizedTrapRip / code context: NativeProbe | DBXV2.exe+0xBCCC5 | code[-32,+16]=5DC60F28D0F30F108B040100000F28C2F30F588308010000F30F1193000100000F2FC1760CF30F5CCAF30F118B080100
WatchedAddress: 0x0000019869C77BB0
AccessWidth: 4
AccessType: Write
XMM0.scalar: 313.664124 (0x439CD502)
XMM6.scalar: 308.820435 (0x439A6904)
DR6: 0x00000000FFFF0FF1
DR7: 0x00000000000D0401
RAX: 0x0000000000000000
RBX: 0x0000019869C77AB0
RCX: 0x0000019869C77AB0
RDX: 0x0000000000000000
RSI: 0x0000000000000000
RDI: 0x0000019869C77AB0
RBP: 0x0000006D39EDFAA0
R8: 0x0000000000000000
R9: 0x000000000000000E
R10: 0x0000000000000000
R11: 0x0000006D39EDF980
R12: 0x0000000000000000
R13: 0x0000000000000002
R14: 0x0000000000000000
R15: 0x0000000000000000
Fighter correlations:
RCX -> Slot 0 / Gen 1
RDX -> —
[00:24:14] HARDWARE WRITE TRAP
Sequence: 526
TraceSessionId: 639214175255927292
WatchId: 639214175255927293
ThreadId: 23268
TrapRip: 0x00007FF68FAFCC99
NormalizedTrapRip / code context: NativeProbe | DBXV2.exe+0xBCC99 | code[-32,+16]=0085C075580F57D20F2FF27250F30F58B3000100000F2FF2F30F11B300010000720FF30F108304010000F30F5DC60F28
WatchedAddress: 0x0000019869C77BB0
AccessWidth: 4
AccessType: Write
XMM0.scalar: 0 (0x00000000)
XMM6.scalar: 308.820435 (0x439A6904)
DR6: 0x00000000FFFF0FF1
DR7: 0x00000000000D0401
RAX: 0x0000000000000000
RBX: 0x0000019869C77AB0
RCX: 0x0000019869C77AB0
RDX: 0x0000000000000000
RSI: 0x0000000000000000
RDI: 0x0000019869C77AB0
RBP: 0x0000006D39DDFB50
R8: 0x0000000000000000
R9: 0x000000000000000E
R10: 0x0000000000000000
R11: 0x0000006D39DDFA30
R12: 0x0000000000000000
R13: 0x0000000000000002
R14: 0x0000000000000000
R15: 0x0000000000000000
Fighter correlations:
RCX -> Slot 0 / Gen 1
RDX -> —
[00:24:14] HARDWARE WRITE TRAP
Sequence: 527
TraceSessionId: 639214175255927292
WatchId: 639214175255927293
ThreadId: 23268
TrapRip: 0x00007FF68FAFCCC5
NormalizedTrapRip / code context: NativeProbe | DBXV2.exe+0xBCCC5 | code[-32,+16]=5DC60F28D0F30F108B040100000F28C2F30F588308010000F30F1193000100000F2FC1760CF30F5CCAF30F118B080100
WatchedAddress: 0x0000019869C77BB0
AccessWidth: 4
AccessType: Write
XMM0.scalar: 313.664124 (0x439CD502)
XMM6.scalar: 308.820435 (0x439A6904)
DR6: 0x00000000FFFF0FF1
DR7: 0x00000000000D0401
RAX: 0x0000000000000000
RBX: 0x0000019869C77AB0
RCX: 0x0000019869C77AB0
RDX: 0x0000000000000000
RSI: 0x0000000000000000
RDI: 0x0000019869C77AB0
RBP: 0x0000006D39DDFB50
R8: 0x0000000000000000
R9: 0x000000000000000E
R10: 0x0000000000000000
R11: 0x0000006D39DDFA30
R12: 0x0000000000000000
R13: 0x0000000000000002
R14: 0x0000000000000000
R15: 0x0000000000000000
Fighter correlations:
RCX -> Slot 0 / Gen 1
RDX -> —
[00:24:14] HARDWARE WRITE TRAP
Sequence: 528
TraceSessionId: 639214175255927292
WatchId: 639214175255927293
ThreadId: 196
TrapRip: 0x00007FF68FAFCC99
NormalizedTrapRip / code context: NativeProbe | DBXV2.exe+0xBCC99 | code[-32,+16]=0085C075580F57D20F2FF27250F30F58B3000100000F2FF2F30F11B300010000720FF30F108304010000F30F5DC60F28
WatchedAddress: 0x0000019869C77BB0
AccessWidth: 4
AccessType: Write
XMM0.scalar: 0 (0x00000000)
XMM6.scalar: 308.820435 (0x439A6904)
DR6: 0x00000000FFFF0FF1
DR7: 0x00000000000D0401
RAX: 0x0000000000000000
RBX: 0x0000019869C77AB0
RCX: 0x0000019869C77AB0
RDX: 0x0000000000000000
RSI: 0x0000000000000000
RDI: 0x0000019869C77AB0
RBP: 0x0000006D39BDFC80
R8: 0x0000000000000000
R9: 0x000000000000000E
R10: 0x0000000000000000
R11: 0x0000006D39BDFB60
R12: 0x0000000000000000
R13: 0x0000000000000002
R14: 0x0000000000000000
R15: 0x0000000000000000
Fighter correlations:
RCX -> Slot 0 / Gen 1
RDX -> —
[00:24:14] HARDWARE WRITE TRAP
Sequence: 529
TraceSessionId: 639214175255927292
WatchId: 639214175255927293
ThreadId: 196
TrapRip: 0x00007FF68FAFCCC5
NormalizedTrapRip / code context: NativeProbe | DBXV2.exe+0xBCCC5 | code[-32,+16]=5DC60F28D0F30F108B040100000F28C2F30F588308010000F30F1193000100000F2FC1760CF30F5CCAF30F118B080100
WatchedAddress: 0x0000019869C77BB0
AccessWidth: 4
AccessType: Write
XMM0.scalar: 313.664124 (0x439CD502)
XMM6.scalar: 308.820435 (0x439A6904)
DR6: 0x00000000FFFF0FF1
DR7: 0x00000000000D0401
RAX: 0x0000000000000000
RBX: 0x0000019869C77AB0
RCX: 0x0000019869C77AB0
RDX: 0x0000000000000000
RSI: 0x0000000000000000
RDI: 0x0000019869C77AB0
RBP: 0x0000006D39BDFC80
R8: 0x0000000000000000
R9: 0x000000000000000E
R10: 0x0000000000000000
R11: 0x0000006D39BDFB60
R12: 0x0000000000000000
R13: 0x0000000000000002
R14: 0x0000000000000000
R15: 0x0000000000000000
Fighter correlations:
RCX -> Slot 0 / Gen 1
RDX -> —
[00:24:14] HARDWARE WRITE TRAP
Sequence: 530
TraceSessionId: 639214175255927292
WatchId: 639214175255927293
ThreadId: 23268
TrapRip: 0x00007FF68FAFCC99
NormalizedTrapRip / code context: NativeProbe | DBXV2.exe+0xBCC99 | code[-32,+16]=0085C075580F57D20F2FF27250F30F58B3000100000F2FF2F30F11B300010000720FF30F108304010000F30F5DC60F28
WatchedAddress: 0x0000019869C77BB0
AccessWidth: 4
AccessType: Write
XMM0.scalar: 0 (0x00000000)
XMM6.scalar: 308.820435 (0x439A6904)
DR6: 0x00000000FFFF0FF1
DR7: 0x00000000000D0401
RAX: 0x0000000000000000
RBX: 0x0000019869C77AB0
RCX: 0x0000019869C77AB0
RDX: 0x0000000000000000
RSI: 0x0000000000000000
RDI: 0x0000019869C77AB0
RBP: 0x0000006D39DDFB50
R8: 0x0000000000000000
R9: 0x000000000000000E
R10: 0x0000000000000000
R11: 0x0000006D39DDFA30
R12: 0x0000000000000000
R13: 0x0000000000000002
R14: 0x0000000000000000
R15: 0x0000000000000000
Fighter correlations:
RCX -> Slot 0 / Gen 1
RDX -> —
[00:24:14] HARDWARE WRITE TRAP
Sequence: 531
TraceSessionId: 639214175255927292
WatchId: 639214175255927293
ThreadId: 23268
TrapRip: 0x00007FF68FAFCCC5
NormalizedTrapRip / code context: NativeProbe | DBXV2.exe+0xBCCC5 | code[-32,+16]=5DC60F28D0F30F108B040100000F28C2F30F588308010000F30F1193000100000F2FC1760CF30F5CCAF30F118B080100
WatchedAddress: 0x0000019869C77BB0
AccessWidth: 4
AccessType: Write
XMM0.scalar: 313.664124 (0x439CD502)
XMM6.scalar: 308.820435 (0x439A6904)
DR6: 0x00000000FFFF0FF1
DR7: 0x00000000000D0401
RAX: 0x0000000000000000
RBX: 0x0000019869C77AB0
RCX: 0x0000019869C77AB0
RDX: 0x0000000000000000
RSI: 0x0000000000000000
RDI: 0x0000019869C77AB0
RBP: 0x0000006D39DDFB50
R8: 0x0000000000000000
R9: 0x000000000000000E
R10: 0x0000000000000000
R11: 0x0000006D39DDFA30
R12: 0x0000000000000000
R13: 0x0000000000000002
R14: 0x0000000000000000
R15: 0x0000000000000000
Fighter correlations:
RCX -> Slot 0 / Gen 1
RDX -> —
[00:24:15] HARDWARE WRITE TRAP
Sequence: 532
TraceSessionId: 639214175255927292
WatchId: 639214175255927293
ThreadId: 24252
TrapRip: 0x00007FF68FAFCC99
NormalizedTrapRip / code context: NativeProbe | DBXV2.exe+0xBCC99 | code[-32,+16]=0085C075580F57D20F2FF27250F30F58B3000100000F2FF2F30F11B300010000720FF30F108304010000F30F5DC60F28
WatchedAddress: 0x0000019869C77BB0
AccessWidth: 4
AccessType: Write
XMM0.scalar: 0 (0x00000000)
XMM6.scalar: 308.820435 (0x439A6904)
DR6: 0x00000000FFFF0FF1
DR7: 0x00000000000D0401
RAX: 0x0000000000000000
RBX: 0x0000019869C77AB0
RCX: 0x0000019869C77AB0
RDX: 0x0000000000000000
RSI: 0x0000000000000000
RDI: 0x0000019869C77AB0
RBP: 0x0000006D39FDF6D0
R8: 0x0000000000000000
R9: 0x000000000000000E
R10: 0x0000000000000000
R11: 0x0000006D39FDF5B0
R12: 0x0000000000000000
R13: 0x0000000000000002
R14: 0x0000000000000000
R15: 0x0000000000000000
Fighter correlations:
RCX -> Slot 0 / Gen 1
RDX -> —
[00:24:15] HARDWARE WRITE TRAP
Sequence: 533
TraceSessionId: 639214175255927292
WatchId: 639214175255927293
ThreadId: 24252
TrapRip: 0x00007FF68FAFCCC5
NormalizedTrapRip / code context: NativeProbe | DBXV2.exe+0xBCCC5 | code[-32,+16]=5DC60F28D0F30F108B040100000F28C2F30F588308010000F30F1193000100000F2FC1760CF30F5CCAF30F118B080100
WatchedAddress: 0x0000019869C77BB0
AccessWidth: 4
AccessType: Write
XMM0.scalar: 313.664124 (0x439CD502)
XMM6.scalar: 308.820435 (0x439A6904)
DR6: 0x00000000FFFF0FF1
DR7: 0x00000000000D0401
RAX: 0x0000000000000000
RBX: 0x0000019869C77AB0
RCX: 0x0000019869C77AB0
RDX: 0x0000000000000000
RSI: 0x0000000000000000
RDI: 0x0000019869C77AB0
RBP: 0x0000006D39FDF6D0
R8: 0x0000000000000000
R9: 0x000000000000000E
R10: 0x0000000000000000
R11: 0x0000006D39FDF5B0
R12: 0x0000000000000000
R13: 0x0000000000000002
R14: 0x0000000000000000
R15: 0x0000000000000000
Fighter correlations:
RCX -> Slot 0 / Gen 1
RDX -> —
[00:24:15] HARDWARE WRITE TRAP
Sequence: 534
TraceSessionId: 639214175255927292
WatchId: 639214175255927293
ThreadId: 11196
TrapRip: 0x00007FF68FAFCC99
NormalizedTrapRip / code context: NativeProbe | DBXV2.exe+0xBCC99 | code[-32,+16]=0085C075580F57D20F2FF27250F30F58B3000100000F2FF2F30F11B300010000720FF30F108304010000F30F5DC60F28
WatchedAddress: 0x0000019869C77BB0
AccessWidth: 4
AccessType: Write
XMM0.scalar: 0 (0x00000000)
XMM6.scalar: 308.820435 (0x439A6904)
DR6: 0x00000000FFFF0FF1
DR7: 0x00000000000D0401
RAX: 0x0000000000000000
RBX: 0x0000019869C77AB0
RCX: 0x0000019869C77AB0
RDX: 0x0000000000000000
RSI: 0x0000000000000000
RDI: 0x0000019869C77AB0
RBP: 0x0000006D399DFA10
R8: 0x0000000000000000
R9: 0x000000000000000E
R10: 0x0000000000000000
R11: 0x0000006D399DF8F0
R12: 0x0000000000000000
R13: 0x0000000000000002
R14: 0x0000000000000000
R15: 0x0000000000000000
Fighter correlations:
RCX -> Slot 0 / Gen 1
RDX -> —
[00:24:15] HARDWARE WRITE TRAP
Sequence: 535
TraceSessionId: 639214175255927292
WatchId: 639214175255927293
ThreadId: 11196
TrapRip: 0x00007FF68FAFCCC5
NormalizedTrapRip / code context: NativeProbe | DBXV2.exe+0xBCCC5 | code[-32,+16]=5DC60F28D0F30F108B040100000F28C2F30F588308010000F30F1193000100000F2FC1760CF30F5CCAF30F118B080100
WatchedAddress: 0x0000019869C77BB0
AccessWidth: 4
AccessType: Write
XMM0.scalar: 313.664124 (0x439CD502)
XMM6.scalar: 308.820435 (0x439A6904)
DR6: 0x00000000FFFF0FF1
DR7: 0x00000000000D0401
RAX: 0x0000000000000000
RBX: 0x0000019869C77AB0
RCX: 0x0000019869C77AB0
RDX: 0x0000000000000000
RSI: 0x0000000000000000
RDI: 0x0000019869C77AB0
RBP: 0x0000006D399DFA10
R8: 0x0000000000000000
R9: 0x000000000000000E
R10: 0x0000000000000000
R11: 0x0000006D399DF8F0
R12: 0x0000000000000000
R13: 0x0000000000000002
R14: 0x0000000000000000
R15: 0x0000000000000000
Fighter correlations:
RCX -> Slot 0 / Gen 1
RDX -> —
[00:24:15] HARDWARE WRITE TRAP
Sequence: 536
TraceSessionId: 639214175255927292
WatchId: 639214175255927293
ThreadId: 24252
TrapRip: 0x00007FF68FAFCC99
NormalizedTrapRip / code context: NativeProbe | DBXV2.exe+0xBCC99 | code[-32,+16]=0085C075580F57D20F2FF27250F30F58B3000100000F2FF2F30F11B300010000720FF30F108304010000F30F5DC60F28
WatchedAddress: 0x0000019869C77BB0
AccessWidth: 4
AccessType: Write
XMM0.scalar: 0 (0x00000000)
XMM6.scalar: 308.820435 (0x439A6904)
DR6: 0x00000000FFFF0FF1
DR7: 0x00000000000D0401
RAX: 0x0000000000000000
RBX: 0x0000019869C77AB0
RCX: 0x0000019869C77AB0
RDX: 0x0000000000000000
RSI: 0x0000000000000000
RDI: 0x0000019869C77AB0
RBP: 0x0000006D39FDF6D0
R8: 0x0000000000000000
R9: 0x000000000000000E
R10: 0x0000000000000000
R11: 0x0000006D39FDF5B0
R12: 0x0000000000000000
R13: 0x0000000000000002
R14: 0x0000000000000000
R15: 0x0000000000000000
Fighter correlations:
RCX -> Slot 0 / Gen 1
RDX -> —
[00:24:15] HARDWARE WRITE TRAP
Sequence: 537
TraceSessionId: 639214175255927292
WatchId: 639214175255927293
ThreadId: 24252
TrapRip: 0x00007FF68FAFCCC5
NormalizedTrapRip / code context: NativeProbe | DBXV2.exe+0xBCCC5 | code[-32,+16]=5DC60F28D0F30F108B040100000F28C2F30F588308010000F30F1193000100000F2FC1760CF30F5CCAF30F118B080100
WatchedAddress: 0x0000019869C77BB0
AccessWidth: 4
AccessType: Write
XMM0.scalar: 313.664124 (0x439CD502)
XMM6.scalar: 308.820435 (0x439A6904)
DR6: 0x00000000FFFF0FF1
DR7: 0x00000000000D0401
RAX: 0x0000000000000000
RBX: 0x0000019869C77AB0
RCX: 0x0000019869C77AB0
RDX: 0x0000000000000000
RSI: 0x0000000000000000
RDI: 0x0000019869C77AB0
RBP: 0x0000006D39FDF6D0
R8: 0x0000000000000000
R9: 0x000000000000000E
R10: 0x0000000000000000
R11: 0x0000006D39FDF5B0
R12: 0x0000000000000000
R13: 0x0000000000000002
R14: 0x0000000000000000
R15: 0x0000000000000000
Fighter correlations:
RCX -> Slot 0 / Gen 1
RDX -> —
[00:24:15] HARDWARE WRITE TRAP
Sequence: 538
TraceSessionId: 639214175255927292
WatchId: 639214175255927293
ThreadId: 23268
TrapRip: 0x00007FF68FAFCC99
NormalizedTrapRip / code context: NativeProbe | DBXV2.exe+0xBCC99 | code[-32,+16]=0085C075580F57D20F2FF27250F30F58B3000100000F2FF2F30F11B300010000720FF30F108304010000F30F5DC60F28
WatchedAddress: 0x0000019869C77BB0
AccessWidth: 4
AccessType: Write
XMM0.scalar: 0 (0x00000000)
XMM6.scalar: 308.820435 (0x439A6904)
DR6: 0x00000000FFFF0FF1
DR7: 0x00000000000D0401
RAX: 0x0000000000000000
RBX: 0x0000019869C77AB0
RCX: 0x0000019869C77AB0
RDX: 0x0000000000000000
RSI: 0x0000000000000000
RDI: 0x0000019869C77AB0
RBP: 0x0000006D39DDFB50
R8: 0x0000000000000000
R9: 0x000000000000000E
R10: 0x0000000000000000
R11: 0x0000006D39DDFA30
R12: 0x0000000000000000
R13: 0x0000000000000002
R14: 0x0000000000000000
R15: 0x0000000000000000
Fighter correlations:
RCX -> Slot 0 / Gen 1
RDX -> —
[00:24:15] HARDWARE WRITE TRAP
Sequence: 539
TraceSessionId: 639214175255927292
WatchId: 639214175255927293
ThreadId: 23268
TrapRip: 0x00007FF68FAFCCC5
NormalizedTrapRip / code context: NativeProbe | DBXV2.exe+0xBCCC5 | code[-32,+16]=5DC60F28D0F30F108B040100000F28C2F30F588308010000F30F1193000100000F2FC1760CF30F5CCAF30F118B080100
WatchedAddress: 0x0000019869C77BB0
AccessWidth: 4
AccessType: Write
XMM0.scalar: 313.664124 (0x439CD502)
XMM6.scalar: 308.820435 (0x439A6904)
DR6: 0x00000000FFFF0FF1
DR7: 0x00000000000D0401
RAX: 0x0000000000000000
RBX: 0x0000019869C77AB0
RCX: 0x0000019869C77AB0
RDX: 0x0000000000000000
RSI: 0x0000000000000000
RDI: 0x0000019869C77AB0
RBP: 0x0000006D39DDFB50
R8: 0x0000000000000000
R9: 0x000000000000000E
R10: 0x0000000000000000
R11: 0x0000006D39DDFA30
R12: 0x0000000000000000
R13: 0x0000000000000002
R14: 0x0000000000000000
R15: 0x0000000000000000
Fighter correlations:
RCX -> Slot 0 / Gen 1
RDX -> —
[00:24:15] HARDWARE WRITE TRAP
Sequence: 540
TraceSessionId: 639214175255927292
WatchId: 639214175255927293
ThreadId: 17612
TrapRip: 0x00007FF68FAFCC99
NormalizedTrapRip / code context: NativeProbe | DBXV2.exe+0xBCC99 | code[-32,+16]=0085C075580F57D20F2FF27250F30F58B3000100000F2FF2F30F11B300010000720FF30F108304010000F30F5DC60F28
WatchedAddress: 0x0000019869C77BB0
AccessWidth: 4
AccessType: Write
XMM0.scalar: 0 (0x00000000)
XMM6.scalar: 308.820435 (0x439A6904)
DR6: 0x00000000FFFF0FF1
DR7: 0x00000000000D0401
RAX: 0x0000000000000000
RBX: 0x0000019869C77AB0
RCX: 0x0000019869C77AB0
RDX: 0x0000000000000000
RSI: 0x0000000000000000
RDI: 0x0000019869C77AB0
RBP: 0x0000006D39EDFAA0
R8: 0x0000000000000000
R9: 0x000000000000000E
R10: 0x0000000000000000
R11: 0x0000006D39EDF980
R12: 0x0000000000000000
R13: 0x0000000000000002
R14: 0x0000000000000000
R15: 0x0000000000000000
Fighter correlations:
RCX -> Slot 0 / Gen 1
RDX -> —
[00:24:15] HARDWARE WRITE TRAP
Sequence: 541
TraceSessionId: 639214175255927292
WatchId: 639214175255927293
ThreadId: 17612
TrapRip: 0x00007FF68FAFCCC5
NormalizedTrapRip / code context: NativeProbe | DBXV2.exe+0xBCCC5 | code[-32,+16]=5DC60F28D0F30F108B040100000F28C2F30F588308010000F30F1193000100000F2FC1760CF30F5CCAF30F118B080100
WatchedAddress: 0x0000019869C77BB0
AccessWidth: 4
AccessType: Write
XMM0.scalar: 313.664124 (0x439CD502)
XMM6.scalar: 308.820435 (0x439A6904)
DR6: 0x00000000FFFF0FF1
DR7: 0x00000000000D0401
RAX: 0x0000000000000000
RBX: 0x0000019869C77AB0
RCX: 0x0000019869C77AB0
RDX: 0x0000000000000000
RSI: 0x0000000000000000
RDI: 0x0000019869C77AB0
RBP: 0x0000006D39EDFAA0
R8: 0x0000000000000000
R9: 0x000000000000000E
R10: 0x0000000000000000
R11: 0x0000006D39EDF980
R12: 0x0000000000000000
R13: 0x0000000000000002
R14: 0x0000000000000000
R15: 0x0000000000000000
Fighter correlations:
RCX -> Slot 0 / Gen 1
RDX -> —
[00:24:15] HARDWARE WRITE TRAP
Sequence: 542
TraceSessionId: 639214175255927292
WatchId: 639214175255927293
ThreadId: 18620
TrapRip: 0x00007FF68FAFCC99
NormalizedTrapRip / code context: NativeProbe | DBXV2.exe+0xBCC99 | code[-32,+16]=0085C075580F57D20F2FF27250F30F58B3000100000F2FF2F30F11B300010000720FF30F108304010000F30F5DC60F28
WatchedAddress: 0x0000019869C77BB0
AccessWidth: 4
AccessType: Write
XMM0.scalar: 0 (0x00000000)
XMM6.scalar: 308.820435 (0x439A6904)
DR6: 0x00000000FFFF0FF1
DR7: 0x00000000000D0401
RAX: 0x0000000000000000
RBX: 0x0000019869C77AB0
RCX: 0x0000019869C77AB0
RDX: 0x0000000000000000
RSI: 0x0000000000000000
RDI: 0x0000019869C77AB0
RBP: 0x0000006D39CDF600
R8: 0x0000000000000000
R9: 0x000000000000000E
R10: 0x0000000000000000
R11: 0x0000006D39CDF4E0
R12: 0x0000000000000000
R13: 0x0000000000000002
R14: 0x0000000000000000
R15: 0x0000000000000000
Fighter correlations:
RCX -> Slot 0 / Gen 1
RDX -> —
[00:24:15] HARDWARE WRITE TRAP
Sequence: 543
TraceSessionId: 639214175255927292
WatchId: 639214175255927293
ThreadId: 18620
TrapRip: 0x00007FF68FAFCCC5
NormalizedTrapRip / code context: NativeProbe | DBXV2.exe+0xBCCC5 | code[-32,+16]=5DC60F28D0F30F108B040100000F28C2F30F588308010000F30F1193000100000F2FC1760CF30F5CCAF30F118B080100
WatchedAddress: 0x0000019869C77BB0
AccessWidth: 4
AccessType: Write
XMM0.scalar: 313.664124 (0x439CD502)
XMM6.scalar: 308.820435 (0x439A6904)
DR6: 0x00000000FFFF0FF1
DR7: 0x00000000000D0401
RAX: 0x0000000000000000
RBX: 0x0000019869C77AB0
RCX: 0x0000019869C77AB0
RDX: 0x0000000000000000
RSI: 0x0000000000000000
RDI: 0x0000019869C77AB0
RBP: 0x0000006D39CDF600
R8: 0x0000000000000000
R9: 0x000000000000000E
R10: 0x0000000000000000
R11: 0x0000006D39CDF4E0
R12: 0x0000000000000000
R13: 0x0000000000000002
R14: 0x0000000000000000
R15: 0x0000000000000000
Fighter correlations:
RCX -> Slot 0 / Gen 1
RDX -> —
[00:24:15] HARDWARE WRITE TRAP
Sequence: 544
TraceSessionId: 639214175255927292
WatchId: 639214175255927293
ThreadId: 18620
TrapRip: 0x00007FF68FAFCC99
NormalizedTrapRip / code context: NativeProbe | DBXV2.exe+0xBCC99 | code[-32,+16]=0085C075580F57D20F2FF27250F30F58B3000100000F2FF2F30F11B300010000720FF30F108304010000F30F5DC60F28
WatchedAddress: 0x0000019869C77BB0
AccessWidth: 4
AccessType: Write
XMM0.scalar: 0 (0x00000000)
XMM6.scalar: 308.820435 (0x439A6904)
DR6: 0x00000000FFFF0FF1
DR7: 0x00000000000D0401
RAX: 0x0000000000000000
RBX: 0x0000019869C77AB0
RCX: 0x0000019869C77AB0
RDX: 0x0000000000000000
RSI: 0x0000000000000000
RDI: 0x0000019869C77AB0
RBP: 0x0000006D39CDF600
R8: 0x0000000000000000
R9: 0x000000000000000E
R10: 0x0000000000000000
R11: 0x0000006D39CDF4E0
R12: 0x0000000000000000
R13: 0x0000000000000002
R14: 0x0000000000000000
R15: 0x0000000000000000
Fighter correlations:
RCX -> Slot 0 / Gen 1
RDX -> —
[00:24:15] HARDWARE WRITE TRAP
Sequence: 545
TraceSessionId: 639214175255927292
WatchId: 639214175255927293
ThreadId: 18620
TrapRip: 0x00007FF68FAFCCC5
NormalizedTrapRip / code context: NativeProbe | DBXV2.exe+0xBCCC5 | code[-32,+16]=5DC60F28D0F30F108B040100000F28C2F30F588308010000F30F1193000100000F2FC1760CF30F5CCAF30F118B080100
WatchedAddress: 0x0000019869C77BB0
AccessWidth: 4
AccessType: Write
XMM0.scalar: 313.664124 (0x439CD502)
XMM6.scalar: 308.820435 (0x439A6904)
DR6: 0x00000000FFFF0FF1
DR7: 0x00000000000D0401
RAX: 0x0000000000000000
RBX: 0x0000019869C77AB0
RCX: 0x0000019869C77AB0
RDX: 0x0000000000000000
RSI: 0x0000000000000000
RDI: 0x0000019869C77AB0
RBP: 0x0000006D39CDF600
R8: 0x0000000000000000
R9: 0x000000000000000E
R10: 0x0000000000000000
R11: 0x0000006D39CDF4E0
R12: 0x0000000000000000
R13: 0x0000000000000002
R14: 0x0000000000000000
R15: 0x0000000000000000
Fighter correlations:
RCX -> Slot 0 / Gen 1
RDX -> —
[00:24:15] HARDWARE WRITE TRAP
Sequence: 546
TraceSessionId: 639214175255927292
WatchId: 639214175255927293
ThreadId: 17612
TrapRip: 0x00007FF68FAFCC99
NormalizedTrapRip / code context: NativeProbe | DBXV2.exe+0xBCC99 | code[-32,+16]=0085C075580F57D20F2FF27250F30F58B3000100000F2FF2F30F11B300010000720FF30F108304010000F30F5DC60F28
WatchedAddress: 0x0000019869C77BB0
AccessWidth: 4
AccessType: Write
XMM0.scalar: 0 (0x00000000)
XMM6.scalar: 308.820435 (0x439A6904)
DR6: 0x00000000FFFF0FF1
DR7: 0x00000000000D0401
RAX: 0x0000000000000000
RBX: 0x0000019869C77AB0
RCX: 0x0000019869C77AB0
RDX: 0x0000000000000000
RSI: 0x0000000000000000
RDI: 0x0000019869C77AB0
RBP: 0x0000006D39EDFAA0
R8: 0x0000000000000000
R9: 0x000000000000000E
R10: 0x0000000000000000
R11: 0x0000006D39EDF980
R12: 0x0000000000000000
R13: 0x0000000000000002
R14: 0x0000000000000000
R15: 0x0000000000000000
Fighter correlations:
RCX -> Slot 0 / Gen 1
RDX -> —
[00:24:15] HARDWARE WRITE TRAP
Sequence: 547
TraceSessionId: 639214175255927292
WatchId: 639214175255927293
ThreadId: 17612
TrapRip: 0x00007FF68FAFCCC5
NormalizedTrapRip / code context: NativeProbe | DBXV2.exe+0xBCCC5 | code[-32,+16]=5DC60F28D0F30F108B040100000F28C2F30F588308010000F30F1193000100000F2FC1760CF30F5CCAF30F118B080100
WatchedAddress: 0x0000019869C77BB0
AccessWidth: 4
AccessType: Write
XMM0.scalar: 313.664124 (0x439CD502)
XMM6.scalar: 308.820435 (0x439A6904)
DR6: 0x00000000FFFF0FF1
DR7: 0x00000000000D0401
RAX: 0x0000000000000000
RBX: 0x0000019869C77AB0
RCX: 0x0000019869C77AB0
RDX: 0x0000000000000000
RSI: 0x0000000000000000
RDI: 0x0000019869C77AB0
RBP: 0x0000006D39EDFAA0
R8: 0x0000000000000000
R9: 0x000000000000000E
R10: 0x0000000000000000
R11: 0x0000006D39EDF980
R12: 0x0000000000000000
R13: 0x0000000000000002
R14: 0x0000000000000000
R15: 0x0000000000000000
Fighter correlations:
RCX -> Slot 0 / Gen 1
RDX -> —
[00:24:15] HARDWARE WRITE TRAP
Sequence: 548
TraceSessionId: 639214175255927292
WatchId: 639214175255927293
ThreadId: 16992
TrapRip: 0x00007FF68FAFCC99
NormalizedTrapRip / code context: NativeProbe | DBXV2.exe+0xBCC99 | code[-32,+16]=0085C075580F57D20F2FF27250F30F58B3000100000F2FF2F30F11B300010000720FF30F108304010000F30F5DC60F28
WatchedAddress: 0x0000019869C77BB0
AccessWidth: 4
AccessType: Write
XMM0.scalar: 0 (0x00000000)
XMM6.scalar: 308.820435 (0x439A6904)
DR6: 0x00000000FFFF0FF1
DR7: 0x00000000000D0401
RAX: 0x0000000000000000
RBX: 0x0000019869C77AB0
RCX: 0x0000019869C77AB0
RDX: 0x0000000000000000
RSI: 0x0000000000000000
RDI: 0x0000019869C77AB0
RBP: 0x0000006D398DFA20
R8: 0x0000000000000000
R9: 0x000000000000000E
R10: 0x0000000000000000
R11: 0x0000006D398DF900
R12: 0x0000000000000000
R13: 0x0000000000000002
R14: 0x0000000000000000
R15: 0x0000000000000000
Fighter correlations:
RCX -> Slot 0 / Gen 1
RDX -> —
[00:24:15] HARDWARE WRITE TRAP
Sequence: 549
TraceSessionId: 639214175255927292
WatchId: 639214175255927293
ThreadId: 16992
TrapRip: 0x00007FF68FAFCCC5
NormalizedTrapRip / code context: NativeProbe | DBXV2.exe+0xBCCC5 | code[-32,+16]=5DC60F28D0F30F108B040100000F28C2F30F588308010000F30F1193000100000F2FC1760CF30F5CCAF30F118B080100
WatchedAddress: 0x0000019869C77BB0
AccessWidth: 4
AccessType: Write
XMM0.scalar: 313.664124 (0x439CD502)
XMM6.scalar: 308.820435 (0x439A6904)
DR6: 0x00000000FFFF0FF1
DR7: 0x00000000000D0401
RAX: 0x0000000000000000
RBX: 0x0000019869C77AB0
RCX: 0x0000019869C77AB0
RDX: 0x0000000000000000
RSI: 0x0000000000000000
RDI: 0x0000019869C77AB0
RBP: 0x0000006D398DFA20
R8: 0x0000000000000000
R9: 0x000000000000000E
R10: 0x0000000000000000
R11: 0x0000006D398DF900
R12: 0x0000000000000000
R13: 0x0000000000000002
R14: 0x0000000000000000
R15: 0x0000000000000000
Fighter correlations:
RCX -> Slot 0 / Gen 1
RDX -> —
[00:24:15] HARDWARE WRITE TRAP
Sequence: 550
TraceSessionId: 639214175255927292
WatchId: 639214175255927293
ThreadId: 11196
TrapRip: 0x00007FF68FAFCC99
NormalizedTrapRip / code context: NativeProbe | DBXV2.exe+0xBCC99 | code[-32,+16]=0085C075580F57D20F2FF27250F30F58B3000100000F2FF2F30F11B300010000720FF30F108304010000F30F5DC60F28
WatchedAddress: 0x0000019869C77BB0
AccessWidth: 4
AccessType: Write
XMM0.scalar: 0 (0x00000000)
XMM6.scalar: 308.820435 (0x439A6904)
DR6: 0x00000000FFFF0FF1
DR7: 0x00000000000D0401
RAX: 0x0000000000000000
RBX: 0x0000019869C77AB0
RCX: 0x0000019869C77AB0
RDX: 0x0000000000000000
RSI: 0x0000000000000000
RDI: 0x0000019869C77AB0
RBP: 0x0000006D399DFA10
R8: 0x0000000000000000
R9: 0x000000000000000E
R10: 0x0000000000000000
R11: 0x0000006D399DF8F0
R12: 0x0000000000000000
R13: 0x0000000000000002
R14: 0x0000000000000000
R15: 0x0000000000000000
Fighter correlations:
RCX -> Slot 0 / Gen 1
RDX -> —
[00:24:15] HARDWARE WRITE TRAP
Sequence: 551
TraceSessionId: 639214175255927292
WatchId: 639214175255927293
ThreadId: 11196
TrapRip: 0x00007FF68FAFCCC5
NormalizedTrapRip / code context: NativeProbe | DBXV2.exe+0xBCCC5 | code[-32,+16]=5DC60F28D0F30F108B040100000F28C2F30F588308010000F30F1193000100000F2FC1760CF30F5CCAF30F118B080100
WatchedAddress: 0x0000019869C77BB0
AccessWidth: 4
AccessType: Write
XMM0.scalar: 313.664124 (0x439CD502)
XMM6.scalar: 308.820435 (0x439A6904)
DR6: 0x00000000FFFF0FF1
DR7: 0x00000000000D0401
RAX: 0x0000000000000000
RBX: 0x0000019869C77AB0
RCX: 0x0000019869C77AB0
RDX: 0x0000000000000000
RSI: 0x0000000000000000
RDI: 0x0000019869C77AB0
RBP: 0x0000006D399DFA10
R8: 0x0000000000000000
R9: 0x000000000000000E
R10: 0x0000000000000000
R11: 0x0000006D399DF8F0
R12: 0x0000000000000000
R13: 0x0000000000000002
R14: 0x0000000000000000
R15: 0x0000000000000000
Fighter correlations:
RCX -> Slot 0 / Gen 1
RDX -> —
[00:24:15] HARDWARE WRITE TRAP
Sequence: 552
TraceSessionId: 639214175255927292
WatchId: 639214175255927293
ThreadId: 17612
TrapRip: 0x00007FF68FAFCC99
NormalizedTrapRip / code context: NativeProbe | DBXV2.exe+0xBCC99 | code[-32,+16]=0085C075580F57D20F2FF27250F30F58B3000100000F2FF2F30F11B300010000720FF30F108304010000F30F5DC60F28
WatchedAddress: 0x0000019869C77BB0
AccessWidth: 4
AccessType: Write
XMM0.scalar: 0 (0x00000000)
XMM6.scalar: 308.820435 (0x439A6904)
DR6: 0x00000000FFFF0FF1
DR7: 0x00000000000D0401
RAX: 0x0000000000000000
RBX: 0x0000019869C77AB0
RCX: 0x0000019869C77AB0
RDX: 0x0000000000000000
RSI: 0x0000000000000000
RDI: 0x0000019869C77AB0
RBP: 0x0000006D39EDFAA0
R8: 0x0000000000000000
R9: 0x000000000000000E
R10: 0x0000000000000000
R11: 0x0000006D39EDF980
R12: 0x0000000000000000
R13: 0x0000000000000002
R14: 0x0000000000000000
R15: 0x0000000000000000
Fighter correlations:
RCX -> Slot 0 / Gen 1
RDX -> —
[00:24:15] HARDWARE WRITE TRAP
Sequence: 553
TraceSessionId: 639214175255927292
WatchId: 639214175255927293
ThreadId: 17612
TrapRip: 0x00007FF68FAFCCC5
NormalizedTrapRip / code context: NativeProbe | DBXV2.exe+0xBCCC5 | code[-32,+16]=5DC60F28D0F30F108B040100000F28C2F30F588308010000F30F1193000100000F2FC1760CF30F5CCAF30F118B080100
WatchedAddress: 0x0000019869C77BB0
AccessWidth: 4
AccessType: Write
XMM0.scalar: 313.664124 (0x439CD502)
XMM6.scalar: 308.820435 (0x439A6904)
DR6: 0x00000000FFFF0FF1
DR7: 0x00000000000D0401
RAX: 0x0000000000000000
RBX: 0x0000019869C77AB0
RCX: 0x0000019869C77AB0
RDX: 0x0000000000000000
RSI: 0x0000000000000000
RDI: 0x0000019869C77AB0
RBP: 0x0000006D39EDFAA0
R8: 0x0000000000000000
R9: 0x000000000000000E
R10: 0x0000000000000000
R11: 0x0000006D39EDF980
R12: 0x0000000000000000
R13: 0x0000000000000002
R14: 0x0000000000000000
R15: 0x0000000000000000
Fighter correlations:
RCX -> Slot 0 / Gen 1
RDX -> —
[00:24:15] HARDWARE WRITE TRAP
Sequence: 554
TraceSessionId: 639214175255927292
WatchId: 639214175255927293
ThreadId: 17612
TrapRip: 0x00007FF68FAFCC99
NormalizedTrapRip / code context: NativeProbe | DBXV2.exe+0xBCC99 | code[-32,+16]=0085C075580F57D20F2FF27250F30F58B3000100000F2FF2F30F11B300010000720FF30F108304010000F30F5DC60F28
WatchedAddress: 0x0000019869C77BB0
AccessWidth: 4
AccessType: Write
XMM0.scalar: 0 (0x00000000)
XMM6.scalar: 308.820435 (0x439A6904)
DR6: 0x00000000FFFF0FF1
DR7: 0x00000000000D0401
RAX: 0x0000000000000000
RBX: 0x0000019869C77AB0
RCX: 0x0000019869C77AB0
RDX: 0x0000000000000000
RSI: 0x0000000000000000
RDI: 0x0000019869C77AB0
RBP: 0x0000006D39EDFAA0
R8: 0x0000000000000000
R9: 0x000000000000000E
R10: 0x0000000000000000
R11: 0x0000006D39EDF980
R12: 0x0000000000000000
R13: 0x0000000000000002
R14: 0x0000000000000000
R15: 0x0000000000000000
Fighter correlations:
RCX -> Slot 0 / Gen 1
RDX -> —
[00:24:15] HARDWARE WRITE TRAP
Sequence: 555
TraceSessionId: 639214175255927292
WatchId: 639214175255927293
ThreadId: 17612
TrapRip: 0x00007FF68FAFCCC5
NormalizedTrapRip / code context: NativeProbe | DBXV2.exe+0xBCCC5 | code[-32,+16]=5DC60F28D0F30F108B040100000F28C2F30F588308010000F30F1193000100000F2FC1760CF30F5CCAF30F118B080100
WatchedAddress: 0x0000019869C77BB0
AccessWidth: 4
AccessType: Write
XMM0.scalar: 313.664124 (0x439CD502)
XMM6.scalar: 308.820435 (0x439A6904)
DR6: 0x00000000FFFF0FF1
DR7: 0x00000000000D0401
RAX: 0x0000000000000000
RBX: 0x0000019869C77AB0
RCX: 0x0000019869C77AB0
RDX: 0x0000000000000000
RSI: 0x0000000000000000
RDI: 0x0000019869C77AB0
RBP: 0x0000006D39EDFAA0
R8: 0x0000000000000000
R9: 0x000000000000000E
R10: 0x0000000000000000
R11: 0x0000006D39EDF980
R12: 0x0000000000000000
R13: 0x0000000000000002
R14: 0x0000000000000000
R15: 0x0000000000000000
Fighter correlations:
RCX -> Slot 0 / Gen 1
RDX -> —
[00:24:15] HARDWARE WRITE TRAP
Sequence: 556
TraceSessionId: 639214175255927292
WatchId: 639214175255927293
ThreadId: 24252
TrapRip: 0x00007FF68FAFCC99
NormalizedTrapRip / code context: NativeProbe | DBXV2.exe+0xBCC99 | code[-32,+16]=0085C075580F57D20F2FF27250F30F58B3000100000F2FF2F30F11B300010000720FF30F108304010000F30F5DC60F28
WatchedAddress: 0x0000019869C77BB0
AccessWidth: 4
AccessType: Write
XMM0.scalar: 0 (0x00000000)
XMM6.scalar: 308.820435 (0x439A6904)
DR6: 0x00000000FFFF0FF1
DR7: 0x00000000000D0401
RAX: 0x0000000000000000
RBX: 0x0000019869C77AB0
RCX: 0x0000019869C77AB0
RDX: 0x0000000000000000
RSI: 0x0000000000000000
RDI: 0x0000019869C77AB0
RBP: 0x0000006D39FDF6D0
R8: 0x0000000000000000
R9: 0x000000000000000E
R10: 0x0000000000000000
R11: 0x0000006D39FDF5B0
R12: 0x0000000000000000
R13: 0x0000000000000002
R14: 0x0000000000000000
R15: 0x0000000000000000
Fighter correlations:
RCX -> Slot 0 / Gen 1
RDX -> —
[00:24:15] HARDWARE WRITE TRAP
Sequence: 557
TraceSessionId: 639214175255927292
WatchId: 639214175255927293
ThreadId: 24252
TrapRip: 0x00007FF68FAFCCC5
NormalizedTrapRip / code context: NativeProbe | DBXV2.exe+0xBCCC5 | code[-32,+16]=5DC60F28D0F30F108B040100000F28C2F30F588308010000F30F1193000100000F2FC1760CF30F5CCAF30F118B080100
WatchedAddress: 0x0000019869C77BB0
AccessWidth: 4
AccessType: Write
XMM0.scalar: 313.664124 (0x439CD502)
XMM6.scalar: 308.820435 (0x439A6904)
DR6: 0x00000000FFFF0FF1
DR7: 0x00000000000D0401
RAX: 0x0000000000000000
RBX: 0x0000019869C77AB0
RCX: 0x0000019869C77AB0
RDX: 0x0000000000000000
RSI: 0x0000000000000000
RDI: 0x0000019869C77AB0
RBP: 0x0000006D39FDF6D0
R8: 0x0000000000000000
R9: 0x000000000000000E
R10: 0x0000000000000000
R11: 0x0000006D39FDF5B0
R12: 0x0000000000000000
R13: 0x0000000000000002
R14: 0x0000000000000000
R15: 0x0000000000000000
Fighter correlations:
RCX -> Slot 0 / Gen 1
RDX -> —
[00:24:15] HARDWARE WRITE TRAP
Sequence: 558
TraceSessionId: 639214175255927292
WatchId: 639214175255927293
ThreadId: 11196
TrapRip: 0x00007FF68FAFCC99
NormalizedTrapRip / code context: NativeProbe | DBXV2.exe+0xBCC99 | code[-32,+16]=0085C075580F57D20F2FF27250F30F58B3000100000F2FF2F30F11B300010000720FF30F108304010000F30F5DC60F28
WatchedAddress: 0x0000019869C77BB0
AccessWidth: 4
AccessType: Write
XMM0.scalar: 0 (0x00000000)
XMM6.scalar: 308.820435 (0x439A6904)
DR6: 0x00000000FFFF0FF1
DR7: 0x00000000000D0401
RAX: 0x0000000000000000
RBX: 0x0000019869C77AB0
RCX: 0x0000019869C77AB0
RDX: 0x0000000000000000
RSI: 0x0000000000000000
RDI: 0x0000019869C77AB0
RBP: 0x0000006D399DFA10
R8: 0x0000000000000000
R9: 0x000000000000000E
R10: 0x0000000000000000
R11: 0x0000006D399DF8F0
R12: 0x0000000000000000
R13: 0x0000000000000002
R14: 0x0000000000000000
R15: 0x0000000000000000
Fighter correlations:
RCX -> Slot 0 / Gen 1
RDX -> —
[00:24:15] HARDWARE WRITE TRAP
Sequence: 559
TraceSessionId: 639214175255927292
WatchId: 639214175255927293
ThreadId: 11196
TrapRip: 0x00007FF68FAFCCC5
NormalizedTrapRip / code context: NativeProbe | DBXV2.exe+0xBCCC5 | code[-32,+16]=5DC60F28D0F30F108B040100000F28C2F30F588308010000F30F1193000100000F2FC1760CF30F5CCAF30F118B080100
WatchedAddress: 0x0000019869C77BB0
AccessWidth: 4
AccessType: Write
XMM0.scalar: 313.664124 (0x439CD502)
XMM6.scalar: 308.820435 (0x439A6904)
DR6: 0x00000000FFFF0FF1
DR7: 0x00000000000D0401
RAX: 0x0000000000000000
RBX: 0x0000019869C77AB0
RCX: 0x0000019869C77AB0
RDX: 0x0000000000000000
RSI: 0x0000000000000000
RDI: 0x0000019869C77AB0
RBP: 0x0000006D399DFA10
R8: 0x0000000000000000
R9: 0x000000000000000E
R10: 0x0000000000000000
R11: 0x0000006D399DF8F0
R12: 0x0000000000000000
R13: 0x0000000000000002
R14: 0x0000000000000000
R15: 0x0000000000000000
Fighter correlations:
RCX -> Slot 0 / Gen 1
RDX -> —
[00:24:15] HARDWARE WRITE TRAP
Sequence: 560
TraceSessionId: 639214175255927292
WatchId: 639214175255927293
ThreadId: 11196
TrapRip: 0x00007FF68FAFCC99
NormalizedTrapRip / code context: NativeProbe | DBXV2.exe+0xBCC99 | code[-32,+16]=0085C075580F57D20F2FF27250F30F58B3000100000F2FF2F30F11B300010000720FF30F108304010000F30F5DC60F28
WatchedAddress: 0x0000019869C77BB0
AccessWidth: 4
AccessType: Write
XMM0.scalar: 0 (0x00000000)
XMM6.scalar: 308.820435 (0x439A6904)
DR6: 0x00000000FFFF0FF1
DR7: 0x00000000000D0401
RAX: 0x0000000000000000
RBX: 0x0000019869C77AB0
RCX: 0x0000019869C77AB0
RDX: 0x0000000000000000
RSI: 0x0000000000000000
RDI: 0x0000019869C77AB0
RBP: 0x0000006D399DFA10
R8: 0x0000000000000000
R9: 0x000000000000000E
R10: 0x0000000000000000
R11: 0x0000006D399DF8F0
R12: 0x0000000000000000
R13: 0x0000000000000002
R14: 0x0000000000000000
R15: 0x0000000000000000
Fighter correlations:
RCX -> Slot 0 / Gen 1
RDX -> —
[00:24:15] HARDWARE WRITE TRAP
Sequence: 561
TraceSessionId: 639214175255927292
WatchId: 639214175255927293
ThreadId: 11196
TrapRip: 0x00007FF68FAFCCC5
NormalizedTrapRip / code context: NativeProbe | DBXV2.exe+0xBCCC5 | code[-32,+16]=5DC60F28D0F30F108B040100000F28C2F30F588308010000F30F1193000100000F2FC1760CF30F5CCAF30F118B080100
WatchedAddress: 0x0000019869C77BB0
AccessWidth: 4
AccessType: Write
XMM0.scalar: 313.664124 (0x439CD502)
XMM6.scalar: 308.820435 (0x439A6904)
DR6: 0x00000000FFFF0FF1
DR7: 0x00000000000D0401
RAX: 0x0000000000000000
RBX: 0x0000019869C77AB0
RCX: 0x0000019869C77AB0
RDX: 0x0000000000000000
RSI: 0x0000000000000000
RDI: 0x0000019869C77AB0
RBP: 0x0000006D399DFA10
R8: 0x0000000000000000
R9: 0x000000000000000E
R10: 0x0000000000000000
R11: 0x0000006D399DF8F0
R12: 0x0000000000000000
R13: 0x0000000000000002
R14: 0x0000000000000000
R15: 0x0000000000000000
Fighter correlations:
RCX -> Slot 0 / Gen 1
RDX -> —
[00:24:15] HARDWARE WRITE TRAP
Sequence: 562
TraceSessionId: 639214175255927292
WatchId: 639214175255927293
ThreadId: 11196
TrapRip: 0x00007FF68FAFCC99
NormalizedTrapRip / code context: NativeProbe | DBXV2.exe+0xBCC99 | code[-32,+16]=0085C075580F57D20F2FF27250F30F58B3000100000F2FF2F30F11B300010000720FF30F108304010000F30F5DC60F28
WatchedAddress: 0x0000019869C77BB0
AccessWidth: 4
AccessType: Write
XMM0.scalar: 0 (0x00000000)
XMM6.scalar: 308.820435 (0x439A6904)
DR6: 0x00000000FFFF0FF1
DR7: 0x00000000000D0401
RAX: 0x0000000000000000
RBX: 0x0000019869C77AB0
RCX: 0x0000019869C77AB0
RDX: 0x0000000000000000
RSI: 0x0000000000000000
RDI: 0x0000019869C77AB0
RBP: 0x0000006D399DFA10
R8: 0x0000000000000000
R9: 0x000000000000000E
R10: 0x0000000000000000
R11: 0x0000006D399DF8F0
R12: 0x0000000000000000
R13: 0x0000000000000002
R14: 0x0000000000000000
R15: 0x0000000000000000
Fighter correlations:
RCX -> Slot 0 / Gen 1
RDX -> —
[00:24:15] HARDWARE WRITE TRAP
Sequence: 563
TraceSessionId: 639214175255927292
WatchId: 639214175255927293
ThreadId: 11196
TrapRip: 0x00007FF68FAFCCC5
NormalizedTrapRip / code context: NativeProbe | DBXV2.exe+0xBCCC5 | code[-32,+16]=5DC60F28D0F30F108B040100000F28C2F30F588308010000F30F1193000100000F2FC1760CF30F5CCAF30F118B080100
WatchedAddress: 0x0000019869C77BB0
AccessWidth: 4
AccessType: Write
XMM0.scalar: 313.664124 (0x439CD502)
XMM6.scalar: 308.820435 (0x439A6904)
DR6: 0x00000000FFFF0FF1
DR7: 0x00000000000D0401
RAX: 0x0000000000000000
RBX: 0x0000019869C77AB0
RCX: 0x0000019869C77AB0
RDX: 0x0000000000000000
RSI: 0x0000000000000000
RDI: 0x0000019869C77AB0
RBP: 0x0000006D399DFA10
R8: 0x0000000000000000
R9: 0x000000000000000E
R10: 0x0000000000000000
R11: 0x0000006D399DF8F0
R12: 0x0000000000000000
R13: 0x0000000000000002
R14: 0x0000000000000000
R15: 0x0000000000000000
Fighter correlations:
RCX -> Slot 0 / Gen 1
RDX -> —
[00:24:15] HARDWARE WRITE TRAP
Sequence: 564
TraceSessionId: 639214175255927292
WatchId: 639214175255927293
ThreadId: 18620
TrapRip: 0x00007FF68FAFCC99
NormalizedTrapRip / code context: NativeProbe | DBXV2.exe+0xBCC99 | code[-32,+16]=0085C075580F57D20F2FF27250F30F58B3000100000F2FF2F30F11B300010000720FF30F108304010000F30F5DC60F28
WatchedAddress: 0x0000019869C77BB0
AccessWidth: 4
AccessType: Write
XMM0.scalar: 0 (0x00000000)
XMM6.scalar: 308.820435 (0x439A6904)
DR6: 0x00000000FFFF0FF1
DR7: 0x00000000000D0401
RAX: 0x0000000000000000
RBX: 0x0000019869C77AB0
RCX: 0x0000019869C77AB0
RDX: 0x0000000000000000
RSI: 0x0000000000000000
RDI: 0x0000019869C77AB0
RBP: 0x0000006D39CDF600
R8: 0x0000000000000000
R9: 0x000000000000000E
R10: 0x0000000000000000
R11: 0x0000006D39CDF4E0
R12: 0x0000000000000000
R13: 0x0000000000000002
R14: 0x0000000000000000
R15: 0x0000000000000000
Fighter correlations:
RCX -> Slot 0 / Gen 1
RDX -> —
[00:24:15] HARDWARE WRITE TRAP
Sequence: 565
TraceSessionId: 639214175255927292
WatchId: 639214175255927293
ThreadId: 18620
TrapRip: 0x00007FF68FAFCCC5
NormalizedTrapRip / code context: NativeProbe | DBXV2.exe+0xBCCC5 | code[-32,+16]=5DC60F28D0F30F108B040100000F28C2F30F588308010000F30F1193000100000F2FC1760CF30F5CCAF30F118B080100
WatchedAddress: 0x0000019869C77BB0
AccessWidth: 4
AccessType: Write
XMM0.scalar: 313.664124 (0x439CD502)
XMM6.scalar: 308.820435 (0x439A6904)
DR6: 0x00000000FFFF0FF1
DR7: 0x00000000000D0401
RAX: 0x0000000000000000
RBX: 0x0000019869C77AB0
RCX: 0x0000019869C77AB0
RDX: 0x0000000000000000
RSI: 0x0000000000000000
RDI: 0x0000019869C77AB0
RBP: 0x0000006D39CDF600
R8: 0x0000000000000000
R9: 0x000000000000000E
R10: 0x0000000000000000
R11: 0x0000006D39CDF4E0
R12: 0x0000000000000000
R13: 0x0000000000000002
R14: 0x0000000000000000
R15: 0x0000000000000000
Fighter correlations:
RCX -> Slot 0 / Gen 1
RDX -> —
[00:24:15] HARDWARE WRITE TRAP
Sequence: 566
TraceSessionId: 639214175255927292
WatchId: 639214175255927293
ThreadId: 17612
TrapRip: 0x00007FF68FAFCC99
NormalizedTrapRip / code context: NativeProbe | DBXV2.exe+0xBCC99 | code[-32,+16]=0085C075580F57D20F2FF27250F30F58B3000100000F2FF2F30F11B300010000720FF30F108304010000F30F5DC60F28
WatchedAddress: 0x0000019869C77BB0
AccessWidth: 4
AccessType: Write
XMM0.scalar: 0 (0x00000000)
XMM6.scalar: 308.820435 (0x439A6904)
DR6: 0x00000000FFFF0FF1
DR7: 0x00000000000D0401
RAX: 0x0000000000000000
RBX: 0x0000019869C77AB0
RCX: 0x0000019869C77AB0
RDX: 0x0000000000000000
RSI: 0x0000000000000000
RDI: 0x0000019869C77AB0
RBP: 0x0000006D39EDFAA0
R8: 0x0000000000000000
R9: 0x000000000000000E
R10: 0x0000000000000000
R11: 0x0000006D39EDF980
R12: 0x0000000000000000
R13: 0x0000000000000002
R14: 0x0000000000000000
R15: 0x0000000000000000
Fighter correlations:
RCX -> Slot 0 / Gen 1
RDX -> —
[00:24:15] HARDWARE WRITE TRAP
Sequence: 567
TraceSessionId: 639214175255927292
WatchId: 639214175255927293
ThreadId: 17612
TrapRip: 0x00007FF68FAFCCC5
NormalizedTrapRip / code context: NativeProbe | DBXV2.exe+0xBCCC5 | code[-32,+16]=5DC60F28D0F30F108B040100000F28C2F30F588308010000F30F1193000100000F2FC1760CF30F5CCAF30F118B080100
WatchedAddress: 0x0000019869C77BB0
AccessWidth: 4
AccessType: Write
XMM0.scalar: 313.664124 (0x439CD502)
XMM6.scalar: 308.820435 (0x439A6904)
DR6: 0x00000000FFFF0FF1
DR7: 0x00000000000D0401
RAX: 0x0000000000000000
RBX: 0x0000019869C77AB0
RCX: 0x0000019869C77AB0
RDX: 0x0000000000000000
RSI: 0x0000000000000000
RDI: 0x0000019869C77AB0
RBP: 0x0000006D39EDFAA0
R8: 0x0000000000000000
R9: 0x000000000000000E
R10: 0x0000000000000000
R11: 0x0000006D39EDF980
R12: 0x0000000000000000
R13: 0x0000000000000002
R14: 0x0000000000000000
R15: 0x0000000000000000
Fighter correlations:
RCX -> Slot 0 / Gen 1
RDX -> —
[00:24:15] HARDWARE WRITE TRAP
Sequence: 568
TraceSessionId: 639214175255927292
WatchId: 639214175255927293
ThreadId: 196
TrapRip: 0x00007FF68FAFCC99
NormalizedTrapRip / code context: NativeProbe | DBXV2.exe+0xBCC99 | code[-32,+16]=0085C075580F57D20F2FF27250F30F58B3000100000F2FF2F30F11B300010000720FF30F108304010000F30F5DC60F28
WatchedAddress: 0x0000019869C77BB0
AccessWidth: 4
AccessType: Write
XMM0.scalar: 0 (0x00000000)
XMM6.scalar: 308.820435 (0x439A6904)
DR6: 0x00000000FFFF0FF1
DR7: 0x00000000000D0401
RAX: 0x0000000000000000
RBX: 0x0000019869C77AB0
RCX: 0x0000019869C77AB0
RDX: 0x0000000000000000
RSI: 0x0000000000000000
RDI: 0x0000019869C77AB0
RBP: 0x0000006D39BDFC80
R8: 0x0000000000000000
R9: 0x000000000000000E
R10: 0x0000000000000000
R11: 0x0000006D39BDFB60
R12: 0x0000000000000000
R13: 0x0000000000000002
R14: 0x0000000000000000
R15: 0x0000000000000000
Fighter correlations:
RCX -> Slot 0 / Gen 1
RDX -> —
[00:24:15] HARDWARE WRITE TRAP
Sequence: 569
TraceSessionId: 639214175255927292
WatchId: 639214175255927293
ThreadId: 196
TrapRip: 0x00007FF68FAFCCC5
NormalizedTrapRip / code context: NativeProbe | DBXV2.exe+0xBCCC5 | code[-32,+16]=5DC60F28D0F30F108B040100000F28C2F30F588308010000F30F1193000100000F2FC1760CF30F5CCAF30F118B080100
WatchedAddress: 0x0000019869C77BB0
AccessWidth: 4
AccessType: Write
XMM0.scalar: 313.664124 (0x439CD502)
XMM6.scalar: 308.820435 (0x439A6904)
DR6: 0x00000000FFFF0FF1
DR7: 0x00000000000D0401
RAX: 0x0000000000000000
RBX: 0x0000019869C77AB0
RCX: 0x0000019869C77AB0
RDX: 0x0000000000000000
RSI: 0x0000000000000000
RDI: 0x0000019869C77AB0
RBP: 0x0000006D39BDFC80
R8: 0x0000000000000000
R9: 0x000000000000000E
R10: 0x0000000000000000
R11: 0x0000006D39BDFB60
R12: 0x0000000000000000
R13: 0x0000000000000002
R14: 0x0000000000000000
R15: 0x0000000000000000
Fighter correlations:
RCX -> Slot 0 / Gen 1
RDX -> —
[00:24:15] HARDWARE WRITE TRAP
Sequence: 570
TraceSessionId: 639214175255927292
WatchId: 639214175255927293
ThreadId: 196
TrapRip: 0x00007FF68FAFCC99
NormalizedTrapRip / code context: NativeProbe | DBXV2.exe+0xBCC99 | code[-32,+16]=0085C075580F57D20F2FF27250F30F58B3000100000F2FF2F30F11B300010000720FF30F108304010000F30F5DC60F28
WatchedAddress: 0x0000019869C77BB0
AccessWidth: 4
AccessType: Write
XMM0.scalar: 0 (0x00000000)
XMM6.scalar: 308.820435 (0x439A6904)
DR6: 0x00000000FFFF0FF1
DR7: 0x00000000000D0401
RAX: 0x0000000000000000
RBX: 0x0000019869C77AB0
RCX: 0x0000019869C77AB0
RDX: 0x0000000000000000
RSI: 0x0000000000000000
RDI: 0x0000019869C77AB0
RBP: 0x0000006D39BDFC80
R8: 0x0000000000000000
R9: 0x000000000000000E
R10: 0x0000000000000000
R11: 0x0000006D39BDFB60
R12: 0x0000000000000000
R13: 0x0000000000000002
R14: 0x0000000000000000
R15: 0x0000000000000000
Fighter correlations:
RCX -> Slot 0 / Gen 1
RDX -> —
[00:24:15] HARDWARE WRITE TRAP
Sequence: 571
TraceSessionId: 639214175255927292
WatchId: 639214175255927293
ThreadId: 196
TrapRip: 0x00007FF68FAFCCC5
NormalizedTrapRip / code context: NativeProbe | DBXV2.exe+0xBCCC5 | code[-32,+16]=5DC60F28D0F30F108B040100000F28C2F30F588308010000F30F1193000100000F2FC1760CF30F5CCAF30F118B080100
WatchedAddress: 0x0000019869C77BB0
AccessWidth: 4
AccessType: Write
XMM0.scalar: 313.664124 (0x439CD502)
XMM6.scalar: 308.820435 (0x439A6904)
DR6: 0x00000000FFFF0FF1
DR7: 0x00000000000D0401
RAX: 0x0000000000000000
RBX: 0x0000019869C77AB0
RCX: 0x0000019869C77AB0
RDX: 0x0000000000000000
RSI: 0x0000000000000000
RDI: 0x0000019869C77AB0
RBP: 0x0000006D39BDFC80
R8: 0x0000000000000000
R9: 0x000000000000000E
R10: 0x0000000000000000
R11: 0x0000006D39BDFB60
R12: 0x0000000000000000
R13: 0x0000000000000002
R14: 0x0000000000000000
R15: 0x0000000000000000
Fighter correlations:
RCX -> Slot 0 / Gen 1
RDX -> —
[00:24:15] HARDWARE WRITE TRAP
Sequence: 572
TraceSessionId: 639214175255927292
WatchId: 639214175255927293
ThreadId: 17612
TrapRip: 0x00007FF68FAFCC99
NormalizedTrapRip / code context: NativeProbe | DBXV2.exe+0xBCC99 | code[-32,+16]=0085C075580F57D20F2FF27250F30F58B3000100000F2FF2F30F11B300010000720FF30F108304010000F30F5DC60F28
WatchedAddress: 0x0000019869C77BB0
AccessWidth: 4
AccessType: Write
XMM0.scalar: 0 (0x00000000)
XMM6.scalar: 308.820435 (0x439A6904)
DR6: 0x00000000FFFF0FF1
DR7: 0x00000000000D0401
RAX: 0x0000000000000000
RBX: 0x0000019869C77AB0
RCX: 0x0000019869C77AB0
RDX: 0x0000000000000000
RSI: 0x0000000000000000
RDI: 0x0000019869C77AB0
RBP: 0x0000006D39EDFAA0
R8: 0x0000000000000000
R9: 0x000000000000000E
R10: 0x0000000000000000
R11: 0x0000006D39EDF980
R12: 0x0000000000000000
R13: 0x0000000000000002
R14: 0x0000000000000000
R15: 0x0000000000000000
Fighter correlations:
RCX -> Slot 0 / Gen 1
RDX -> —
[00:24:15] HARDWARE WRITE TRAP
Sequence: 573
TraceSessionId: 639214175255927292
WatchId: 639214175255927293
ThreadId: 17612
TrapRip: 0x00007FF68FAFCCC5
NormalizedTrapRip / code context: NativeProbe | DBXV2.exe+0xBCCC5 | code[-32,+16]=5DC60F28D0F30F108B040100000F28C2F30F588308010000F30F1193000100000F2FC1760CF30F5CCAF30F118B080100
WatchedAddress: 0x0000019869C77BB0
AccessWidth: 4
AccessType: Write
XMM0.scalar: 313.664124 (0x439CD502)
XMM6.scalar: 308.820435 (0x439A6904)
DR6: 0x00000000FFFF0FF1
DR7: 0x00000000000D0401
RAX: 0x0000000000000000
RBX: 0x0000019869C77AB0
RCX: 0x0000019869C77AB0
RDX: 0x0000000000000000
RSI: 0x0000000000000000
RDI: 0x0000019869C77AB0
RBP: 0x0000006D39EDFAA0
R8: 0x0000000000000000
R9: 0x000000000000000E
R10: 0x0000000000000000
R11: 0x0000006D39EDF980
R12: 0x0000000000000000
R13: 0x0000000000000002
R14: 0x0000000000000000
R15: 0x0000000000000000
Fighter correlations:
RCX -> Slot 0 / Gen 1
RDX -> —
[00:24:15] HARDWARE WRITE TRAP
Sequence: 574
TraceSessionId: 639214175255927292
WatchId: 639214175255927293
ThreadId: 18620
TrapRip: 0x00007FF68FAFCC99
NormalizedTrapRip / code context: NativeProbe | DBXV2.exe+0xBCC99 | code[-32,+16]=0085C075580F57D20F2FF27250F30F58B3000100000F2FF2F30F11B300010000720FF30F108304010000F30F5DC60F28
WatchedAddress: 0x0000019869C77BB0
AccessWidth: 4
AccessType: Write
XMM0.scalar: 0 (0x00000000)
XMM6.scalar: 308.820435 (0x439A6904)
DR6: 0x00000000FFFF0FF1
DR7: 0x00000000000D0401
RAX: 0x0000000000000000
RBX: 0x0000019869C77AB0
RCX: 0x0000019869C77AB0
RDX: 0x0000000000000000
RSI: 0x0000000000000000
RDI: 0x0000019869C77AB0
RBP: 0x0000006D39CDF600
R8: 0x0000000000000000
R9: 0x000000000000000E
R10: 0x0000000000000001
R11: 0x00007FFC9DC8E746
R12: 0x0000000000000000
R13: 0x0000000000000002
R14: 0x0000000000000000
R15: 0x0000000000000000
Fighter correlations:
RCX -> Slot 0 / Gen 1
RDX -> —
[00:24:15] HARDWARE WRITE TRAP
Sequence: 575
TraceSessionId: 639214175255927292
WatchId: 639214175255927293
ThreadId: 18620
TrapRip: 0x00007FF68FAFCCC5
NormalizedTrapRip / code context: NativeProbe | DBXV2.exe+0xBCCC5 | code[-32,+16]=5DC60F28D0F30F108B040100000F28C2F30F588308010000F30F1193000100000F2FC1760CF30F5CCAF30F118B080100
WatchedAddress: 0x0000019869C77BB0
AccessWidth: 4
AccessType: Write
XMM0.scalar: 313.664124 (0x439CD502)
XMM6.scalar: 308.820435 (0x439A6904)
DR6: 0x00000000FFFF0FF1
DR7: 0x00000000000D0401
RAX: 0x0000000000000000
RBX: 0x0000019869C77AB0
RCX: 0x0000019869C77AB0
RDX: 0x0000000000000000
RSI: 0x0000000000000000
RDI: 0x0000019869C77AB0
RBP: 0x0000006D39CDF600
R8: 0x0000000000000000
R9: 0x000000000000000E
R10: 0x0000000000000001
R11: 0x00007FFC9DC8E746
R12: 0x0000000000000000
R13: 0x0000000000000002
R14: 0x0000000000000000
R15: 0x0000000000000000
Fighter correlations:
RCX -> Slot 0 / Gen 1
RDX -> —
[00:24:15] HARDWARE WRITE TRAP
Sequence: 576
TraceSessionId: 639214175255927292
WatchId: 639214175255927293
ThreadId: 23268
TrapRip: 0x00007FF68FAFCC99
NormalizedTrapRip / code context: NativeProbe | DBXV2.exe+0xBCC99 | code[-32,+16]=0085C075580F57D20F2FF27250F30F58B3000100000F2FF2F30F11B300010000720FF30F108304010000F30F5DC60F28
WatchedAddress: 0x0000019869C77BB0
AccessWidth: 4
AccessType: Write
XMM0.scalar: 0 (0x00000000)
XMM6.scalar: 308.820435 (0x439A6904)
DR6: 0x00000000FFFF0FF1
DR7: 0x00000000000D0401
RAX: 0x0000000000000000
RBX: 0x0000019869C77AB0
RCX: 0x0000019869C77AB0
RDX: 0x0000000000000000
RSI: 0x0000000000000000
RDI: 0x0000019869C77AB0
RBP: 0x0000006D39DDFB50
R8: 0x0000000000000000
R9: 0x000000000000000E
R10: 0x00007FF690A2AA98
R11: 0x0000006D39DDFA30
R12: 0x0000000000000000
R13: 0x0000000000500002
R14: 0x0000000000000000
R15: 0x0000000000000000
Fighter correlations:
RCX -> Slot 0 / Gen 1
RDX -> —
[00:24:15] HARDWARE WRITE TRAP
Sequence: 577
TraceSessionId: 639214175255927292
WatchId: 639214175255927293
ThreadId: 23268
TrapRip: 0x00007FF68FAFCCC5
NormalizedTrapRip / code context: NativeProbe | DBXV2.exe+0xBCCC5 | code[-32,+16]=5DC60F28D0F30F108B040100000F28C2F30F588308010000F30F1193000100000F2FC1760CF30F5CCAF30F118B080100
WatchedAddress: 0x0000019869C77BB0
AccessWidth: 4
AccessType: Write
XMM0.scalar: 313.664124 (0x439CD502)
XMM6.scalar: 308.820435 (0x439A6904)
DR6: 0x00000000FFFF0FF1
DR7: 0x00000000000D0401
RAX: 0x0000000000000000
RBX: 0x0000019869C77AB0
RCX: 0x0000019869C77AB0
RDX: 0x0000000000000000
RSI: 0x0000000000000000
RDI: 0x0000019869C77AB0
RBP: 0x0000006D39DDFB50
R8: 0x0000000000000000
R9: 0x000000000000000E
R10: 0x00007FF690A2AA98
R11: 0x0000006D39DDFA30
R12: 0x0000000000000000
R13: 0x0000000000500002
R14: 0x0000000000000000
R15: 0x0000000000000000
Fighter correlations:
RCX -> Slot 0 / Gen 1
RDX -> —
[00:24:15] HARDWARE WRITE TRAP
Sequence: 578
TraceSessionId: 639214175255927292
WatchId: 639214175255927293
ThreadId: 24252
TrapRip: 0x00007FF68FAFCC99
NormalizedTrapRip / code context: NativeProbe | DBXV2.exe+0xBCC99 | code[-32,+16]=0085C075580F57D20F2FF27250F30F58B3000100000F2FF2F30F11B300010000720FF30F108304010000F30F5DC60F28
WatchedAddress: 0x0000019869C77BB0
AccessWidth: 4
AccessType: Write
XMM0.scalar: 0 (0x00000000)
XMM6.scalar: 308.820435 (0x439A6904)
DR6: 0x00000000FFFF0FF1
DR7: 0x00000000000D0401
RAX: 0x0000000000000000
RBX: 0x0000019869C77AB0
RCX: 0x0000019869C77AB0
RDX: 0x0000000000000000
RSI: 0x0000000000000000
RDI: 0x0000019869C77AB0
RBP: 0x0000006D39FDF6D0
R8: 0x0000000000000000
R9: 0x000000000000000E
R10: 0x00007FF690A2AA98
R11: 0x0000006D39FDF5B0
R12: 0x0000000000000000
R13: 0x0000000000500002
R14: 0x0000000000000000
R15: 0x0000000000000000
Fighter correlations:
RCX -> Slot 0 / Gen 1
RDX -> —
[00:24:15] HARDWARE WRITE TRAP
Sequence: 579
TraceSessionId: 639214175255927292
WatchId: 639214175255927293
ThreadId: 24252
TrapRip: 0x00007FF68FAFCCC5
NormalizedTrapRip / code context: NativeProbe | DBXV2.exe+0xBCCC5 | code[-32,+16]=5DC60F28D0F30F108B040100000F28C2F30F588308010000F30F1193000100000F2FC1760CF30F5CCAF30F118B080100
WatchedAddress: 0x0000019869C77BB0
AccessWidth: 4
AccessType: Write
XMM0.scalar: 313.664124 (0x439CD502)
XMM6.scalar: 308.820435 (0x439A6904)
DR6: 0x00000000FFFF0FF1
DR7: 0x00000000000D0401
RAX: 0x0000000000000000
RBX: 0x0000019869C77AB0
RCX: 0x0000019869C77AB0
RDX: 0x0000000000000000
RSI: 0x0000000000000000
RDI: 0x0000019869C77AB0
RBP: 0x0000006D39FDF6D0
R8: 0x0000000000000000
R9: 0x000000000000000E
R10: 0x00007FF690A2AA98
R11: 0x0000006D39FDF5B0
R12: 0x0000000000000000
R13: 0x0000000000500002
R14: 0x0000000000000000
R15: 0x0000000000000000
Fighter correlations:
RCX -> Slot 0 / Gen 1
RDX -> —
[00:24:15] HARDWARE WRITE TRAP
Sequence: 580
TraceSessionId: 639214175255927292
WatchId: 639214175255927293
ThreadId: 11196
TrapRip: 0x00007FF68FAFCC99
NormalizedTrapRip / code context: NativeProbe | DBXV2.exe+0xBCC99 | code[-32,+16]=0085C075580F57D20F2FF27250F30F58B3000100000F2FF2F30F11B300010000720FF30F108304010000F30F5DC60F28
WatchedAddress: 0x0000019869C77BB0
AccessWidth: 4
AccessType: Write
XMM0.scalar: 0 (0x00000000)
XMM6.scalar: 308.820435 (0x439A6904)
DR6: 0x00000000FFFF0FF1
DR7: 0x00000000000D0401
RAX: 0x0000000000000000
RBX: 0x0000019869C77AB0
RCX: 0x0000019869C77AB0
RDX: 0x0000000000000000
RSI: 0x0000000000000000
RDI: 0x0000019869C77AB0
RBP: 0x0000006D399DFA10
R8: 0x0000000000000000
R9: 0x000000000000000E
R10: 0x00007FF690A2AA98
R11: 0x0000006D399DF8F0
R12: 0x0000000000000000
R13: 0x0000000000500002
R14: 0x0000000000000000
R15: 0x0000000000000000
Fighter correlations:
RCX -> Slot 0 / Gen 1
RDX -> —
[00:24:15] HARDWARE WRITE TRAP
Sequence: 581
TraceSessionId: 639214175255927292
WatchId: 639214175255927293
ThreadId: 11196
TrapRip: 0x00007FF68FAFCCC5
NormalizedTrapRip / code context: NativeProbe | DBXV2.exe+0xBCCC5 | code[-32,+16]=5DC60F28D0F30F108B040100000F28C2F30F588308010000F30F1193000100000F2FC1760CF30F5CCAF30F118B080100
WatchedAddress: 0x0000019869C77BB0
AccessWidth: 4
AccessType: Write
XMM0.scalar: 313.664124 (0x439CD502)
XMM6.scalar: 308.820435 (0x439A6904)
DR6: 0x00000000FFFF0FF1
DR7: 0x00000000000D0401
RAX: 0x0000000000000000
RBX: 0x0000019869C77AB0
RCX: 0x0000019869C77AB0
RDX: 0x0000000000000000
RSI: 0x0000000000000000
RDI: 0x0000019869C77AB0
RBP: 0x0000006D399DFA10
R8: 0x0000000000000000
R9: 0x000000000000000E
R10: 0x00007FF690A2AA98
R11: 0x0000006D399DF8F0
R12: 0x0000000000000000
R13: 0x0000000000500002
R14: 0x0000000000000000
R15: 0x0000000000000000
Fighter correlations:
RCX -> Slot 0 / Gen 1
RDX -> —
[00:24:15] HARDWARE WRITE TRAP
Sequence: 582
TraceSessionId: 639214175255927292
WatchId: 639214175255927293
ThreadId: 11196
TrapRip: 0x00007FF68FAFCC99
NormalizedTrapRip / code context: NativeProbe | DBXV2.exe+0xBCC99 | code[-32,+16]=0085C075580F57D20F2FF27250F30F58B3000100000F2FF2F30F11B300010000720FF30F108304010000F30F5DC60F28
WatchedAddress: 0x0000019869C77BB0
AccessWidth: 4
AccessType: Write
XMM0.scalar: 0 (0x00000000)
XMM6.scalar: 308.820435 (0x439A6904)
DR6: 0x00000000FFFF0FF1
DR7: 0x00000000000D0401
RAX: 0x0000000000000000
RBX: 0x0000019869C77AB0
RCX: 0x0000019869C77AB0
RDX: 0x0000000000000000
RSI: 0x0000000000000000
RDI: 0x0000019869C77AB0
RBP: 0x0000006D399DFA10
R8: 0x0000000000000000
R9: 0x000000000000000E
R10: 0x00007FF690A2AA98
R11: 0x0000006D399DF8F0
R12: 0x0000000000000000
R13: 0x0000000000500002
R14: 0x0000000000000000
R15: 0x0000000000000000
Fighter correlations:
RCX -> Slot 0 / Gen 1
RDX -> —
[00:24:15] HARDWARE WRITE TRAP
Sequence: 583
TraceSessionId: 639214175255927292
WatchId: 639214175255927293
ThreadId: 11196
TrapRip: 0x00007FF68FAFCCC5
NormalizedTrapRip / code context: NativeProbe | DBXV2.exe+0xBCCC5 | code[-32,+16]=5DC60F28D0F30F108B040100000F28C2F30F588308010000F30F1193000100000F2FC1760CF30F5CCAF30F118B080100
WatchedAddress: 0x0000019869C77BB0
AccessWidth: 4
AccessType: Write
XMM0.scalar: 313.664124 (0x439CD502)
XMM6.scalar: 308.820435 (0x439A6904)
DR6: 0x00000000FFFF0FF1
DR7: 0x00000000000D0401
RAX: 0x0000000000000000
RBX: 0x0000019869C77AB0
RCX: 0x0000019869C77AB0
RDX: 0x0000000000000000
RSI: 0x0000000000000000
RDI: 0x0000019869C77AB0
RBP: 0x0000006D399DFA10
R8: 0x0000000000000000
R9: 0x000000000000000E
R10: 0x00007FF690A2AA98
R11: 0x0000006D399DF8F0
R12: 0x0000000000000000
R13: 0x0000000000500002
R14: 0x0000000000000000
R15: 0x0000000000000000
Fighter correlations:
RCX -> Slot 0 / Gen 1
RDX -> —
[00:24:15] HARDWARE WRITE TRAP
Sequence: 584
TraceSessionId: 639214175255927292
WatchId: 639214175255927293
ThreadId: 16992
TrapRip: 0x00007FF68FAFCC99
NormalizedTrapRip / code context: NativeProbe | DBXV2.exe+0xBCC99 | code[-32,+16]=0085C075580F57D20F2FF27250F30F58B3000100000F2FF2F30F11B300010000720FF30F108304010000F30F5DC60F28
WatchedAddress: 0x0000019869C77BB0
AccessWidth: 4
AccessType: Write
XMM0.scalar: 0 (0x00000000)
XMM6.scalar: 308.820435 (0x439A6904)
DR6: 0x00000000FFFF0FF1
DR7: 0x00000000000D0401
RAX: 0x0000000000000000
RBX: 0x0000019869C77AB0
RCX: 0x0000019869C77AB0
RDX: 0x0000000000000000
RSI: 0x0000000000000000
RDI: 0x0000019869C77AB0
RBP: 0x0000006D398DFA20
R8: 0x0000000000000000
R9: 0x000000000000000E
R10: 0x00007FF690A2AA98
R11: 0x0000006D398DF900
R12: 0x0000000000000000
R13: 0x0000000000500002
R14: 0x0000000000000000
R15: 0x0000000000000000
Fighter correlations:
RCX -> Slot 0 / Gen 1
RDX -> —
[00:24:15] HARDWARE WRITE TRAP
Sequence: 585
TraceSessionId: 639214175255927292
WatchId: 639214175255927293
ThreadId: 16992
TrapRip: 0x00007FF68FAFCCC5
NormalizedTrapRip / code context: NativeProbe | DBXV2.exe+0xBCCC5 | code[-32,+16]=5DC60F28D0F30F108B040100000F28C2F30F588308010000F30F1193000100000F2FC1760CF30F5CCAF30F118B080100
WatchedAddress: 0x0000019869C77BB0
AccessWidth: 4
AccessType: Write
XMM0.scalar: 313.664124 (0x439CD502)
XMM6.scalar: 308.820435 (0x439A6904)
DR6: 0x00000000FFFF0FF1
DR7: 0x00000000000D0401
RAX: 0x0000000000000000
RBX: 0x0000019869C77AB0
RCX: 0x0000019869C77AB0
RDX: 0x0000000000000000
RSI: 0x0000000000000000
RDI: 0x0000019869C77AB0
RBP: 0x0000006D398DFA20
R8: 0x0000000000000000
R9: 0x000000000000000E
R10: 0x00007FF690A2AA98
R11: 0x0000006D398DF900
R12: 0x0000000000000000
R13: 0x0000000000500002
R14: 0x0000000000000000
R15: 0x0000000000000000
Fighter correlations:
RCX -> Slot 0 / Gen 1
RDX -> —
[00:24:15] HARDWARE WRITE TRAP
Sequence: 586
TraceSessionId: 639214175255927292
WatchId: 639214175255927293
ThreadId: 18620
TrapRip: 0x00007FF68FAFCC99
NormalizedTrapRip / code context: NativeProbe | DBXV2.exe+0xBCC99 | code[-32,+16]=0085C075580F57D20F2FF27250F30F58B3000100000F2FF2F30F11B300010000720FF30F108304010000F30F5DC60F28
WatchedAddress: 0x0000019869C77BB0
AccessWidth: 4
AccessType: Write
XMM0.scalar: 0 (0x00000000)
XMM6.scalar: 308.820435 (0x439A6904)
DR6: 0x00000000FFFF0FF1
DR7: 0x00000000000D0401
RAX: 0x0000000000000000
RBX: 0x0000019869C77AB0
RCX: 0x0000019869C77AB0
RDX: 0x0000000000000000
RSI: 0x0000000000000000
RDI: 0x0000019869C77AB0
RBP: 0x0000006D39CDF600
R8: 0x0000000000000000
R9: 0x000000000000000E
R10: 0x00007FF690A2AA98
R11: 0x0000006D39CDF4E0
R12: 0x0000000000000000
R13: 0x0000000000500002
R14: 0x0000000000000000
R15: 0x0000000000000000
Fighter correlations:
RCX -> Slot 0 / Gen 1
RDX -> —
[00:24:15] HARDWARE WRITE TRAP
Sequence: 587
TraceSessionId: 639214175255927292
WatchId: 639214175255927293
ThreadId: 18620
TrapRip: 0x00007FF68FAFCCC5
NormalizedTrapRip / code context: NativeProbe | DBXV2.exe+0xBCCC5 | code[-32,+16]=5DC60F28D0F30F108B040100000F28C2F30F588308010000F30F1193000100000F2FC1760CF30F5CCAF30F118B080100
WatchedAddress: 0x0000019869C77BB0
AccessWidth: 4
AccessType: Write
XMM0.scalar: 313.664124 (0x439CD502)
XMM6.scalar: 308.820435 (0x439A6904)
DR6: 0x00000000FFFF0FF1
DR7: 0x00000000000D0401
RAX: 0x0000000000000000
RBX: 0x0000019869C77AB0
RCX: 0x0000019869C77AB0
RDX: 0x0000000000000000
RSI: 0x0000000000000000
RDI: 0x0000019869C77AB0
RBP: 0x0000006D39CDF600
R8: 0x0000000000000000
R9: 0x000000000000000E
R10: 0x00007FF690A2AA98
R11: 0x0000006D39CDF4E0
R12: 0x0000000000000000
R13: 0x0000000000500002
R14: 0x0000000000000000
R15: 0x0000000000000000
Fighter correlations:
RCX -> Slot 0 / Gen 1
RDX -> —
[00:24:15] HARDWARE WRITE TRAP
Sequence: 588
TraceSessionId: 639214175255927292
WatchId: 639214175255927293
ThreadId: 17612
TrapRip: 0x00007FF68FAFCC99
NormalizedTrapRip / code context: NativeProbe | DBXV2.exe+0xBCC99 | code[-32,+16]=0085C075580F57D20F2FF27250F30F58B3000100000F2FF2F30F11B300010000720FF30F108304010000F30F5DC60F28
WatchedAddress: 0x0000019869C77BB0
AccessWidth: 4
AccessType: Write
XMM0.scalar: 0 (0x00000000)
XMM6.scalar: 308.820435 (0x439A6904)
DR6: 0x00000000FFFF0FF1
DR7: 0x00000000000D0401
RAX: 0x0000000000000000
RBX: 0x0000019869C77AB0
RCX: 0x0000019869C77AB0
RDX: 0x0000000000000000
RSI: 0x0000000000000000
RDI: 0x0000019869C77AB0
RBP: 0x0000006D39EDFAA0
R8: 0x0000000000000000
R9: 0x000000000000000E
R10: 0x00007FF690A2AA98
R11: 0x0000006D39EDF980
R12: 0x0000000000000000
R13: 0x0000000000500002
R14: 0x0000000000000000
R15: 0x0000000000000000
Fighter correlations:
RCX -> Slot 0 / Gen 1
RDX -> —
[00:24:15] HARDWARE WRITE TRAP
Sequence: 589
TraceSessionId: 639214175255927292
WatchId: 639214175255927293
ThreadId: 17612
TrapRip: 0x00007FF68FAFCCC5
NormalizedTrapRip / code context: NativeProbe | DBXV2.exe+0xBCCC5 | code[-32,+16]=5DC60F28D0F30F108B040100000F28C2F30F588308010000F30F1193000100000F2FC1760CF30F5CCAF30F118B080100
WatchedAddress: 0x0000019869C77BB0
AccessWidth: 4
AccessType: Write
XMM0.scalar: 313.664124 (0x439CD502)
XMM6.scalar: 308.820435 (0x439A6904)
DR6: 0x00000000FFFF0FF1
DR7: 0x00000000000D0401
RAX: 0x0000000000000000
RBX: 0x0000019869C77AB0
RCX: 0x0000019869C77AB0
RDX: 0x0000000000000000
RSI: 0x0000000000000000
RDI: 0x0000019869C77AB0
RBP: 0x0000006D39EDFAA0
R8: 0x0000000000000000
R9: 0x000000000000000E
R10: 0x00007FF690A2AA98
R11: 0x0000006D39EDF980
R12: 0x0000000000000000
R13: 0x0000000000500002
R14: 0x0000000000000000
R15: 0x0000000000000000
Fighter correlations:
RCX -> Slot 0 / Gen 1
RDX -> —
[00:24:15] HARDWARE WRITE TRAP
Sequence: 590
TraceSessionId: 639214175255927292
WatchId: 639214175255927293
ThreadId: 11196
TrapRip: 0x00007FF68FAFCC99
NormalizedTrapRip / code context: NativeProbe | DBXV2.exe+0xBCC99 | code[-32,+16]=0085C075580F57D20F2FF27250F30F58B3000100000F2FF2F30F11B300010000720FF30F108304010000F30F5DC60F28
WatchedAddress: 0x0000019869C77BB0
AccessWidth: 4
AccessType: Write
XMM0.scalar: 0 (0x00000000)
XMM6.scalar: 308.820435 (0x439A6904)
DR6: 0x00000000FFFF0FF1
DR7: 0x00000000000D0401
RAX: 0x0000000000000000
RBX: 0x0000019869C77AB0
RCX: 0x0000019869C77AB0
RDX: 0x0000000000000000
RSI: 0x0000000000000000
RDI: 0x0000019869C77AB0
RBP: 0x0000006D399DFA10
R8: 0x0000000000000000
R9: 0x000000000000000E
R10: 0x00007FF690A2AA98
R11: 0x0000006D399DF8F0
R12: 0x0000000000000000
R13: 0x0000000000500002
R14: 0x0000000000000000
R15: 0x0000000000000000
Fighter correlations:
RCX -> Slot 0 / Gen 1
RDX -> —
[00:24:15] HARDWARE WRITE TRAP
Sequence: 591
TraceSessionId: 639214175255927292
WatchId: 639214175255927293
ThreadId: 11196
TrapRip: 0x00007FF68FAFCCC5
NormalizedTrapRip / code context: NativeProbe | DBXV2.exe+0xBCCC5 | code[-32,+16]=5DC60F28D0F30F108B040100000F28C2F30F588308010000F30F1193000100000F2FC1760CF30F5CCAF30F118B080100
WatchedAddress: 0x0000019869C77BB0
AccessWidth: 4
AccessType: Write
XMM0.scalar: 313.664124 (0x439CD502)
XMM6.scalar: 308.820435 (0x439A6904)
DR6: 0x00000000FFFF0FF1
DR7: 0x00000000000D0401
RAX: 0x0000000000000000
RBX: 0x0000019869C77AB0
RCX: 0x0000019869C77AB0
RDX: 0x0000000000000000
RSI: 0x0000000000000000
RDI: 0x0000019869C77AB0
RBP: 0x0000006D399DFA10
R8: 0x0000000000000000
R9: 0x000000000000000E
R10: 0x00007FF690A2AA98
R11: 0x0000006D399DF8F0
R12: 0x0000000000000000
R13: 0x0000000000500002
R14: 0x0000000000000000
R15: 0x0000000000000000
Fighter correlations:
RCX -> Slot 0 / Gen 1
RDX -> —
[00:24:15] HARDWARE WRITE TRAP
Sequence: 592
TraceSessionId: 639214175255927292
WatchId: 639214175255927293
ThreadId: 23268
TrapRip: 0x00007FF68FAFCC99
NormalizedTrapRip / code context: NativeProbe | DBXV2.exe+0xBCC99 | code[-32,+16]=0085C075580F57D20F2FF27250F30F58B3000100000F2FF2F30F11B300010000720FF30F108304010000F30F5DC60F28
WatchedAddress: 0x0000019869C77BB0
AccessWidth: 4
AccessType: Write
XMM0.scalar: 0 (0x00000000)
XMM6.scalar: 308.820435 (0x439A6904)
DR6: 0x00000000FFFF0FF1
DR7: 0x00000000000D0401
RAX: 0x0000000000000000
RBX: 0x0000019869C77AB0
RCX: 0x0000019869C77AB0
RDX: 0x0000000000000000
RSI: 0x0000000000000000
RDI: 0x0000019869C77AB0
RBP: 0x0000006D39DDFB50
R8: 0x0000000000000000
R9: 0x000000000000000E
R10: 0x00007FF690A2AA98
R11: 0x0000006D39DDFA30
R12: 0x0000000000000000
R13: 0x0000000000500002
R14: 0x0000000000000000
R15: 0x0000000000000000
Fighter correlations:
RCX -> Slot 0 / Gen 1
RDX -> —
[00:24:15] HARDWARE WRITE TRAP
Sequence: 593
TraceSessionId: 639214175255927292
WatchId: 639214175255927293
ThreadId: 23268
TrapRip: 0x00007FF68FAFCCC5
NormalizedTrapRip / code context: NativeProbe | DBXV2.exe+0xBCCC5 | code[-32,+16]=5DC60F28D0F30F108B040100000F28C2F30F588308010000F30F1193000100000F2FC1760CF30F5CCAF30F118B080100
WatchedAddress: 0x0000019869C77BB0
AccessWidth: 4
AccessType: Write
XMM0.scalar: 313.664124 (0x439CD502)
XMM6.scalar: 308.820435 (0x439A6904)
DR6: 0x00000000FFFF0FF1
DR7: 0x00000000000D0401
RAX: 0x0000000000000000
RBX: 0x0000019869C77AB0
RCX: 0x0000019869C77AB0
RDX: 0x0000000000000000
RSI: 0x0000000000000000
RDI: 0x0000019869C77AB0
RBP: 0x0000006D39DDFB50
R8: 0x0000000000000000
R9: 0x000000000000000E
R10: 0x00007FF690A2AA98
R11: 0x0000006D39DDFA30
R12: 0x0000000000000000
R13: 0x0000000000500002
R14: 0x0000000000000000
R15: 0x0000000000000000
Fighter correlations:
RCX -> Slot 0 / Gen 1
RDX -> —
[00:24:15] HARDWARE WRITE TRAP
Sequence: 594
TraceSessionId: 639214175255927292
WatchId: 639214175255927293
ThreadId: 23268
TrapRip: 0x00007FF68FAFCC99
NormalizedTrapRip / code context: NativeProbe | DBXV2.exe+0xBCC99 | code[-32,+16]=0085C075580F57D20F2FF27250F30F58B3000100000F2FF2F30F11B300010000720FF30F108304010000F30F5DC60F28
WatchedAddress: 0x0000019869C77BB0
AccessWidth: 4
AccessType: Write
XMM0.scalar: 0 (0x00000000)
XMM6.scalar: 308.820435 (0x439A6904)
DR6: 0x00000000FFFF0FF1
DR7: 0x00000000000D0401
RAX: 0x0000000000000000
RBX: 0x0000019869C77AB0
RCX: 0x0000019869C77AB0
RDX: 0x0000000000000000
RSI: 0x0000000000000000
RDI: 0x0000019869C77AB0
RBP: 0x0000006D39DDFB50
R8: 0x0000000000000000
R9: 0x000000000000000E
R10: 0x00007FF690A2AA98
R11: 0x0000006D39DDFA30
R12: 0x0000000000000000
R13: 0x0000000000500002
R14: 0x0000000000000000
R15: 0x0000000000000000
Fighter correlations:
RCX -> Slot 0 / Gen 1
RDX -> —
[00:24:15] HARDWARE WRITE TRAP
Sequence: 595
TraceSessionId: 639214175255927292
WatchId: 639214175255927293
ThreadId: 23268
TrapRip: 0x00007FF68FAFCCC5
NormalizedTrapRip / code context: NativeProbe | DBXV2.exe+0xBCCC5 | code[-32,+16]=5DC60F28D0F30F108B040100000F28C2F30F588308010000F30F1193000100000F2FC1760CF30F5CCAF30F118B080100
WatchedAddress: 0x0000019869C77BB0
AccessWidth: 4
AccessType: Write
XMM0.scalar: 313.664124 (0x439CD502)
XMM6.scalar: 308.820435 (0x439A6904)
DR6: 0x00000000FFFF0FF1
DR7: 0x00000000000D0401
RAX: 0x0000000000000000
RBX: 0x0000019869C77AB0
RCX: 0x0000019869C77AB0
RDX: 0x0000000000000000
RSI: 0x0000000000000000
RDI: 0x0000019869C77AB0
RBP: 0x0000006D39DDFB50
R8: 0x0000000000000000
R9: 0x000000000000000E
R10: 0x00007FF690A2AA98
R11: 0x0000006D39DDFA30
R12: 0x0000000000000000
R13: 0x0000000000500002
R14: 0x0000000000000000
R15: 0x0000000000000000
Fighter correlations:
RCX -> Slot 0 / Gen 1
RDX -> —
[00:24:15] HARDWARE WRITE TRAP
Sequence: 596
TraceSessionId: 639214175255927292
WatchId: 639214175255927293
ThreadId: 196
TrapRip: 0x00007FF68FAFCC99
NormalizedTrapRip / code context: NativeProbe | DBXV2.exe+0xBCC99 | code[-32,+16]=0085C075580F57D20F2FF27250F30F58B3000100000F2FF2F30F11B300010000720FF30F108304010000F30F5DC60F28
WatchedAddress: 0x0000019869C77BB0
AccessWidth: 4
AccessType: Write
XMM0.scalar: 0 (0x00000000)
XMM6.scalar: 308.820435 (0x439A6904)
DR6: 0x00000000FFFF0FF1
DR7: 0x00000000000D0401
RAX: 0x0000000000000000
RBX: 0x0000019869C77AB0
RCX: 0x0000019869C77AB0
RDX: 0x0000000000000000
RSI: 0x0000000000000000
RDI: 0x0000019869C77AB0
RBP: 0x0000006D39BDFC80
R8: 0x0000000000000000
R9: 0x000000000000000E
R10: 0x00007FF690A2AA98
R11: 0x0000006D39BDFB60
R12: 0x0000000000000000
R13: 0x0000000000500002
R14: 0x0000000000000000
R15: 0x0000000000000000
Fighter correlations:
RCX -> Slot 0 / Gen 1
RDX -> —
[00:24:15] HARDWARE WRITE TRAP
Sequence: 597
TraceSessionId: 639214175255927292
WatchId: 639214175255927293
ThreadId: 196
TrapRip: 0x00007FF68FAFCCC5
NormalizedTrapRip / code context: NativeProbe | DBXV2.exe+0xBCCC5 | code[-32,+16]=5DC60F28D0F30F108B040100000F28C2F30F588308010000F30F1193000100000F2FC1760CF30F5CCAF30F118B080100
WatchedAddress: 0x0000019869C77BB0
AccessWidth: 4
AccessType: Write
XMM0.scalar: 313.664124 (0x439CD502)
XMM6.scalar: 308.820435 (0x439A6904)
DR6: 0x00000000FFFF0FF1
DR7: 0x00000000000D0401
RAX: 0x0000000000000000
RBX: 0x0000019869C77AB0
RCX: 0x0000019869C77AB0
RDX: 0x0000000000000000
RSI: 0x0000000000000000
RDI: 0x0000019869C77AB0
RBP: 0x0000006D39BDFC80
R8: 0x0000000000000000
R9: 0x000000000000000E
R10: 0x00007FF690A2AA98
R11: 0x0000006D39BDFB60
R12: 0x0000000000000000
R13: 0x0000000000500002
R14: 0x0000000000000000
R15: 0x0000000000000000
Fighter correlations:
RCX -> Slot 0 / Gen 1
RDX -> —
[00:24:15] HARDWARE WRITE TRAP
Sequence: 598
TraceSessionId: 639214175255927292
WatchId: 639214175255927293
ThreadId: 18620
TrapRip: 0x00007FF68FAFCC99
NormalizedTrapRip / code context: NativeProbe | DBXV2.exe+0xBCC99 | code[-32,+16]=0085C075580F57D20F2FF27250F30F58B3000100000F2FF2F30F11B300010000720FF30F108304010000F30F5DC60F28
WatchedAddress: 0x0000019869C77BB0
AccessWidth: 4
AccessType: Write
XMM0.scalar: 0 (0x00000000)
XMM6.scalar: 308.820435 (0x439A6904)
DR6: 0x00000000FFFF0FF1
DR7: 0x00000000000D0401
RAX: 0x0000000000000000
RBX: 0x0000019869C77AB0
RCX: 0x0000019869C77AB0
RDX: 0x0000000000000000
RSI: 0x0000000000000000
RDI: 0x0000019869C77AB0
RBP: 0x0000006D39CDF600
R8: 0x0000000000000000
R9: 0x000000000000000E
R10: 0x00007FF690A2AA98
R11: 0x0000006D39CDF4E0
R12: 0x0000000000000000
R13: 0x0000000000500002
R14: 0x0000000000000000
R15: 0x0000000000000000
Fighter correlations:
RCX -> Slot 0 / Gen 1
RDX -> —
[00:24:15] HARDWARE WRITE TRAP
Sequence: 599
TraceSessionId: 639214175255927292
WatchId: 639214175255927293
ThreadId: 18620
TrapRip: 0x00007FF68FAFCCC5
NormalizedTrapRip / code context: NativeProbe | DBXV2.exe+0xBCCC5 | code[-32,+16]=5DC60F28D0F30F108B040100000F28C2F30F588308010000F30F1193000100000F2FC1760CF30F5CCAF30F118B080100
WatchedAddress: 0x0000019869C77BB0
AccessWidth: 4
AccessType: Write
XMM0.scalar: 313.664124 (0x439CD502)
XMM6.scalar: 308.820435 (0x439A6904)
DR6: 0x00000000FFFF0FF1
DR7: 0x00000000000D0401
RAX: 0x0000000000000000
RBX: 0x0000019869C77AB0
RCX: 0x0000019869C77AB0
RDX: 0x0000000000000000
RSI: 0x0000000000000000
RDI: 0x0000019869C77AB0
RBP: 0x0000006D39CDF600
R8: 0x0000000000000000
R9: 0x000000000000000E
R10: 0x00007FF690A2AA98
R11: 0x0000006D39CDF4E0
R12: 0x0000000000000000
R13: 0x0000000000500002
R14: 0x0000000000000000
R15: 0x0000000000000000
Fighter correlations:
RCX -> Slot 0 / Gen 1
RDX -> —
[00:24:15] HARDWARE WRITE TRAP
Sequence: 600
TraceSessionId: 639214175255927292
WatchId: 639214175255927293
ThreadId: 17612
TrapRip: 0x00007FF68FAFCC99
NormalizedTrapRip / code context: NativeProbe | DBXV2.exe+0xBCC99 | code[-32,+16]=0085C075580F57D20F2FF27250F30F58B3000100000F2FF2F30F11B300010000720FF30F108304010000F30F5DC60F28
WatchedAddress: 0x0000019869C77BB0
AccessWidth: 4
AccessType: Write
XMM0.scalar: 0 (0x00000000)
XMM6.scalar: 308.820435 (0x439A6904)
DR6: 0x00000000FFFF0FF1
DR7: 0x00000000000D0401
RAX: 0x0000000000000000
RBX: 0x0000019869C77AB0
RCX: 0x0000019869C77AB0
RDX: 0x0000000000000000
RSI: 0x0000000000000000
RDI: 0x0000019869C77AB0
RBP: 0x0000006D39EDFAA0
R8: 0x0000000000000000
R9: 0x000000000000000E
R10: 0x00007FF690A2AA98
R11: 0x0000006D39EDF980
R12: 0x0000000000000000
R13: 0x0000000000500002
R14: 0x0000000000000000
R15: 0x0000000000000000
Fighter correlations:
RCX -> Slot 0 / Gen 1
RDX -> —
[00:24:15] HARDWARE WRITE TRAP
Sequence: 601
TraceSessionId: 639214175255927292
WatchId: 639214175255927293
ThreadId: 17612
TrapRip: 0x00007FF68FAFCCC5
NormalizedTrapRip / code context: NativeProbe | DBXV2.exe+0xBCCC5 | code[-32,+16]=5DC60F28D0F30F108B040100000F28C2F30F588308010000F30F1193000100000F2FC1760CF30F5CCAF30F118B080100
WatchedAddress: 0x0000019869C77BB0
AccessWidth: 4
AccessType: Write
XMM0.scalar: 313.664124 (0x439CD502)
XMM6.scalar: 308.820435 (0x439A6904)
DR6: 0x00000000FFFF0FF1
DR7: 0x00000000000D0401
RAX: 0x0000000000000000
RBX: 0x0000019869C77AB0
RCX: 0x0000019869C77AB0
RDX: 0x0000000000000000
RSI: 0x0000000000000000
RDI: 0x0000019869C77AB0
RBP: 0x0000006D39EDFAA0
R8: 0x0000000000000000
R9: 0x000000000000000E
R10: 0x00007FF690A2AA98
R11: 0x0000006D39EDF980
R12: 0x0000000000000000
R13: 0x0000000000500002
R14: 0x0000000000000000
R15: 0x0000000000000000
Fighter correlations:
RCX -> Slot 0 / Gen 1
RDX -> —
[00:24:15] HARDWARE WRITE TRAP
Sequence: 602
TraceSessionId: 639214175255927292
WatchId: 639214175255927293
ThreadId: 24252
TrapRip: 0x00007FF68FAFCC99
NormalizedTrapRip / code context: NativeProbe | DBXV2.exe+0xBCC99 | code[-32,+16]=0085C075580F57D20F2FF27250F30F58B3000100000F2FF2F30F11B300010000720FF30F108304010000F30F5DC60F28
WatchedAddress: 0x0000019869C77BB0
AccessWidth: 4
AccessType: Write
XMM0.scalar: 0 (0x00000000)
XMM6.scalar: 308.820435 (0x439A6904)
DR6: 0x00000000FFFF0FF1
DR7: 0x00000000000D0401
RAX: 0x0000000000000000
RBX: 0x0000019869C77AB0
RCX: 0x0000019869C77AB0
RDX: 0x0000000000000000
RSI: 0x0000000000000000
RDI: 0x0000019869C77AB0
RBP: 0x0000006D39FDF6D0
R8: 0x0000000000000000
R9: 0x000000000000000E
R10: 0x00007FF690A2AA98
R11: 0x0000006D39FDF5B0
R12: 0x0000000000000000
R13: 0x0000000000500002
R14: 0x0000000000000000
R15: 0x0000000000000000
Fighter correlations:
RCX -> Slot 0 / Gen 1
RDX -> —
[00:24:15] HARDWARE WRITE TRAP
Sequence: 603
TraceSessionId: 639214175255927292
WatchId: 639214175255927293
ThreadId: 24252
TrapRip: 0x00007FF68FAFCCC5
NormalizedTrapRip / code context: NativeProbe | DBXV2.exe+0xBCCC5 | code[-32,+16]=5DC60F28D0F30F108B040100000F28C2F30F588308010000F30F1193000100000F2FC1760CF30F5CCAF30F118B080100
WatchedAddress: 0x0000019869C77BB0
AccessWidth: 4
AccessType: Write
XMM0.scalar: 313.664124 (0x439CD502)
XMM6.scalar: 308.820435 (0x439A6904)
DR6: 0x00000000FFFF0FF1
DR7: 0x00000000000D0401
RAX: 0x0000000000000000
RBX: 0x0000019869C77AB0
RCX: 0x0000019869C77AB0
RDX: 0x0000000000000000
RSI: 0x0000000000000000
RDI: 0x0000019869C77AB0
RBP: 0x0000006D39FDF6D0
R8: 0x0000000000000000
R9: 0x000000000000000E
R10: 0x00007FF690A2AA98
R11: 0x0000006D39FDF5B0
R12: 0x0000000000000000
R13: 0x0000000000500002
R14: 0x0000000000000000
R15: 0x0000000000000000
Fighter correlations:
RCX -> Slot 0 / Gen 1
RDX -> —
[00:24:19] HP TRACE ENDED
EndReason: ManualDisarm
Slot: 0
Generation: 1
BattleInstanceId: 1
IdentityKey: bbbb6e68fb6047df915bf5cd8ba4efda:battle-1:slot-0:generation-1
ActorAddress: 0x0000019869C77AB0
WatchedAddress: 0x0000019869C77BB0
HP at arm: 333.03891 / 333.03891
HP at end: 308.820435 / 333.03891
HP delta: -24.21848
HardwareWriteTrap count: 603
Eligible threads at end: 73
Instrumented threads at end: 73
Exited threads since arm: 0
Newly instrumented threads: 2
Conflict threads: 0
Disarm result: Success
Disarm detail: HP write watch disarmed; PowerScaler-owned DR0 state was restored. Non-owned debug state changed on thread 1044 (flags 0x8); it was preserved without failing the watch.
HP TRACE RESULT:
Selected fighter HP changed and at least one hardware write trap was captured. WATCHPOINT GATE FIRED.
[00:24:19] HP write trace disarmed by user.
[00:24:26] Probe detach and module removal confirmed.
[00:24:29] Fighter released
[00:24:29] Fighter released
[00:24:34] Probe cleanup completed before App exit.
[00:24:34] Shutdown command sent to external research runtime.
