"category","id","id2","code","display_name","race_lock","skill_type","pup_id","aura","partset","model"
"SuperSkills","0","0","KMH","Kamehameha","0xff","0x1","0xffff","0xffff","65535","0xffff"
"SuperSkills","1","1","KMC","Bending Kamehameha","0xff","0x1","0xffff","0xffff","65535","0xffff"
"SuperSkills","2","2","CSG","Super God Fist","0x0","0x0","0xffff","0xffff","65535","0xffff"
"SuperSkills","3","3","CRG","Super Dragon Fist","0xff","0x0","0xffff","0xffff","65535","0xffff"
"SuperSkills","4","4","GKD","Spirit Bomb","0xff","0x1","0xffff","0xffff","65535","0xffff"
"SuperSkills","5","5","SKI","Instant Transmission","0xff","0x4","0xffff","0xffff","65535","0xffff"
"SuperSkills","6","6","GTW","Spirit Bomb Tower (Time Patrol Specific)","0x0","0x4","0xffff","0xffff","65535","0xffff"
"SuperSkills","7","7","AST","Kaioken Assault","0xff","0x0","0xffff","0xffff","65535","0xffff"
"SuperSkills","8","8","4KM","Kaioken Kamehameha","0xff","0x1","0xffff","0xffff","65535","0xffff"
"SuperSkills","9","9","KMQ","","0x0","0x1","0xffff","0xffff","65535","0xffff"
"SuperSkills","10","10","RJV","Riot Javelin","0xff","0x1","0xffff","0xffff","65535","0xffff"
"SuperSkills","11","11","TSN","Rebellion Spear","0xff","0x0","0xffff","0xffff","65535","0xffff"
"SuperSkills","12","12","FPW","Tyrant Lancer","0xff","0x1","0xffff","0xffff","65535","0xffff"
"SuperSkills","13","13","TST","Rebellion Spear","0x0","0x0","0xffff","0xffff","65535","0xffff"
"SuperSkills","14","14","SPG","Super Guard","0xff","0x4","0xffff","0xffff","65535","0xffff"
"SuperSkills","15","15","KBH","Ki Explosion","0xff","0x1","0xffff","0xffff","65535","0xffff"
"SuperSkills","16","16","REN","Charged Ki Wave","0xff","0x4","0xffff","0xffff","65535","0xffff"
"SuperSkills","17","17","RJC","Riot Javelin","0x0","0x1","0xffff","0xffff","65535","0xffff"
"SuperSkills","18","18","BDKK","","0x0","0x1","0xffff","0xffff","65535","0xffff"
"SuperSkills","20","20","ZZK","Afterimage Strike","0xff","0x4","0xffff","0xffff","65535","0xffff"
"SuperSkills","21","21","10K","x10 Kamehameha","0xff","0x1","0xffff","0xffff","65535","0xffff"
"SuperSkills","22","22","SAI","Super Afterimage","0xff","0x4","0xffff","0xffff","65535","0xffff"
"SuperSkills","30","30","CSA","Super God Fist","0xff","0x0","0xffff","0xffff","65535","0xffff"
"SuperSkills","31","31","SWV","Shockwave","0xff","0x0","0xffff","0xffff","65535","0xffff"
"SuperSkills","32","32","BKF","Backflip","0xff","0x4","0xffff","0xffff","65535","0xffff"
"SuperSkills","33","33","BKG","Backflip","0x0","0x4","0xffff","0xffff","65535","0xffff"
"SuperSkills","34","34","GODS","God Combination (Festival)","0x0","0x1","0xffff","0xffff","65535","0xffff"
"SuperSkills","35","35","GBD","God Bind","0xff","0x4","0xffff","0xffff","65535","0xffff"
"SuperSkills","36","36","GBR","Gravity Bash","0xff","0x1","0x80","0xffff","65535","0xffff"
"SuperSkills","40","40","KMB","Kamehameha Boost","0xff","0x0","0xffff","0xffff","65535","0xffff"
"SuperSkills","41","41","JAN","Scissors Paper Rock","0xff","0x0","0xffff","0xffff","65535","0xffff"
"SuperSkills","42","42","NY2","Power Pole","0xff","0x0","0xffff","0xffff","65535","0xffff"
"SuperSkills","43","43","NY3","Power Pole Combo","0xff","0x0","0xffff","0xffff","65535","0xffff"
"SuperSkills","44","44","NYG","Power Pole","0x0","0x0","0xffff","0xffff","65535","0xffff"
"SuperSkills","50","50","TGK","Charge","0xff","0x0","0xffff","0xffff","65535","0xffff"
"SuperSkills","51","51","ISI","Stone Bullet","0xff","0x0","0xffff","0xffff","65535","0xffff"
"SuperSkills","52","52","RPG","Consecutive Energy Blast","0xff","0x1","0xffff","0xffff","65535","0xffff"
"SuperSkills","53","53","KKM","Kamekameha","0xff","0x1","0xffff","0xffff","65535","0xffff"
"SuperSkills","54","54","GTGK","Charge (Festival)","0x0","0x0","0xffff","0xffff","65535","0xffff"
"SuperSkills","60","60","TDK","Evil Ray Strike","0xff","0x0","0xffff","0xffff","65535","0xffff"
"SuperSkills","61","61","KTZ","Evil Rise Strike","0xff","0x0","0xffff","0xffff","65535","0xffff"
"SuperSkills","62","62","MSK","Masenko","0xff","0x1","0xffff","0xffff","65535","0xffff"
"SuperSkills","63","63","ISK","Menacing Flare","0xff","0x1","0xffff","0xffff","65535","0xffff"
"SuperSkills","70","70","RSG","Super Dragon Flight","0xff","0x0","0xffff","0xffff","65535","0xffff"
"SuperSkills","71","71","MSP","Evil Whirlwind","0xff","0x0","0xffff","0xffff","65535","0xffff"
"SuperSkills","80","80","RUS","Burst Rush","0xff","0x0","0xffff","0xffff","65535","0xffff"
"SuperSkills","81","81","KIH","Ki Blast Cannon","0xff","0x1","0xffff","0xffff","65535","0xffff"
"SuperSkills","82","82","GSY","Justice Pose","0xff","0x3","0x1","0xffff","65535","0xffff"
"SuperSkills","90","90","BRM","Evil Explosion","0xff","0x1","0xffff","0xffff","65535","0xffff"
"SuperSkills","91","91","PRT","Wall of Defense","0xff","0x4","0xffff","0xffff","65535","0xffff"
"SuperSkills","92","92","MKZ","Evil Flight Strike","0x94","0x0","0xffff","0xffff","65535","0xffff"
"SuperSkills","93","93","KDN","Light Grenade","0xff","0x1","0xffff","0xffff","65535","0xffff"
"SuperSkills","94","94","EYE","Evil Eyes","0xff","0x1","0xffff","0xffff","65535","0xffff"
"SuperSkills","95","95","SMK","Dust Attack","0xff","0x4","0xffff","0xffff","65535","0xffff"
"SuperSkills","96","96","MYS","Paralyze Beam","0xff","0x1","0xffff","0xffff","65535","0xffff"
"SuperSkills","97","97","SNC","Sonic Kick","0xff","0x0","0xffff","0xffff","65535","0xffff"
"SuperSkills","98","98","PICK","Hellzone Grenade (Festival)","0x0","0x1","0xffff","0xffff","65535","0xffff"
"SuperSkills","100","100","KDH","Orin Combo","0xff","0x0","0xffff","0xffff","65535","0xffff"
"SuperSkills","101","101","KEZ","Destructo-Disc","0xff","0x1","0xffff","0xffff","65535","0xffff"
"SuperSkills","102","102","3XK","Kaioken","0xff","0x2","0x2","0xffff","65535","0xffff"
"SuperSkills","103","103","5XK","X3 Kaioken","0xff","0x2","0x3","0xffff","65535","0xffff"
"SuperSkills","104","104","0XK","X20 Kaioken","0xff","0x2","0x4","0xffff","65535","0xffff"
"SuperSkills","105","105","BBS","Turtle Style Last Resort","0xff","0x1","0xffff","0xffff","65535","0xffff"
"SuperSkills","106","106","YMM","Lullaby Punch","0xff","0x4","0xffff","0xffff","65535","0xffff"
"SuperSkills","107","107","TXK","Cross Arm Dive","0xff","0x0","0xffff","0xffff","65535","0xffff"
"SuperSkills","108","108","BKZ","Super Destructo-Disc","0xff","0x1","0xffff","0xffff","65535","0xffff"
"SuperSkills","109","109","JMP","Jumping Energy Wave","0xff","0x1","0xffff","0xffff","65535","0xffff"
"SuperSkills","110","110","RWK","Wolf Fang Fist","0xff","0x0","0xffff","0xffff","65535","0xffff"
"SuperSkills","111","111","SKD","Ki Blast Thrust","0xff","0x1","0xffff","0xffff","65535","0xffff"
"SuperSkills","115","115","ZZA","Afterimage","0xff","0x4","0xffff","0xffff","65535","0xffff"
"SuperSkills","116","116","DIE","Fake Death","0xff","0x0","0xffff","0xffff","65535","0xffff"
"SuperSkills","117","117","SWK","Neo Wolf Fang Fist","0xff","0x0","0xffff","0xffff","65535","0xffff"
"SuperSkills","120","120","DDP","Dodon Ray","0xff","0x1","0xffff","0xffff","65535","0xffff"
"SuperSkills","121","121","KKH","Tri-Beam","0xff","0x1","0xffff","0xffff","65535","0xffff"
"SuperSkills","122","122","HKK","Volleyball Fist","0xff","0x0","0xffff","0xffff","65535","0xffff"
"SuperSkills","123","123","TYK","Solar Flare","0xff","0x4","0xffff","0xffff","65535","0xffff"
"SuperSkills","124","124","GRE","Rise to Action","0xff","0x4","0xffff","0xffff","65535","0xffff"
"SuperSkills","125","125","ANG","Spirit Boost","0xff","0x4","0xffff","0xffff","65535","0xffff"
"SuperSkills","130","130","SUN","Double Sunday","0xff","0x1","0xffff","0xffff","65535","0xffff"
"SuperSkills","131","131","SAT","Saturday Crash","0xff","0x1","0xffff","0xffff","65535","0xffff"
"SuperSkills","132","132","FRI","Shining Friday","0xff","0x1","0xffff","0xffff","65535","0xffff"
"SuperSkills","133","133","RADK","Double Sunday (Festival)","0x0","0x1","0xffff","0xffff","65535","0xffff"
"SuperSkills","140","140","YKE","Acid","0x0","0x1","0xffff","0xffff","65535","0xffff"
"SuperSkills","141","141","DOK","Poison","0x0","0x1","0xffff","0xffff","65535","0xffff"
"SuperSkills","142","142","BEM","Saibabeam","0x0","0x1","0xffff","0xffff","65535","0xffff"
"SuperSkills","143","143","YKR","Acid","0x0","0x1","0xffff","0xffff","65535","0xffff"
"SuperSkills","144","144","BMR","Saibabeam","0x0","0x1","0xffff","0xffff","65535","0xffff"
"SuperSkills","150","150","DXB","Bomber DX","0xff","0x1","0xffff","0xffff","65535","0xffff"
"SuperSkills","151","151","GCS","Genocide Shell","0xff","0x1","0xffff","0xffff","65535","0xffff"
"SuperSkills","152","152","ARC","Arm Crash","0xff","0x0","0xffff","0xffff","65535","0xffff"
"SuperSkills","153","153","MDG","Murder Grenade","0xff","0x1","0xffff","0xffff","65535","0xffff"
"SuperSkills","154","154","ART","Arm Crash","0x0","0x0","0xffff","0xffff","65535","0xffff"
"SuperSkills","155","155","NAPK","Arm Crash (Festival)","0x0","0x0","0xffff","0xffff","65535","0xffff"
"SuperSkills","160","160","GLC","Galick Gun","0xff","0x1","0xffff","0xffff","65535","0xffff"
"SuperSkills","161","161","FST","Flash Strike","0xff","0x1","0xffff","0xffff","65535","0xffff"
"SuperSkills","162","162","FNB","Finish Breaker","0xff","0x1","0xffff","0xffff","65535","0xffff"
"SuperSkills","163","163","SHN","Shine Shot","0xff","0x1","0xffff","0xffff","65535","0xffff"
"SuperSkills","164","164","HMR","Sledgehammer","0xff","0x0","0xffff","0xffff","65535","0xffff"
"SuperSkills","165","165","ATM","Atomic Blast","0xff","0x1","0xffff","0xffff","65535","0xffff"
"SuperSkills","166","166","BOM","Mighty Explosive Wave","0xff","0x1","0xffff","0xffff","65535","0xffff"
"SuperSkills","167","167","GLX","Earth Splitting Galick Gun","0xff","0x1","0xffff","0xffff","65535","0xffff"
"SuperSkills","168","168","VGTS","Galaxy Breaker (Festival)","0x0","0x1","0xffff","0xffff","65535","0xffff"
"SuperSkills","180","180","STP","Time Control","0xff","0x4","0xffff","0xffff","65535","0xffff"
"SuperSkills","182","182","GFC","Fighting Pose A (Guldo)","0x0","0x3","0x5","0xffff","65535","0xffff"
"SuperSkills","183","183","FPC","Fighting Pose B (Guldo)","0xff","0x3","0x6","0xffff","65535","0xffff"
"SuperSkills","184","184","FPH","Fighting Pose C (Guldo)","0xff","0x3","0x7","0xffff","65535","0xffff"
"SuperSkills","190","190","FPD","Fighting Pose A (Burter)","0xff","0x3","0x8","0xffff","65535","0xffff"
"SuperSkills","191","191","FPI","Fighting Pose B (Burter)","0xff","0x3","0x9","0xffff","65535","0xffff"
"SuperSkills","192","192","MAP","Mach Punch","0xff","0x0","0xffff","0xffff","65535","0xffff"
"SuperSkills","193","193","MAK","Mach Kick","0xff","0x0","0xffff","0xffff","65535","0xffff"
"SuperSkills","200","200","ERG","Recoome Eraser Gun","0xff","0x1","0xffff","0xffff","65535","0xffff"
"SuperSkills","201","201","RCK","Recoome Kick","0xff","0x0","0xca","0xffff","65535","0xffff"
"SuperSkills","202","202","FPE","Fighting Pose A (Recoome)","0xff","0x3","0xa","0xffff","65535","0xffff"
"SuperSkills","203","203","FPJ","Fighting Pose B (Recoome)","0xff","0x3","0xb","0xffff","65535","0xffff"
"SuperSkills","204","204","FPK","Fighting Pose C (Recoome)","0xff","0x3","0xc","0xffff","65535","0xffff"
"SuperSkills","210","210","CSB","Crusher Ball","0xff","0x1","0xffff","0xffff","65535","0xffff"
"SuperSkills","211","211","BLD","Sauzer Blade","0xff","0x0","0xffff","0xffff","65535","0xffff"
"SuperSkills","212","212","FPB","Fighting Pose A (Jeice)","0xff","0x3","0xd","0xffff","65535","0xffff"
"SuperSkills","213","213","FPG","Fighting Pose B (Jeice)","0xff","0x3","0xe","0xffff","65535","0xffff"
"SuperSkills","220","220","FPA","Fighting Pose A (Ginyu)","0xff","0x3","0xf","0xffff","65535","0xffff"
"SuperSkills","221","221","HSS","Holstein Shock","0xff","0x4","0xffff","0xffff","65535","0xffff"
"SuperSkills","222","222","MKC","Milky Cannon","0xff","0x1","0xffff","0xffff","65535","0xffff"
"SuperSkills","223","223","FPF","Fighting Pose B (Ginyu)","0xff","0x3","0x10","0xffff","65535","0xffff"
"SuperSkills","224","224","GSF","Ginyu Force Special Combo","0xff","0x0","0xffff","0xffff","65535","0xffff"
"SuperSkills","225","225","HSC","Holstein Shock","0x0","0x4","0xffff","0xffff","65535","0xffff"
"SuperSkills","226","226","GNYK","Milky Dance (Festival)","0x0","0x0","0xffff","0xffff","65535","0xffff"
"SuperSkills","230","230","MKM","Emperor's Sign","0xff","0x4","0x11","0xffff","65535","0xffff"
"SuperSkills","231","231","BAX","Sonic Bomb","0xff","0x0","0xffff","0xffff","65535","0xffff"
"SuperSkills","232","232","FRZK","Sonic Bomb (Festival)","0x0","0x0","0xffff","0xffff","65535","0xffff"
"SuperSkills","240","240","DBM","Death Beam","0xff","0x1","0xffff","0xffff","65535","0xffff"
"SuperSkills","241","241","ESP","Death Psycho Bomb","0x0","0x1","0xffff","0xffff","65535","0xffff"
"SuperSkills","242","242","DWV","Death Slash","0xff","0x1","0xffff","0xffff","65535","0xffff"
"SuperSkills","243","243","DTC","Death Crasher","0xff","0x0","0xffff","0xffff","65535","0xffff"
"SuperSkills","244","244","DSC","Death Slicer","0xff","0x1","0xffff","0xffff","65535","0xffff"
"SuperSkills","245","245","ESA","Death Psycho Bomb","0xff","0x1","0xffff","0xffff","65535","0xffff"
"SuperSkills","246","246","DRZ","Death Wave","0xff","0x1","0xffff","0xffff","65535","0xffff"
"SuperSkills","247","247","CRZ","Crazy Finger Shot","0xff","0x1","0xffff","0xffff","65535","0xffff"
"SuperSkills","248","248","EST","","0xff","0x4","0xffff","0xffff","65535","0xffff"
"SuperSkills","260","260","BSC","Burning Attack","0xff","0x1","0xffff","0xffff","65535","0xffff"
"SuperSkills","261","261","GCP","God Breaker","0xff","0x1","0xffff","0xffff","65535","0xffff"
"SuperSkills","262","262","SCB","Change The Future","0xff","0x1","0xffff","0xffff","65535","0xffff"
"SuperSkills","264","264","SW2","Shining Slash","0x63","0x0","0xffff","0xffff","65535","0xffff"
"SuperSkills","265","265","SW3","Burning Slash","0x63","0x0","0xffff","0xffff","65535","0xffff"
"SuperSkills","266","266","SWP","Shining Slash","0x0","0x0","0xffff","0xffff","65535","0xffff"
"SuperSkills","267","267","SWC","Burning Slash","0x0","0x0","0xffff","0xffff","65535","0xffff"
"SuperSkills","270","270","FBS","Finish Buster","0xff","0x1","0xffff","0xffff","65535","0xffff"
"SuperSkills","271","271","WBS","Double Buster","0xff","0x1","0xffff","0xffff","65535","0xffff"
"SuperSkills","272","272","FCN","Final Cannon","0xff","0x0","0xffff","0xffff","65535","0xffff"
"SuperSkills","280","280","171","Side Bridge","0xff","0x1","0xffff","0xffff","65535","0xffff"
"SuperSkills","281","281","172","Freedom Kick","0xff","0x0","0xffff","0xffff","65535","0xffff"
"SuperSkills","282","282","173","Smile Charge","0x0","0x0","0xffff","0xffff","65535","0xffff"
"SuperSkills","283","283","17C","Smile Charge","0x0","0x0","0xffff","0xffff","65535","0xffff"
"SuperSkills","284","284","G17K","Side Bridge (Festival)","0x0","0x1","0xffff","0xffff","65535","0xffff"
"SuperSkills","290","290","FLB","Flash Bomber","0xff","0x1","0xffff","0xffff","65535","0xffff"
"SuperSkills","291","291","DRF","Drain Field","0xff","0x4","0xffff","0xffff","65535","0xffff"
"SuperSkills","292","292","RMS","Thunder Eraser","0xff","0x1","0xffff","0xffff","65535","0xffff"
"SuperSkills","293","293","ABN","Drain Charge","0xff","0x0","0xffff","0xffff","65535","0xffff"
"SuperSkills","294","294","ABS","Super Drain","0xff","0x0","0xffff","0xffff","65535","0xffff"
"SuperSkills","295","295","ABH","Hyper Drain","0xff","0x0","0xffff","0xffff","65535","0xffff"
"SuperSkills","300","300","PWB","Power Blitz","0xff","0x1","0xffff","0xffff","65535","0xffff"
"SuperSkills","301","301","IFB","Endless Shoot","0xff","0x1","0xffff","0xffff","65535","0xffff"
"SuperSkills","302","302","18K","Deadly Dance","0xff","0x0","0xffff","0xffff","65535","0xffff"
"SuperSkills","303","303","G18K","Deadly Dance (Festival)","0x0","0x0","0xffff","0xffff","65535","0xffff"
"SuperSkills","310","310","CL31","All Clear","0xff","0x0","0xffff","0xffff","65535","0xffff"
"SuperSkills","311","311","CL32","Gravity Impact","0xff","0x1","0xffff","0xffff","65535","0xffff"
"SuperSkills","312","312","CL33","Perfect Shot","0xff","0x1","0xffff","0xffff","65535","0xffff"
"SuperSkills","313","313","CL3K","Perfect Attack (Festival)","0x0","0x0","0xffff","0xffff","65535","0xffff"
"SuperSkills","330","330","PRV","Taunt","0xff","0x4","0xffff","0xffff","65535","0xffff"
"SuperSkills","340","340","VDR","Justice Rush","0xff","0x0","0xffff","0xffff","65535","0xffff"
"SuperSkills","341","341","EGK","Eagle Kick","0xff","0x0","0xffff","0xffff","65535","0xffff"
"SuperSkills","342","342","VDC","Hawk Charge","0xff","0x0","0xffff","0xffff","65535","0xffff"
"SuperSkills","350","350","BUL1","Innocence Bullet","0xff","0x1","0xffff","0xffff","65535","0xffff"
"SuperSkills","351","351","BUL2","Innocence Cannon","0xff","0x1","0xffff","0xffff","65535","0xffff"
"SuperSkills","352","352","BUL3","Angry Hit","0xff","0x0","0xffff","0xffff","65535","0xffff"
"SuperSkills","353","353","BUL4","Zigzag Express","0x10","0x0","0xffff","0xffff","65535","0xffff"
"SuperSkills","354","354","BUL5","Explosive Buu Buu Punch","0x90","0x0","0xffff","0xffff","65535","0xffff"
"SuperSkills","355","355","GGG","Go-Go Gum","0xff","0x0","0xffff","0xffff","65535","0xffff"
"SuperSkills","356","356","BULK","Innocence Bullet (Festival)","0x0","0x1","0xffff","0xffff","65535","0xffff"
"SuperSkills","360","360","ILF","Ill Flash","0xff","0x1","0xffff","0xffff","65535","0xffff"
"SuperSkills","361","361","ILB","Ill Bomber","0x90","0x1","0xffff","0xffff","65535","0xffff"
"SuperSkills","362","362","ILR","Ill Rain","0xff","0x1","0xffff","0xffff","65535","0xffff"
"SuperSkills","370","370","BKM","Majin Kamehameha","0x90","0x1","0xffff","0xffff","65535","0xffff"
"SuperSkills","371","371","VSB","Vanishing Ball","0xff","0x1","0xffff","0xffff","65535","0xffff"
"SuperSkills","372","372","SLP","Quick Sleep","0x90","0x4","0xffff","0xffff","65535","0xffff"
"SuperSkills","373","373","PFL","Pearl Flash","0xff","0x0","0xffff","0xffff","65535","0xffff"
"SuperSkills","380","380","RSS","DIE DIE Missile Barrage","0xff","0x1","0xffff","0xffff","65535","0xffff"
"SuperSkills","381","381","GLD","Galactic Donuts","0xff","0x1","0xffff","0xffff","65535","0xffff"
"SuperSkills","382","382","SGK","Super Ghost Kamikaze Attack","0xff","0x1","0xffff","0xffff","65535","0xffff"
"SuperSkills","383","383","DNT","Super Donut Volley","0xff","0x1","0xffff","0xffff","65535","0xffff"
"SuperSkills","384","384","GTXK","Victory Cannon (Festival)","0x0","0x0","0xffff","0xffff","65535","0xffff"
"SuperSkills","390","390","BBA","Big Bang Attack","0xff","0x1","0xffff","0xffff","65535","0xffff"
"SuperSkills","391","391","ATK","Pressure Sign","0xff","0x0","0xffff","0xffff","65535","0xffff"
"SuperSkills","392","392","IMN","Split Finger Shot","0xff","0x1","0xffff","0xffff","65535","0xffff"
"SuperSkills","400","400","ERC","Blaster Shell","0xff","0x1","0xffff","0xffff","65535","0xffff"
"SuperSkills","401","401","ERB","Gigantic Omega","0xff","0x0","0xffff","0xffff","65535","0xffff"
"SuperSkills","402","402","GTO","Gigantic Slam","0x0","0x0","0xffff","0xffff","65535","0xffff"
"SuperSkills","403","403","GTC","Gigantic Slam","0x0","0x0","0xffff","0xffff","65535","0xffff"
"SuperSkills","404","404","BRLK","Gigantic Omega (Festival)","0x0","0x0","0xffff","0xffff","65535","0xffff"
"SuperSkills","410","410","IKR","God of Destruction's Anger","0xff","0x1","0xffff","0xffff","65535","0xffff"
"SuperSkills","411","411","RSH","God of Destruction's Rampage","0xff","0x0","0xffff","0xffff","65535","0xffff"
"SuperSkills","412","412","GRN","God of Destruction's Wrath","0xff","0x1","0xffff","0xffff","65535","0xffff"
"SuperSkills","420","420","FSH","Feint Shot","0xff","0x1","0xffff","0xffff","65535","0xffff"
"SuperSkills","421","421","SBK","Prepare to be Punished","0xff","0x3","0x12","0xffff","65535","0xffff"
"SuperSkills","422","422","DNC","Dancing Parapara","0xff","0x4","0xffff","0xffff","65535","0xffff"
"SuperSkills","423","423","PANK","Feint Shot (Festival)","0x0","0x1","0xffff","0xffff","65535","0xffff"
"SuperSkills","440","440","OB0","Great Ape Beam","0x0","0x1","0xffff","0xffff","65535","0xffff"
"SuperSkills","441","441","ING","Boulder Toss","0x0","0x0","0xffff","0xffff","65535","0xffff"
"SuperSkills","442","442","KKS","Boulder Break","0x0","0x0","0xffff","0xffff","65535","0xffff"
"SuperSkills","443","443","SCG","Brainwash Attack","0x0","0x1","0xffff","0xffff","65535","0xffff"
"SuperSkills","444","444","SAR","Peeler Storm","0x0","0x1","0xffff","0xffff","65535","0xffff"
"SuperSkills","460","460","OST","","0x0","0x0","0xffff","0xffff","65535","0xffff"
"SuperSkills","480","480","IBM","Freezing Beam","0x0","0x1","0xffff","0xffff","65535","0xffff"
"SuperSkills","481","481","IBM","Freezing Beam","0xff","0x1","0xffff","0xffff","65535","0xffff"
"SuperSkills","482","482","ICL","Ice Claw","0x0","0x0","0xffff","0xffff","65535","0xffff"
"SuperSkills","483","483","ICL","Ice Claw","0xff","0x0","0xffff","0xffff","65535","0xffff"
"SuperSkills","484","484","IFW","Ice Field","0x0","0x1","0xffff","0xffff","65535","0xffff"
"SuperSkills","485","485","IFW","Ice Field","0xff","0x1","0xffff","0xffff","65535","0xffff"
"SuperSkills","490","490","BAT","Burst Attack","0x0","0x1","0xffff","0xffff","65535","0xffff"
"SuperSkills","491","491","BAT","Burst Attack","0xff","0x1","0xffff","0xffff","65535","0xffff"
"SuperSkills","492","492","BRE","Burst Reflection","0x0","0x1","0xffff","0xffff","65535","0xffff"
"SuperSkills","493","493","BRE","Burst Reflection","0xff","0x1","0xffff","0xffff","65535","0xffff"
"SuperSkills","494","494","FSN","Fighting Sun","0x0","0x3","0x13","0xffff","65535","0xffff"
"SuperSkills","495","495","FSN","Fighting Sun","0xff","0x3","0x14","0xffff","65535","0xffff"
"SuperSkills","500","500","BSM","Dragon Flash Bullet","0xff","0x1","0xffff","0xffff","65535","0xffff"
"SuperSkills","501","501","SPK","Whirlwind Blade","0xff","0x1","0xffff","0xffff","65535","0xffff"
"SuperSkills","502","502","DRT","Dragon Thunder","0x0","0x0","0xffff","0xffff","65535","0xffff"
"SuperSkills","510","510","BBK","Big Bang Kamehameha","0xff","0x1","0xffff","0xffff","65535","0xffff"
"SuperSkills","511","511","BRK","Bluff Kamehameha","0xff","0x4","0xffff","0xffff","65535","0xffff"
"SuperSkills","520","520","DMK","Dynamite Kick","0xff","0x0","0xffff","0xffff","65535","0xffff"
"SuperSkills","521","521","RSP","Rolling Hercule Punch","0xff","0x0","0xffff","0xffff","65535","0xffff"
"SuperSkills","522","522","PRE","Present For You","0xff","0x4","0xffff","0xffff","65535","0xffff"
"SuperSkills","523","523","STNK","Present For You (Festival)","0x0","0x1","0xffff","0xffff","65535","0xffff"
"SuperSkills","524","524","PRR","Present For You","0xff","0x4","0xffff","0xffff","65535","0xffff"
"SuperSkills","530","530","TOS","Time Shackles","0x0","0x1","0xffff","0xffff","65535","0xffff"
"SuperSkills","531","531","ARW","Seasoning Arrow","0x0","0x0","0xffff","0xffff","65535","0xffff"
"SuperSkills","532","532","DNM","Darkness Mixer","0x0","0x4","0xffff","0xffff","65535","0xffff"
"SuperSkills","533","533","BDS","Bloody Sauce","0x0","0x1","0xffff","0xffff","65535","0xffff"
"SuperSkills","534","534","RSW","Rage Saucer","0x0","0x0","0xffff","0xffff","65535","0xffff"
"SuperSkills","535","535","TOR","Time Shackles","0x0","0x1","0xffff","0xffff","65535","0xffff"
"SuperSkills","536","536","ARR","Seasoning Arrow","0x0","0x0","0xffff","0xffff","65535","0xffff"
"SuperSkills","537","537","RSR","Rage Saucer","0xff","0x9","0xffff","0xffff","65535","0xffff"
"SuperSkills","538","538","DNR","Darkness Mixer","0xff","0x4","0xffff","0xffff","65535","0xffff"
"SuperSkills","539","539","BDR","Bloody Sauce","0xff","0xa","0xffff","0xffff","65535","0xffff"
"SuperSkills","540","540","ENC","Energy Cannon","0x0","0x1","0xffff","0xffff","65535","0xffff"
"SuperSkills","541","541","BBL","Boiling Ball","0x0","0x1","0xffff","0xffff","65535","0xffff"
"SuperSkills","542","542","TRK","Tricky Strike","0x0","0x0","0xffff","0xffff","65535","0xffff"
"SuperSkills","543","543","BK5","Marbling Drop","0xff","0xa","0xffff","0xffff","65535","0xffff"
"SuperSkills","544","544","ARK","Peeler Storm","0xff","0xa","0xffff","0xffff","65535","0xffff"
"SuperSkills","545","545","BWP","Brainwash Attack","0xff","0xa","0xffff","0xffff","65535","0xffff"
"SuperSkills","590","590","ENS","Energy Shot","0xff","0x1","0xffff","0xffff","65535","0xffff"
"SuperSkills","591","591","KTN","Energy Charge","0xff","0x4","0xffff","0xffff","65535","0xffff"
"SuperSkills","592","592","KTS","Full Power Charge","0xff","0x4","0xffff","0xffff","65535","0xffff"
"SuperSkills","593","593","KTH","Maximum Charge","0xff","0x4","0xffff","0xffff","65535","0xffff"
"SuperSkills","594","594","FTB","Meteor Blow","0xff","0x0","0xffff","0xffff","65535","0xffff"
"SuperSkills","595","595","TTK","Meteor Strike","0xff","0x0","0xffff","0xffff","65535","0xffff"
"SuperSkills","596","596","ORA","Meteor Crash","0xff","0x0","0xffff","0xffff","65535","0xffff"
"SuperSkills","597","597","RPL","Energy Wave Combo","0xff","0x1","0xffff","0xffff","65535","0xffff"
"SuperSkills","598","598","KTU","Ultimate Charge","0xff","0x4","0xffff","0xffff","65535","0xffff"
"SuperSkills","599","599","KTB","Burst Charge","0xff","0x4","0xffff","0xffff","65535","0xffff"
"SuperSkills","600","600","BMR","Beam Rifle","0x0","0x1","0xffff","0xffff","65535","0xffff"
"SuperSkills","620","620","GKS","Galick Beam Cannon","0xff","0x1","0xffff","0xffff","65535","0xffff"
"SuperSkills","621","621","IFE","Infinity Explosion","0xff","0x1","0xffff","0xffff","65535","0xffff"
"SuperSkills","622","622","ADK","Android Kick","0xff","0x0","0xffff","0xffff","65535","0xffff"
"SuperSkills","623","623","GEN","Phantom Fist","0xff","0x4","0x26f","0xffff","65535","0xffff"
"SuperSkills","630","630","PSS","Position Shift","0x0","0x4","0xffff","0xffff","65535","0xffff"
"SuperSkills","631","631","TMB","Time Bullet","0xff","0x4","0xffff","0xffff","65535","0xffff"
"SuperSkills","632","632","KNK","Energy Release","0x0","0x4","0xffff","0xffff","65535","0xffff"
"SuperSkills","633","633","PSA","Position Shift","0xff","0x4","0xffff","0xffff","65535","0xffff"
"SuperSkills","634","634","TMT","Time Bullet","0x0","0x4","0xffff","0xffff","65535","0xffff"
"SuperSkills","635","635","PSM","Position Shift","0x0","0x4","0xffff","0xffff","65535","0xffff"
"SuperSkills","636","636","TMM","Time Bullet","0x0","0x4","0xffff","0xffff","65535","0xffff"
"SuperSkills","637","637","KNM","Energy Release","0x0","0x4","0xffff","0xffff","65535","0xffff"
"SuperSkills","640","640","KEB","Kinetic Bullet","0xff","0x1","0xffff","0xffff","65535","0xffff"
"SuperSkills","641","641","ELA","Energy's Last","0xff","0x1","0xffff","0xffff","65535","0xffff"
"SuperSkills","642","642","SRG","Grand Surge","0xff","0x3","0x2715","0xffff","65535","0xffff"
"SuperSkills","643","643","SRQ","Grand Surge","0xff","0x3","0x2715","0xffff","65535","0xffff"
"SuperSkills","650","650","JKK","Prelude to Destruction","0xff","0x1","0xffff","0xffff","65535","0xffff"
"SuperSkills","651","651","IKE","Strike of Revelation","0xff","0x0","0xffff","0xffff","65535","0xffff"
"SuperSkills","652","652","KAI","Kai Kai","0xff","0x4","0xffff","0xffff","65535","0xffff"
"SuperSkills","653","653","MSN","Finishing Blow","0xff","0x0","0xffff","0xffff","65535","0xffff"
"SuperSkills","670","670","BM1","Elite Beam","0x0","0x1","0xffff","0xffff","65535","0xffff"
"SuperSkills","671","671","BM2","Elite Shooting","0x0","0x1","0xffff","0xffff","65535","0xffff"
"SuperSkills","672","672","EPS","Hero's Pose","0x0","0x3","0x15","0xffff","65535","0xffff"
"SuperSkills","673","673","BM3","Elite Beam","0xff","0x1","0xffff","0xffff","65535","0xffff"
"SuperSkills","674","674","BM4","Elite Shooting","0xff","0x1","0xffff","0xffff","65535","0xffff"
"SuperSkills","675","675","HPS","Hero's Pose","0xff","0x3","0x15","0xffff","65535","0xffff"
"SuperSkills","690","690","HAK","Destructive Will","0xff","0x0","0xffff","0xffff","65535","0xffff"
"SuperSkills","691","691","EGB","Destructive Bomber","0xff","0x1","0xffff","0xffff","65535","0xffff"
"SuperSkills","692","692","DBU","Destructive Burst","0xff","0x0","0xffff","0xffff","65535","0xffff"
"SuperSkills","693","693","KTE","Ultimate Charge","0xff","0x4","0xffff","0xffff","65535","0xffff"
"SuperSkills","730","730","DMR","Dynamite Kick","0x0","0x0","0xffff","0xffff","65535","0xffff"
"SuperSkills","731","731","RSK","Rolling Hercule Punch","0x0","0x0","0xffff","0xffff","65535","0xffff"
"SuperSkills","750","750","CLD","Life Absorption","0x0","0x0","0xffff","0xffff","65535","0xffff"
"SuperSkills","751","751","CLK","Kamehameha","0x0","0x1","0xffff","0xffff","65535","0xffff"
"SuperSkills","800","800","CSS","Super God Shock Flash","0xff","0x0","0xffff","0xffff","65535","0xffff"
"SuperSkills","801","801","BST","Burst Kamehameha","0xff","0x1","0xffff","0xffff","65535","0xffff"
"SuperSkills","802","802","GBB","Gravity Bash","0xff","0x1","0x81","0xffff","65535","0xffff"
"SuperSkills","810","810","FBL","Final Blow","0xff","0x0","0xffff","0xffff","65535","0xffff"
"SuperSkills","811","811","CBT","Counter Burst","0xff","0x1","0xffff","0xffff","65535","0xffff"
"SuperSkills","812","812","DNK","Focus Flash","0xff","0x1","0xffff","0xffff","65535","0xffff"
"SuperSkills","813","813","DKC","Wild Hunt","0xff","0x0","0xffff","0xffff","65535","0xffff"
"SuperSkills","814","814","TSL","Tail Slicer","0xff","0x1","0xffff","0xffff","65535","0xffff"
"SuperSkills","820","820","EEG","Emperor's Edge","0xff","0x0","0xffff","0xffff","65535","0xffff"
"SuperSkills","821","821","EBT","Emperor's Blast","0xff","0x1","0xffff","0xffff","65535","0xffff"
"SuperSkills","830","830","RKP","Rocket Punch","0x0","0x0","0xffff","0xffff","65535","0xffff"
"SuperSkills","831","831","RKT","Rocket Tackle","0xff","0x0","0xffff","0xffff","65535","0xffff"
"SuperSkills","832","832","EBM","Eye Beam","0xff","0x1","0xffff","0xffff","65535","0xffff"
"SuperSkills","833","833","ATC","Android Rush","0xff","0x0","0xffff","0xffff","65535","0xffff"
"SuperSkills","834","834","ATG","Android Rush","0x0","0x0","0xffff","0xffff","65535","0xffff"
"SuperSkills","835","835","G16K","Rocket Tackle (Festival)","0x0","0x0","0xffff","0xffff","65535","0xffff"
"SuperSkills","840","840","FEC","Feint Crash","0xff","0x0","0xffff","0xffff","65535","0xffff"
"SuperSkills","841","841","HYB","Destructive Ray","0xff","0x1","0xffff","0xffff","65535","0xffff"
"SuperSkills","850","850","GBA","Shadow Crusher","0xff","0x0","0xffff","0xffff","65535","0xffff"
"SuperSkills","860","860","FRH","Sonic Rush","0xff","0x0","0xffff","0xffff","65535","0xffff"
"SuperSkills","861","861","BMK","Super Explosive Wave","0xff","0x1","0xffff","0xffff","65535","0xffff"
"SuperSkills","862","862","FLH","Senko Ki Blast","0xff","0x1","0xffff","0xffff","65535","0xffff"
"SuperSkills","863","863","BMD","Super Explosive Wave","0xff","0x1","0xffff","0xffff","65535","0xffff"
"SuperSkills","870","870","KIL","Kill Driver","0xff","0x1","0xffff","0xffff","65535","0xffff"
"SuperSkills","871","871","TOM","Fruit of the Tree of Might","0xff","0x3","0x16","0xffff","65535","0xffff"
"SuperSkills","872","872","SDS","Sudden Storm","0xff","0x1","0xffff","0xffff","65535","0xffff"
"SuperSkills","880","880","KEN","Rakshasa's Claw","0xff","0x0","0xffff","0xffff","65535","0xffff"
"SuperSkills","881","881","HAL","Dimensional Hole","0xff","0x1","0xffff","0xffff","65535","0xffff"
"SuperSkills","882","882","KET","Rakshasa's Claw","0x0","0x0","0xffff","0xffff","65535","0xffff"
"SuperSkills","883","883","KEG","Rakshasa's Claw","0xff","0x0","0xffff","0xffff","65535","0xffff"
"SuperSkills","1100","1100","FLC","Flash Chaser","0xff","0x1","0xffff","0xffff","65535","0xffff"
"SuperSkills","1101","1101","RJG","Dragon Blitz","0xff","0x0","0xffff","0xffff","65535","0xffff"
"SuperSkills","1102","1102","CRB","Super Dragon Fist","0x0","0x0","0xffff","0xffff","65535","0xffff"
"SuperSkills","1103","1103","CSB","Super God Fist","0x0","0x0","0xffff","0xffff","65535","0xffff"
"SuperSkills","1104","1104","BUB","Angry Hit","0x0","0x0","0xffff","0xffff","65535","0xffff"
"SuperSkills","1105","1105","BKT","Energy Charge","0x0","0x4","0xffff","0xffff","65535","0xffff"
"SuperSkills","1110","1110","ARB","Total Detonation Ball","0xff","0x1","0xffff","0xffff","65535","0xffff"
"SuperSkills","1111","1111","VIS","Savory Slicer","0xff","0x0","0xffff","0xffff","65535","0xffff"
"SuperSkills","1112","1112","FSW","Photon Swipe","0xff","0x1","0xffff","0xffff","65535","0xffff"
"SuperSkills","1113","1113","1KM","Majin Kamehameha","0x0","0x1","0xffff","0xffff","65535","0xffff"
"SuperSkills","1114","1114","STN","","0x0","0x0","0xffff","0xffff","65535","0xffff"
"SuperSkills","1120","1120","KAC","Kairos Cannon","0xff","0x1","0xffff","0xffff","65535","0xffff"
"SuperSkills","1121","1121","CHR","Temporal Holy Ray","0xff","0x1","0xffff","0xffff","65535","0xffff"
"SuperSkills","1122","1122","HLE","Holy Inscription","0xff","0x0","0xffff","0xffff","65535","0xffff"
"SuperSkills","1123","1123","TKT","Maximum Charge","0x0","0x4","0xffff","0xffff","65535","0xffff"
"SuperSkills","1124","1124","KAR","","0x0","0x1","0xffff","0xffff","65535","0xffff"
"SuperSkills","1125","1125","CRR","","0x0","0x1","0xffff","0xffff","65535","0xffff"
"SuperSkills","1126","1126","HLR","","0x0","0x0","0xffff","0xffff","65535","0xffff"
"SuperSkills","1127","1127","HLT","","0x0","0x0","0xffff","0xffff","65535","0xffff"
"SuperSkills","1130","1130","BSH","Burning Shot","0xff","0x0","0xffff","0xffff","65535","0xffff"
"SuperSkills","1131","1131","HTO","Hyper Tornado","0xff","0x0","0xffff","0xffff","65535","0xffff"
"SuperSkills","1140","1140","HSE","Destructive Flare","0xff","0x1","0xffff","0xffff","65535","0xffff"
"SuperSkills","1141","1141","HSA","Destructive Fracture","0x0","0x0","0xffff","0xffff","65535","0xffff"
"SuperSkills","1142","1142","HAA","Destructive Fracture","0xff","0x0","0xffff","0xffff","65535","0xffff"
"SuperSkills","1151","1151","IFL","Impact Flare","0xff","0x1","0xffff","0xffff","65535","0xffff"
"SuperSkills","1152","1152","FLJ","Full Power Energy Wave","0x0","0x1","0xffff","0xffff","65535","0xffff"
"SuperSkills","1153","1153","THJK","Infinity Rush (Festival)","0x0","0x0","0xffff","0xffff","65535","0xffff"
"SuperSkills","1160","1160","CMS","Comet Strike","0xff","0x0","0xffff","0xffff","65535","0xffff"
"SuperSkills","1161","1161","THGS","Spinning Comet (Festival)","0x0","0x0","0xffff","0xffff","65535","0xffff"
"SuperSkills","1170","1170","CCA","Crush Cannon","0xff","0x1","0xffff","0xffff","65535","0xffff"
"SuperSkills","1171","1171","DCR","Double Crush","0xff","0x1","0xffff","0xffff","65535","0xffff"
"SuperSkills","1180","1180","BCA","Blaster Cannon","0xff","0x1","0xffff","0xffff","65535","0xffff"
"SuperSkills","1181","1181","BBO","Blaster Bomb","0xff","0x1","0xffff","0xffff","65535","0xffff"
"SuperSkills","1200","1200","PDV","Punisher Drive","0xff","0x0","0xffff","0xffff","65535","0xffff"
"SuperSkills","1201","1201","SPR","Super Mad Dance","0xff","0x0","0xffff","0xffff","65535","0xffff"
"SuperSkills","1202","1202","PDG","Punisher Drive","0x0","0x0","0xffff","0xffff","65535","0xffff"
"SuperSkills","1210","1210","TWN","Darkness Twin Star","0xff","0x1","0xffff","0xffff","65535","0xffff"
"SuperSkills","1211","1211","DEB","Darkness Eye Beam","0xff","0x1","0xffff","0xffff","65535","0xffff"
"SuperSkills","1212","1212","NMF","Namek Finger","0x4","0x0","0xffff","0xffff","65535","0xffff"
"SuperSkills","1213","1213","MCA","Mouth Cannon: short-range","0x0","0x1","0xffff","0xffff","65535","0xffff"
"SuperSkills","1214","1214","MCB","Mouth Cannon: mid-range","0x0","0x1","0xffff","0xffff","65535","0xffff"
"SuperSkills","1215","1215","MCC","Mouth Cannon: long-range","0x0","0x1","0xffff","0xffff","65535","0xffff"
"SuperSkills","1216","1216","MRA","Evil Roar","0x0","0x0","0xffff","0xffff","65535","0xffff"
"SuperSkills","1220","1220","ZBS","Gorgeous Shot","0xff","0x1","0xffff","0xffff","65535","0xffff"
"SuperSkills","1221","1221","SML","Audacious Laugh","0xff","0x4","0xffff","0xffff","65535","0xffff"
"SuperSkills","1230","1230","HED","Dodoria Headbutt","0xff","0x0","0xffff","0xffff","65535","0xffff"
"SuperSkills","1231","1231","DBM","Dodoria Beam","0xff","0x1","0xffff","0xffff","65535","0xffff"
"SuperSkills","1232","1232","UPR","Critical Upper","0xff","0x0","0xffff","0xffff","65535","0xffff"
"SuperSkills","1233","1233","BMV","Giga Boost","0xff","0x4","0xffff","0xffff","65535","0xffff"
"SuperSkills","1240","1240","DOP","Do or Die","0xff","0x3","0x7","0xffff","65535","0xffff"
"SuperSkills","1250","1250","ARG","Peeler Storm","0x0","0x1","0xffff","0xffff","65535","0xffff"
"SuperSkills","1251","1251","BKB","Marbling Drop","0x0","0x1","0xffff","0xffff","65535","0xffff"
"SuperSkills","1252","1252","RCH","Instant Charge","0x0","0x4","0xffff","0xffff","65535","0xffff"
"SuperSkills","1253","1253","BWH","Brainwash Attack","0x0","0x1","0xffff","0xffff","65535","0xffff"
"SuperSkills","1254","1254","BW2","Brainwash Attack","0x0","0x1","0xffff","0xffff","65535","0xffff"
"SuperSkills","1255","1255","BW3","Brainwash Attack","0x0","0x1","0xffff","0xffff","65535","0xffff"
"SuperSkills","1256","1256","BW4","Brainwash Attack","0x0","0x1","0xffff","0xffff","65535","0xffff"
"SuperSkills","1257","1257","BK2","Marbling Drop","0x0","0x1","0xffff","0xffff","65535","0xffff"
"SuperSkills","1258","1258","BK3","Marbling Drop","0x0","0x1","0xffff","0xffff","65535","0xffff"
"SuperSkills","1259","1259","BK4","Marbling Drop","0x0","0x1","0xffff","0xffff","65535","0xffff"
"SuperSkills","1260","1260","PRS","Flash Fist Crush","0xff","0x0","0xffff","0xffff","65535","0xffff"
"SuperSkills","1261","1261","HITK","Flash Fist Crush (Festival)","0x0","0x0","0xffff","0xffff","65535","0xffff"
"SuperSkills","1310","1310","ASD","Aura Slide","0xff","0x0","0xffff","0xffff","65535","0xffff"
"SuperSkills","1320","1320","WMK","Dual Masenko","0xff","0x1","0xffff","0xffff","65535","0xffff"
"SuperSkills","1330","1330","CBM","Chaos Shot","0xff","0x1","0xffff","0xffff","65535","0xffff"
"SuperSkills","1340","1340","GCN","Galick Cannon","0xff","0x1","0xffff","0xffff","65535","0xffff"
"SuperSkills","1341","1341","CABK","Galick Rush (Festival)","0x0","0x0","0xffff","0xffff","65535","0xffff"
"SuperSkills","1350","1350","FRT","Time Skip/Flash Skewer","0xff","0x0","0xffff","0xffff","65535","0xffff"
"SuperSkills","1351","1351","BAK","Time Skip/Back Breaker","0xff","0x0","0xffff","0xffff","65535","0xffff"
"SuperSkills","1352","1352","DSH","Time Skip/Jump Spike","0xff","0x0","0xffff","0xffff","65535","0xffff"
"SuperSkills","1360","1360","WLZ","Destruction's Concerto: Comet","0xff","0x1","0xffff","0xffff","65535","0xffff"
"SuperSkills","1361","1361","COB","Destruction's Concerto: Starfall","0xff","0x1","0xffff","0xffff","65535","0xffff"
"SuperSkills","1362","1362","COC","Destruction's Concerto: Meteor","0xff","0x1","0xffff","0xffff","65535","0xffff"
"SuperSkills","1363","1363","CON","Destruction's Conductor","0xff","0x0","0xffff","0xffff","65535","0xffff"
"SuperSkills","1370","1370","WOW","God of Destruction's Roar","0xff","0x0","0xffff","0xffff","65535","0xffff"
"SuperSkills","1380","1380","CNN","God Splitter","0xff","0x1","0xffff","0xffff","65535","0xffff"
"SuperSkills","1381","1381","SLS","Heavenly Arrow","0xff","0x1","0xffff","0xffff","65535","0xffff"
"SuperSkills","1391","1391","DIR","Divine Retribution","0xff","0x0","0xffff","0xffff","65535","0xffff"
"SuperSkills","1392","1392","SIC","Sudden Death Beam","0xff","0x1","0xffff","0xffff","65535","0xffff"
"SuperSkills","1393","1393","GBRK","Divine Retribution (Festival)","0x0","0x0","0xffff","0xffff","65535","0xffff"
"SuperSkills","1400","1400","VTL","Reverse Launcher","0xff","0x1","0xffff","0xffff","65535","0xffff"
"SuperSkills","1401","1401","TRP","Trap Shooter","0xff","0x1","0xffff","0xffff","65535","0xffff"
"SuperSkills","1402","1402","EPB","Psycho Barrier","0xff","0x1","0xffff","0xffff","65535","0xffff"
"SuperSkills","1410","1410","QSP","Spirit Stab","0xff","0x0","0xffff","0xffff","65535","0xffff"
"SuperSkills","1411","1411","JDG","Savage Strike","0xff","0x0","0xffff","0xffff","65535","0xffff"
"SuperSkills","1420","1420","SBK","Blades of Judgment","0xff","0x1","0xffff","0xffff","65535","0xffff"
"SuperSkills","1421","1421","SEI","Holy Wrath","0xff","0x1","0xffff","0xffff","65535","0xffff"
"SuperSkills","1422","1422","ZTI","Lightning of Absolution","0xff","0x1","0xffff","0xffff","65535","0xffff"
"SuperSkills","1423","1423","GKT","Divinity Unleashed","0xff","0x3","0x17","0xffff","65535","0xffff"
"SuperSkills","1430","1430","SUK","Celestial Hammer","0x0","0x0","0xffff","0xffff","65535","0xffff"
"SuperSkills","1431","1431","SNP","Light of Justice","0x0","0x1","0xffff","0xffff","65535","0xffff"
"SuperSkills","1432","1432","SIS","Flames of Retribution","0x0","0x1","0xffff","0xffff","65535","0xffff"
"SuperSkills","1433","1433","DNZ","Spiral of Condemnation","0x0","0x1","0xffff","0xffff","65535","0xffff"
"SuperSkills","1440","1440","BKA","Super Ghost Buu Attack","0xff","0x1","0xffff","0xffff","65535","0xffff"
"SuperSkills","1441","1441","CDB","Candy Beam","0xff","0x1","0xffff","0xffff","65535","0xffff"
"SuperSkills","1450","1450","SPU","Petrifying Spit","0xff","0x1","0xffff","0xffff","65535","0xffff"
"SuperSkills","1451","1451","EVF","Evil Flame","0xff","0x1","0xffff","0xffff","65535","0xffff"
"SuperSkills","1452","1452","DBRK","Hellblade Rush (Festival)","0x0","0x0","0xffff","0xffff","65535","0xffff"
"SuperSkills","1460","1460","IPT","Data Input","0xff","0x3","0x18","0xffff","65535","0xffff"
"SuperSkills","1461","1461","HND","Handy Canon","0xff","0x1","0xffff","0xffff","65535","0xffff"
"SuperSkills","1470","1470","FUE","Hero's Flute","0xff","0x4","0xffff","0xffff","65535","0xffff"
"SuperSkills","1471","1471","BVS","Brave Sword Slash","0xff","0x0","0xffff","0xffff","65535","0xffff"
"SuperSkills","1480","1480","MNV","Rough Ranger","0xff","0x0","0xffff","0xffff","65535","0xffff"
"SuperSkills","1481","1481","ARA","Arsenal Assault","0xff","0x0","0xffff","0xffff","65535","0xffff"
"SuperSkills","1490","1490","PWI","Power Impact","0xff","0x1","0x1a","0xffff","65535","0xffff"
"SuperSkills","1491","1491","MED","Meditation","0xff","0x3","0x1b","0xffff","65535","0xffff"
"SuperSkills","1492","1492","PWR","Power Impact","0x0","0x1","0x1a","0xffff","65535","0xffff"
"SuperSkills","1500","1500","KNI","Confusion Blade","0xff","0x1","0xffff","0xffff","65535","0xffff"
"SuperSkills","1501","1501","DIV","Sneaky Strike","0xff","0x0","0xffff","0xffff","65535","0xffff"
"SuperSkills","1502","1502","TIE","Energy Minefield","0xff","0x1","0xffff","0xffff","65535","0xffff"
"SuperSkills","1503","1503","DIT","Sneaky Strike","0x0","0x0","0xffff","0xffff","65535","0xffff"
"SuperSkills","1510","1510","HKN","Soaring Fist","0xff","0x0","0xffff","0xffff","65535","0xffff"
"SuperSkills","1511","1511","KTM","Surging Spirit","0x0","0x4","0xffff","0xffff","65535","0xffff"
"SuperSkills","1512","1512","KMS","Kamehameha","0xff","0x1","0xffff","0xffff","65535","0xffff"
"SuperSkills","1513","1513","ORS","Meteor Crash","0xff","0x0","0xffff","0xffff","65535","0xffff"
"SuperSkills","1514","1514","GKM","Divine Kamehameha","0xff","0x1","0xffff","0xffff","65535","0xffff"
"SuperSkills","1520","1520","BLB","Blaster Ball","0xff","0x1","0xffff","0xffff","65535","0xffff"
"SuperSkills","1521","1521","GBR","Gigantic Breaker","0xff","0x1","0xffff","0xffff","65535","0xffff"
"SuperSkills","1522","1522","RAB","Ray Blast","0xff","0x1","0xffff","0xffff","65535","0xffff"
"SuperSkills","1523","1523","KFLK","Blaster Ball (Festival)","0x0","0x1","0xffff","0xffff","65535","0xffff"
"SuperSkills","1530","1530","RES","Reverse Shot","0xff","0x1","0xffff","0xffff","65535","0xffff"
"SuperSkills","1531","1531","VAD","Variant Drive","0xff","0x0","0xffff","0xffff","65535","0xffff"
"SuperSkills","1532","1532","RFN","Revenge Final Flash","0xff","0x1","0xffff","0xffff","65535","0xffff"
"SuperSkills","1540","1540","SPB","Spirit Blaster","0xff","0x1","0xffff","0xffff","65535","0xffff"
"SuperSkills","1541","1541","PNS","Punisher Shield","0xff","0x1","0xffff","0xffff","65535","0xffff"
"SuperSkills","1542","1542","ASV","Assault Vanish","0xff","0x4","0xffff","0xffff","65535","0xffff"
"SuperSkills","1543","1543","SRB","Super Mad Dance","0x0","0x0","0xffff","0xffff","65535","0xffff"
"SuperSkills","1544","1544","BBG","Big Bang Kamehameha","0x0","0x1","0xffff","0xffff","65535","0xffff"
"SuperSkills","1550","1550","PSH","Powered Shell","0xff","0x1","0xffff","0xffff","65535","0xffff"
"SuperSkills","1551","1551","GCH","Gigantic Charge","0xff","0x0","0xffff","0xffff","65535","0xffff"
"SuperSkills","1552","1552","GRA","Gigantic Rage","0x0","0x0","0xffff","0xffff","65535","0xffff"
"SuperSkills","1553","1553","GAA","Gigantic Rage","0xff","0x0","0xffff","0xffff","65535","0xffff"
"SuperSkills","1554","1554","GKA","Gigantic Rage","0x0","0x0","0xffff","0xffff","65535","0xffff"
"SuperSkills","1555","1555","GCB","Gigantic Charge","0x0","0x0","0xffff","0xffff","65535","0xffff"
"SuperSkills","1560","1560","PCA","Pretty Cannon","0xff","0x1","0xffff","0xffff","65535","0xffff"
"SuperSkills","1562","1562","FOR","Formation!","0xff","0x3","0xffff","0xffff","65535","0xffff"
"SuperSkills","1563","1563","LCY","Lovely Cyclone","0xff","0x0","0xffff","0xffff","65535","0xffff"
"SuperSkills","1564","1564","PCH","Pretty Charge","0x0","0x4","0xffff","0xffff","65535","0xffff"
"SuperSkills","1565","1565","NI0K","Attention, Please! (Festival)","0x0","0x4","0xffff","0xffff","65535","0xffff"
"SuperSkills","1570","1570","FNS","Final Flash","0x0","0x1","0xffff","0xffff","65535","0xffff"
"SuperSkills","1571","1571","FLS","Final Blow","0x0","0x0","0xffff","0xffff","65535","0xffff"
"SuperSkills","1572","1572","ATS","Atomic Blast","0x0","0x1","0xffff","0xffff","65535","0xffff"
"SuperSkills","1573","1573","FCS","Final Charge","0x0","0x4","0xffff","0xffff","65535","0xffff"
"SuperSkills","1580","1580","BLA","Blazing Attack","0xff","0x1","0xffff","0xffff","65535","0xffff"
"SuperSkills","1581","1581","BTS","Burst Stinger","0xff","0x1","0xffff","0xffff","65535","0xffff"
"SuperSkills","1582","1582","RBL","Raid Blast","0xff","0x0","0xffff","0xffff","65535","0xffff"
"SuperSkills","1583","1583","BLC","Blazing Attack","0x0","0x1","0xffff","0xffff","65535","0xffff"
"SuperSkills","1584","1584","BTC","Burst Stinger","0x0","0x1","0xffff","0xffff","65535","0xffff"
"SuperSkills","1585","1585","RBC","Raid Blast","0x0","0x0","0xffff","0xffff","65535","0xffff"
"SuperSkills","1586","1586","BVB","Blazing Attack","0xff","0x1","0xffff","0xffff","65535","0xffff"
"SuperSkills","1587","1587","BZA","Blazing Attack","0xff","0x1","0xffff","0xffff","65535","0xffff"
"SuperSkills","1588","1588","RBG","Raid Blast","0xff","0x0","0xffff","0xffff","65535","0xffff"
"SuperSkills","1610","1610","MIT","Mastered Instant Transmission","0xff","0x4","0xffff","0xffff","65535","0xffff"
"SuperSkills","1611","1611","5KMH","5 Kamehamehas","0xff","0x1","0xffff","0xffff","65535","0xffff"
"SuperSkills","1612","1612","CGSZ","Gorgeous Shot EX","0xff","0x1","0xffff","0xffff","65535","0xffff"
"SuperSkills","2010","2010","SKB","Ultrasonic Blitz","0xff","0x0","0xffff","0xffff","65535","0xffff"
"SuperSkills","2011","2011","SIN","Spirit Pulse","0xff","0x1","0xffff","0xffff","65535","0xffff"
"SuperSkills","2012","2012","FOKK","Blinding Blitz (Festival)","0x0","0x1","0xffff","0xffff","65535","0xffff"
"SuperSkills","2020","2020","JTK","Justice Kick","0xff","0x0","0xffff","0xffff","65535","0xffff"
"SuperSkills","2021","2021","JTB","Justice Blade","0xff","0x0","0xffff","0xffff","65535","0xffff"
"SuperSkills","2022","2022","FODK","Justice Crush (Festival)","0x0","0x1","0xffff","0xffff","65535","0xffff"
"SuperSkills","2030","2030","REB","Wild Buster","0xff","0x1","0xffff","0xffff","65535","0xffff"
"SuperSkills","2031","2031","CIM","Counter Impact","0xff","0x1","0xffff","0xffff","65535","0xffff"
"SuperSkills","2032","2032","SHB","Shield Barrier","0xff","0x4","0xffff","0xffff","65535","0xffff"
"SuperSkills","2033","2033","RET","","0xff","0x1","0xffff","0xffff","65535","0xffff"
"SuperSkills","2040","2040","HEC","Hell Crush","0xff","0x1","0xffff","0xffff","65535","0xffff"
"SuperSkills","2041","2041","BBC","Big Bang Crash","0xff","0x1","0xffff","0xffff","65535","0xffff"
"SuperSkills","2060","2060","HAS","Heroic Assault","0xff","0x0","0xffff","0xffff","65535","0xffff"
"SuperSkills","2061","2061","SHS","Shooting Strike","0xff","0x1","0xffff","0xffff","65535","0xffff"
"SuperSkills","2062","2062","FIOK","Gamma Force: Code-R (Festival)","0x0","0x1","0xffff","0xffff","65535","0xffff"
"SuperSkills","2063","2063","RSR","Rising Reversal","0xff","0x0","0xffff","0xffff","65535","0xffff"
"SuperSkills","2070","2070","HCO","Heroic Counter","0xff","0x0","0xffff","0xffff","65535","0xffff"
"SuperSkills","2071","2071","GSH","Gamma Blaster","0xff","0x1","0xffff","0xffff","65535","0xffff"
"SuperSkills","2072","2072","DMH","Gamma Impact","0xff","0x0","0xffff","0xffff","65535","0xffff"
"SuperSkills","2073","2073","GST","","0x0","0x1","0xffff","0xffff","65535","0xffff"
"SuperSkills","2074","2074","FITK","Gamma Force: Code-B (Festival)","0x0","0x0","0xffff","0xffff","65535","0xffff"
"SuperSkills","2080","2080","MSG","Masenko","0x0","0x1","0xffff","0xffff","65535","0xffff"
"SuperSkills","2081","2081","VDG","Hawk Charge","0x0","0x0","0xffff","0xffff","65535","0xffff"
"SuperSkills","2082","2082","RUG","Burst Rush","0x0","0x0","0xffff","0xffff","65535","0xffff"
"SuperSkills","2083","2083","VDT","Hawk Charge","0x0","0x0","0xffff","0xffff","65535","0xffff"
"SuperSkills","2090","2090","MSR","Demon Ray","0xff","0x1","0xffff","0xffff","65535","0xffff"
"SuperSkills","2091","2091","MSY","Demon Flash Strike","0xff","0x0","0xffff","0xffff","65535","0xffff"
"SuperSkills","2092","2092","MRG","Demon Flurry","0xff","0x0","0xffff","0xffff","65535","0xffff"
"SuperSkills","2093","2093","KTG","Ultimate Charge","0x0","0x4","0xffff","0xffff","65535","0xffff"
"SuperSkills","2094","2094","SIGK","Speed Drill (Festival)","0x0","0x0","0xffff","0xffff","65535","0xffff"
"SuperSkills","2100","2100","MKY","Special Beam Cannon","0x0","0x1","0xffff","0xffff","65535","0xffff"
"SuperSkills","2101","2101","EYY","Evil Eyes","0x0","0x1","0xffff","0xffff","65535","0xffff"
"SuperSkills","2102","2102","MKP","Special Beam Cannon (Awakening)","0xff","0x1","0xffff","0xffff","65535","0xffff"
"SuperSkills","2103","2103","MKB","Special Beam Cannon (Awakening)","0xff","0x1","0xffff","0xffff","65535","0xffff"
"SuperSkills","2104","2104","ROK","Demon Stone Rend","0xff","0x1","0xffff","0xffff","65535","0xffff"
"SuperSkills","2110","2110","PWS","Fierce Fist","0xff","0x0","0xffff","0xffff","65535","0xffff"
"SuperSkills","2111","2111","MTH","Demonic Destruction","0xff","0x0","0xffff","0xffff","65535","0xffff"
"SuperSkills","2120","2120","DRA","Disaster Ray","0x0","0x1","0xffff","0xffff","65535","0xffff"
"SuperSkills","2121","2121","VCA","Purge Cannon","0x0","0x1","0xffff","0xffff","65535","0xffff"
"SuperSkills","2130","2130","SE1","Variable Snipe Shot","0xff","0x1","0xffff","0xffff","65535","0xffff"
"SuperSkills","2131","2131","SE2","Steel Mirage","0xff","0x1","0xffff","0xffff","65535","0xffff"
"SuperSkills","2140","2140","SV1","Seagull Combination","0xff","0x0","0xffff","0xffff","65535","0xffff"
"SuperSkills","2141","2141","SV2","Burning Swan","0xff","0x1","0xffff","0xffff","65535","0xffff"
"SuperSkills","2142","2142","SV3","Swallow Shot","0x0","0x0","0xffff","0xffff","65535","0xffff"
"SuperSkills","2143","2143","SVVK","Egret Waltz (Festival)","0x0","0x0","0xffff","0xffff","65535","0xffff"
"SuperSkills","2160","2160","SB1","Gigantic Cluster","0xff","0x1","0xffff","0xffff","65535","0xffff"
"SuperSkills","2161","2161","SB2","Eraser Bomb","0xff","0x1","0xffff","0xffff","65535","0xffff"
"SuperSkills","2162","2162","SB3","Rising Rage","0x0","0x4","0xffff","0xffff","65535","0xffff"
"SuperSkills","2163","2163","B1C","Gigantic Cluster","0x0","0x1","0xffff","0xffff","65535","0xffff"
"SuperSkills","2164","2164","B2C","Eraser Bomb","0x0","0x1","0xffff","0xffff","65535","0xffff"
"SuperSkills","2165","2165","B1Q","Gigantic Cluster","0x0","0x1","0xffff","0xffff","65535","0xffff"
"SuperSkills","2166","2166","B2Q","Eraser Bomb","0x0","0x1","0xffff","0xffff","65535","0xffff"
"SuperSkills","2167","2167","B3Q","Rising Rage","0x0","0x4","0xffff","0xffff","65535","0xffff"
"SuperSkills","2170","2170","SG1","Big Bang Knuckle","0xff","0x0","0xffff","0xffff","65535","0xffff"
"SuperSkills","2171","2171","SG2","Wild Stinger","0xff","0x0","0xffff","0xffff","65535","0xffff"
"SuperSkills","2172","2172","G1C","Big Bang Knuckle","0x0","0x0","0xffff","0xffff","65535","0xffff"
"SuperSkills","2173","2173","G2C","Wild Stinger","0x0","0x0","0xffff","0xffff","65535","0xffff"
"SuperSkills","2180","2180","SR1","Crimson Edge","0xff","0x0","0xffff","0xffff","65535","0xffff"
"SuperSkills","2181","2181","SR2","Divine Spear","0xff","0x1","0xffff","0xffff","65535","0xffff"
"SuperSkills","2182","2182","R1C","Crimson Edge","0x0","0x0","0xffff","0xffff","65535","0xffff"
"SuperSkills","2183","2183","R2C","Divine Spear","0x0","0x1","0xffff","0xffff","65535","0xffff"
"SuperSkills","2210","2210","BMB","God of Destruction's Plaything","0xff","0x1","0xffff","0xffff","65535","0xffff"
"SuperSkills","2211","2211","RGT","God of Destruction's Poise","0xff","0x0","0xffff","0xffff","65535","0xffff"
"SuperSkills","2230","2230","NYD","Dragon Spark","0xff","0x0","0xffff","0xffff","65535","0xffff"
"SuperSkills","2231","2231","TZK","Soaring Rush","0xff","0x0","0xffff","0xffff","65535","0xffff"
"SuperSkills","2240","2240","LBA","Heat Wave","0xff","0x0","0xffff","0xffff","65535","0xffff"
"SuperSkills","2241","2241","DRI","Supreme Fury","0xff","0x0","0xffff","0xffff","65535","0xffff"
"SuperSkills","2250","2250","SMS","Force Edge","0xff","0x1","0xffff","0xffff","65535","0xffff"
"SuperSkills","2251","2251","AAT","Burning Blast","0xff","0x1","0xffff","0xffff","65535","0xffff"
"SuperSkills","2260","2260","GTB","Gigantic Cross","0xff","0x1","0xffff","0xffff","65535","0xffff"
"SuperSkills","2270","2270","HLF","Dark Inscription","0xff","0x1","0xffff","0xffff","65535","0xffff"
"SuperSkills","2271","2271","KAF","Emperor's Cannon","0xff","0x1","0xffff","0xffff","65535","0xffff"
"SuperSkills","2280","2280","SBS","","0x0","0x1","0xffff","0xffff","65535","0xffff"
"SuperSkills","2550","2550","DCH","Death Chaser","0xef","0x0","0xffff","0xffff","65535","0xffff"
"SuperSkills","2560","2560","BZC","Blazing Combo","0xff","0x0","0xffff","0xffff","65535","0xffff"
"SuperSkills","2561","2561","BZS","Blistering Sword","0xff","0x0","0xffff","0xffff","65535","0xffff"
"SuperSkills","2562","2562","BZF","Infernal Flash","0xff","0x1","0xffff","0xffff","65535","0xffff"
"SuperSkills","2563","2563","BZH","Heat Burst","0xff","0x4","0xffff","0xffff","65535","0xffff"
"SuperSkills","2564","2564","KAG","Kamehameha","0xff","0x1","0xffff","0xffff","65535","0xffff"
"SuperSkills","2565","2565","BHA","Heat Burst","0xff","0x4","0xffff","0xffff","65535","0xffff"
"SuperSkills","2570","2570","DRG","Dragon Dance","0xff","0x0","0xffff","0xffff","65535","0xffff"
"SuperSkills","2571","2571","DFE","Enraged Dragon Fist","0xff","0x0","0x81","0xffff","65535","0xffff"
"SuperSkills","2580","2580","BBB","Burst Big Bang","0xff","0x1","0xffff","0xffff","65535","0xffff"
"SuperSkills","2590","2590","BSO","Blazing Zephyr","0xff","0x1","0xffff","0xffff","65535","0xffff"
"SuperSkills","2591","2591","FIC","Burning Shoot","0xff","0x0","0xffff","0xffff","65535","0xffff"
"SuperSkills","2592","2592","BLZ","Blazing Zephyr","0xff","0x1","0xffff","0xffff","65535","0xffff"
"SuperSkills","2600","2600","PDV","Hyper Drive","0xff","0x0","0xffff","0xffff","65535","0xffff"
"SuperSkills","2601","2601","GBL","Multiplex Blast","0xff","0x1","0xffff","0xffff","65535","0xffff"
"SuperSkills","2602","2602","PUN","Rising Punisher","0xff","0x0","0xffff","0xffff","65535","0xffff"
"SuperSkills","2610","2610","RTH","Ruthless Swell","0xff","0x4","0xffff","0xffff","65535","0xffff"
"SuperSkills","2630","2630","ERB","Energy Release Ball","0xff","0x1","0xffff","0xffff","65535","0xffff"
"SuperSkills","2631","2631","CNC","Connoisseur Cut","0xff","0x0","0xffff","0xffff","65535","0xffff"
"SuperSkills","2632","2632","MKH","Majin Kamehameha","0x0","0x1","0xffff","0xffff","65535","0xffff"
"SuperSkills","2633","2633","PHB","Photon Beam","0xff","0x1","0xffff","0xffff","65535","0xffff"
"SuperSkills","2640","2640","SAS","Solar Assault","0xff","0x4","0xffff","0xffff","65535","0xffff"
"SuperSkills","2660","2660","KTK","Venom Charge","0xff","0x4","0xffff","0xffff","65535","0xffff"
"SuperSkills","2661","2661","IGB","Ignition Bullet","0xff","0x0","0xffff","0xffff","65535","0xffff"
"SuperSkills","2662","2662","PHW","Phantom Wave","0xff","0x4","0xffff","0xffff","65535","0xffff"
"SuperSkills","2663","2663","PLB","Planetbreaker","0xff","0x0","0xffff","0xffff","65535","0xffff"
"SuperSkills","2670","2670","CTD","Cute Disaster","0xff","0x1","0xffff","0xffff","65535","0xffff"
"SuperSkills","2671","2671","DST","Desolate Storm","0xff","0x0","0x88","0xffff","65535","0xffff"
"SuperSkills","2672","2672","ENR","Venom Charge","0x0","0x4","0xffff","0xffff","65535","0xffff"
"SuperSkills","2673","2673","FBD","Forbidden Despair","0xff","0x1","0xffff","0xffff","65535","0xffff"
"SuperSkills","2680","2680","RVL","Abyss Revolver","0xff","0x1","0xffff","0xffff","65535","0xffff"
"SuperSkills","2681","2681","NUT","Deadly Counter","0x0","0x0","0xffff","0xffff","65535","0xffff"
"SuperSkills","2682","2682","SDB","S.S. Deadly Bomber","0xff","0x1","0xffff","0xffff","65535","0xffff"
"SuperSkills","2690","2690","EJB","Energy Bullet","0xff","0x1","0xffff","0xffff","65535","0xffff"
"SuperSkills","2691","2691","PWT","Power Trip","0xff","0x0","0xffff","0xffff","65535","0xffff"
"SuperSkills","2720","2720","VRW","Varuna's Wrath","0xff","0x1","0xffff","0xffff","65535","0xffff"
"SuperSkills","2721","2721","ROR","Pavana's Roar","0xff","0x1","0xffff","0xffff","65535","0xffff"
"SuperSkills","2740","2740","SBL","Shoot Blaster","0xff","0x1","0xffff","0xffff","65535","0xffff"
"SuperSkills","2741","2741","PSD","Psycho Dance","0xff","0x3","0x61a9","0xffff","65535","0xffff"
"SuperSkills","2742","2742","PST","Psycho Thread","0xff","0x4","0xffff","0xffff","65535","0xffff"
"SuperSkills","2780","2780","DSB","Dragon-Slaying Bullet","0xff","0x1","0xffff","0xffff","65535","0xffff"
"SuperSkills","2810","2810","SZP","Fighting Pose (Salza)","0xff","0x3","0xd","0xffff","65535","0xffff"
"SuperSkills","2811","2811","SFB","Scatter Finger Beam","0xef","0x1","0xffff","0xffff","65535","0xffff"
"SuperSkills","2820","2820","GRB","Grand Smasher","0x0","0x1","0xffff","0xffff","65535","0xffff"
"SuperSkills","2821","2821","GCT","Marauder Crush","0xff","0x0","0xffff","0xffff","65535","0xffff"
"SuperSkills","2830","2830","VNS","Violent Shot","0xff","0x1","0xffff","0xffff","65535","0xffff"
"SuperSkills","2831","2831","18G","Deadly Dance","0xff","0x0","0xffff","0xffff","65535","0xffff"
"SuperSkills","2840","2840","PBA","Madness Cannon","0xff","0x1","0xffff","0xffff","65535","0xffff"
"SuperSkills","2850","2850","FLB","Flash Bomb","0xff","0x1","0xffff","0xffff","65535","0xffff"
"SuperSkills","2851","2851","FRZ","Cowardly Deception","0xff","0x4","0xffff","0xffff","65535","0xffff"
"SuperSkills","2852","2852","SLC","Sleep","0xff","0x4","0xffff","0xffff","65535","0xffff"
"SuperSkills","2870","2870","WVB","Wavering Blast","0xff","0x1","0x1a","0xffff","65535","0xffff"
"SuperSkills","2871","2871","KTR","Resist Charge","0xff","0x4","0xffff","0xffff","65535","0xffff"
"SuperSkills","2880","2880","GIM","Gigantic Impact","0xff","0x1","0xffff","0xffff","65535","0xffff"
"SuperSkills","2890","2890","EBA","Explosive Burning Attack","0xff","0x1","0xffff","0xffff","65535","0xffff"
"SuperSkills","2940","2940","KTG","Sage Charge","0x0","0x4","0xffff","0xffff","65535","0xffff"
"SuperSkills","3010","3010","CBK","Control Break","0xff","0x0","0xffff","0xffff","65535","0xffff"
"SuperSkills","3011","3011","GXB","Galaxy Breaker","0x0","0x1","0xffff","0xffff","65535","0xffff"
"SuperSkills","3020","3020","IBL","Lucora Gun","0xff","0x1","0xffff","0xffff","65535","0xffff"
"SuperSkills","3021","3021","GAP","Gatling Punch","0xff","0x0","0xffff","0xffff","65535","0xffff"
"UltimateSkills","5000","0","CKM","Super Kamehameha","0xff","0x1","0xffff","0xffff","65535","0xffff"
"UltimateSkills","5001","1","SS1","Super Saiyan","0x42","0x2","0x1e","0xffff","100","0xffff"
"UltimateSkills","5002","2","SS2","Super Saiyan 2","0x42","0x2","0x1f","0xffff","101","0xffff"
"UltimateSkills","5003","3","SS3","Super Saiyan 3","0x42","0x2","0x20","0xffff","102","0xffff"
"UltimateSkills","5004","4","RYU","Dragon Fist","0xff","0x0","0xffff","0xffff","65535","0xffff"
"UltimateSkills","5005","5","KOK","x4 Kaioken Kamehameha","0xff","0x1","0xffff","0xffff","65535","0xffff"
"UltimateSkills","5006","6","20K","x20 Kaioken Kamehameha","0xff","0x1","0xffff","0xffff","65535","0xffff"
"UltimateSkills","5007","7","BKY","Breaker Energy Wave","0xff","0x1","0xffff","0xffff","65535","0xffff"
"UltimateSkills","5008","8","CKMV","DUAL Super Kamehameha","0xff","0x6","0xffff","0xffff","65535","0xffff"
"UltimateSkills","5009","9","GOKS","Super Spirit Bomb (Festival)","0x0","0x1","0x1e","0xffff","100","0xffff"
"UltimateSkills","5010","10","SOS","Saiyan Spirit","0x42","0x1","0xffff","0xffff","65535","0xffff"
"UltimateSkills","5011","11","CKB","Super Ki Explosion","0xff","0x1","0xffff","0xffff","65535","0xffff"
"UltimateSkills","5012","12","DMB","Brave Heat","0xff","0x1","0xffff","0xffff","65535","0xffff"
"UltimateSkills","5013","13","FLL","Full Power Energy Wave","0xff","0x1","0xffff","0xffff","65535","0xffff"
"UltimateSkills","5014","14","SOSV","DUAL Brave Heat","0xff","0x6","0xffff","0xffff","65535","0xffff"
"UltimateSkills","5015","15","FLT","Full Power Energy Wave","0x0","0x1","0xffff","0xffff","65535","0xffff"
"UltimateSkills","5016","16","FLG","Full Power Energy Wave","0x0","0x1","0xffff","0xffff","65535","0xffff"
"UltimateSkills","5020","20","KOC","x4 Kaioken Kamehameha","0x0","0x1","0xffff","0xffff","65535","0xffff"
"UltimateSkills","5021","21","20C","x20 Kaioken Kamehameha","0x0","0x1","0xffff","0xffff","65535","0xffff"
"UltimateSkills","5022","22","BKP","Breaker Energy Wave","0x0","0x1","0xffff","0xffff","65535","0xffff"
"UltimateSkills","5023","23","RYUV","DUAL Dragon Fist","0xff","0x5","0xffff","0xffff","65535","0xffff"
"UltimateSkills","5040","40","GKD","Super Spirit Bomb","0xff","0x1","0xffff","0xffff","65535","0xffff"
"UltimateSkills","5041","41","GKQ","Super Spirit Bomb","0xff","0x1","0xffff","0xffff","65535","0xffff"
"UltimateSkills","5042","42","GKC","Super Spirit Bomb","0x0","0x1","0xffff","0xffff","65535","0xffff"
"UltimateSkills","5043","43","GKDV","DUAL Super Spirit Bomb","0xff","0x6","0xffff","0xffff","65535","0xffff"
"UltimateSkills","5050","50","KIR","Full Power Energy Blast Volley","0xff","0x1","0xffff","0xffff","65535","0xffff"
"UltimateSkills","5060","60","BMR","Explosive Assault","0xff","0x1","0xffff","0xffff","65535","0xffff"
"UltimateSkills","5061","61","DGD","Unrelenting Barrage","0xff","0x0","0xffff","0xffff","65535","0xffff"
"UltimateSkills","5062","62","BMRV","DUAL Explosive Assault","0xff","0x6","0xffff","0xffff","65535","0xffff"
"UltimateSkills","5070","70","OYA","Father-Son Kamehameha","0x0","0x1","0xffff","0xffff","65535","0xffff"
"UltimateSkills","5071","71","GHMS","Violet Flash (Festival)","0x0","0x0","0x1f","0xffff","101","0xffff"
"UltimateSkills","5072","72","GH1S","Violet Flash (Festival)","0xff","0x0","0x1f","0x43","101","0xffff"
"UltimateSkills","5080","80","ULT","Potential Unleashed","0x0","0x2","0x21","0xffff","102","0xffff"
"UltimateSkills","5081","81","ULA","Potential Awoken","0xff","0x2","0x64","0xffff","65535","0xffff"
"UltimateSkills","5082","82","CHMV","DUAL Super Kamehameha: Gohan (Adult)","0xff","0x6","0xffff","0xffff","65535","0xffff"
"UltimateSkills","5083","83","EMK","Explosive Masenko","0xff","0x1","0xffff","0xffff","65535","0xffff"
"UltimateSkills","5090","90","MKS","Special Beam Cannon","0xff","0x1","0xffff","0xffff","65535","0xffff"
"UltimateSkills","5091","91","MHD","Hellzone Grenade","0xff","0x1","0xffff","0xffff","65535","0xffff"
"UltimateSkills","5092","92","CBR","Reverse Mabakusenko","0xff","0x1","0xffff","0xffff","65535","0xffff"
"UltimateSkills","5093","93","MKSV","DUAL Special Beam Cannon","0xff","0x6","0xffff","0xffff","65535","0xffff"
"UltimateSkills","5100","100","KRZ","Chain Destructo-Disc Barrage","0xff","0x1","0xffff","0xffff","65535","0xffff"
"UltimateSkills","5101","101","KKM","Scatter Kamehameha","0xff","0x1","0xffff","0xffff","65535","0xffff"
"UltimateSkills","5102","102","KRZV","DUAL Chain Destructo-Disc Barrage","0xff","0x6","0xffff","0xffff","65535","0xffff"
"UltimateSkills","5110","110","SKD","Spirit Ball","0xff","0x1","0xffff","0xffff","65535","0xffff"
"UltimateSkills","5112","112","SKDV","DUAL Spirit Ball","0xff","0x6","0xffff","0xffff","65535","0xffff"
"UltimateSkills","5113","113","SKT","Spirit Ball","0x0","0x1","0xffff","0xffff","65535","0xffff"
"UltimateSkills","5120","120","SKH","Neo Tri-Beam","0xff","0x1","0xffff","0xffff","65535","0xffff"
"UltimateSkills","5121","121","SKHV","DUAL Neo Tri-Beam","0xff","0x6","0xffff","0xffff","65535","0xffff"
"UltimateSkills","5130","130","RAD0","Weekend","0xff","0x1","0xffff","0xffff","65535","0xffff"
"UltimateSkills","5131","131","RAD1","Vacation Delete","0xff","0x1","0xffff","0xffff","65535","0xffff"
"UltimateSkills","5132","132","RADV","DUAL Weekend","0xff","0x6","0xffff","0xffff","65535","0xffff"
"UltimateSkills","5140","140","JBK","Self-Destruct","0x0","0x0","0xffff","0xffff","65535","0xffff"
"UltimateSkills","5142","142","JBR","Self-Destruct","0x0","0x0","0xffff","0xffff","65535","0xffff"
"UltimateSkills","5150","150","BCN","Break Cannon","0xff","0x1","0xffff","0xffff","65535","0xffff"
"UltimateSkills","5151","151","JST","Giant Storm","0xff","0x1","0xffff","0xffff","65535","0xffff"
"UltimateSkills","5152","152","JSTV","DUAL Giant Storm","0xff","0x6","0xffff","0xffff","65535","0xffff"
"UltimateSkills","5153","153","JSC","Giant Storm","0x0","0x1","0xffff","0xffff","65535","0xffff"
"UltimateSkills","5160","160","VS1","Super Vegeta","0x42","0x2","0x22","0xffff","100","0xffff"
"UltimateSkills","5161","161","FNF","Final Flash","0xff","0x1","0xffff","0xffff","65535","0xffff"
"UltimateSkills","5162","162","VS2","Super Vegeta 2","0x42","0x2","0x23","0xffff","101","0xffff"
"UltimateSkills","5163","163","FEX","Final Explosion","0xff","0x1","0xffff","0xffff","65535","0xffff"
"UltimateSkills","5164","164","FNFV","DUAL Final Flash","0xff","0x6","0xffff","0xffff","65535","0xffff"
"UltimateSkills","5170","170","FSA","Final Shine Attack","0xff","0x1","0xffff","0xffff","65535","0xffff"
"UltimateSkills","5171","171","FSAV","DUAL Final Shine Attack","0xff","0x6","0xffff","0xffff","65535","0xffff"
"UltimateSkills","5180","180","KSB","Paralysis","0xff","0x0","0xffff","0xffff","65535","0xffff"
"UltimateSkills","5190","190","BLH","Blue Hurricane","0xff","0x0","0xffff","0xffff","65535","0xffff"
"UltimateSkills","5191","191","BLT","Blue Hurricane","0x0","0x0","0xffff","0xffff","65535","0xffff"
"UltimateSkills","5200","200","UFB","Ultra Fighting Bomber","0xff","0x1","0xffff","0xffff","65535","0xffff"
"UltimateSkills","5210","210","JES0","Crusher Volcano","0xff","0x1","0xffff","0xffff","65535","0xffff"
"UltimateSkills","5220","220","BCG","Body Change","0xff","0x4","0xffff","0xffff","65535","0xffff"
"UltimateSkills","5221","221","MKCV","DUAL Milky Cannon","0xff","0x6","0xffff","0xffff","65535","0xffff"
"UltimateSkills","5222","222","BCQ","Body Change","0x0","0x4","0xffff","0xffff","65535","0xffff"
"UltimateSkills","5230","230","SNV","Supernova","0xff","0x1","0xffff","0xffff","65535","0xffff"
"UltimateSkills","5231","231","SNVV","DUAL Supernova","0xff","0x6","0xffff","0xffff","65535","0xffff"
"UltimateSkills","5240","240","DBL","Death Ball","0xff","0x1","0xffff","0xffff","65535","0xffff"
"UltimateSkills","5241","241","DMT","Death Meteor","0xff","0x0","0xffff","0xffff","65535","0xffff"
"UltimateSkills","5242","242","DDS","Double Death Slicer","0xff","0x1","0xffff","0xffff","65535","0xffff"
"UltimateSkills","5243","243","LEP","Last Emperor","0xff","0x1","0xffff","0xffff","65535","0xffff"
"UltimateSkills","5244","244","LAT","Last Emperor","0xff","0x1","0xffff","0xffff","65535","0xffff"
"UltimateSkills","5260","260","HDA","Heat Dome Attack","0xff","0x1","0xffff","0xffff","65535","0xffff"
"UltimateSkills","5261","261","SHN","Shining Blow","0xff","0x0","0xffff","0xffff","65535","0xffff"
"UltimateSkills","5270","270","VRH","Victory Rush","0xff","0x0","0xffff","0xffff","65535","0xffff"
"UltimateSkills","5271","271","VRG","Victory Rush","0x0","0x0","0xffff","0xffff","65535","0xffff"
"UltimateSkills","5280","280","G171","Super Electric Strike","0xff","0x1","0xffff","0xffff","65535","0xffff"
"UltimateSkills","5281","281","SDL","Dead End Bullet","0xff","0x1","0xffff","0xffff","65535","0xffff"
"UltimateSkills","5282","282","G17V","DUAL Super Electric Strike","0xff","0x6","0xffff","0xffff","65535","0xffff"
"UltimateSkills","5290","290","DJD","Shocking Death Ball","0xff","0x1","0xffff","0xffff","65535","0xffff"
"UltimateSkills","5301","301","RTZ","Dual Destructo-Disc","0xff","0x1","0xffff","0xffff","65535","0xffff"
"UltimateSkills","5302","302","SDN","Dead End Rain","0xff","0x1","0xffff","0xffff","65535","0xffff"
"UltimateSkills","5303","303","SDNV","DUAL Dead End Rain","0xff","0x6","0xffff","0xffff","65535","0xffff"
"UltimateSkills","5310","310","KMH","Perfect Kamehameha","0xff","0x1","0xffff","0xffff","65535","0xffff"
"UltimateSkills","5311","311","KMHV","DUAL Perfect Kamehameha","0xff","0x6","0xffff","0xffff","65535","0xffff"
"UltimateSkills","5340","340","HVR","Justice Combination","0xff","0x0","0xffff","0xffff","65535","0xffff"
"UltimateSkills","5341","341","HVRV","DUAL Justice Combination","0xff","0x5","0xffff","0xffff","65535","0xffff"
"UltimateSkills","5350","350","BUL1","Innocence Breath","0xff","0x1","0xffff","0xffff","65535","0xffff"
"UltimateSkills","5351","351","CKI","Cookie Beam","0x0","0x0","0xffff","0xffff","65535","0xffff"
"UltimateSkills","5352","352","AGE","Angry Explosion","0xff","0x1","0xffff","0xffff","65535","0xffff"
"UltimateSkills","5353","353","AGEV","DUAL Angry Explosion","0xff","0x6","0xffff","0xffff","65535","0xffff"
"UltimateSkills","5360","360","ASR","Assault Rain","0xff","0x1","0xffff","0xffff","65535","0xffff"
"UltimateSkills","5361","361","ASRV","DUAL Assault Rain","0xff","0x6","0xffff","0xffff","65535","0xffff"
"UltimateSkills","5370","370","VSB","Super Vanishing Ball","0xff","0x1","0xffff","0xffff","65535","0xffff"
"UltimateSkills","5371","371","SVB","Teleporting Vanishing Ball","0xff","0x1","0xffff","0xffff","65535","0xffff"
"UltimateSkills","5380","380","SGK","Super Ghost Kamikaze Attack","0xff","0x1","0xffff","0xffff","65535","0xffff"
"UltimateSkills","5381","381","SGKV","DUAL Super Ghost Kamikaze Attack","0xff","0x6","0xffff","0xffff","65535","0xffff"
"UltimateSkills","5382","382","GKT","Super Ghost Kamikaze Attack","0x0","0x1","0xffff","0xffff","65535","0xffff"
"UltimateSkills","5390","390","SPS","Spirit Sword","0xff","0x0","0xffff","0xffff","65535","0xffff"
"UltimateSkills","5391","391","FLK","Final Kamehameha","0xff","0x1","0xffff","0xffff","65535","0xffff"
"UltimateSkills","5392","392","FLKV","DUAL Final Kamehameha","0xff","0x6","0xffff","0xffff","65535","0xffff"
"UltimateSkills","5400","400","GTM","Gigantic Meteor","0xff","0x1","0xffff","0xffff","65535","0xffff"
"UltimateSkills","5401","401","GTMV","DUAL Gigantic Meteor","0xff","0x6","0xffff","0xffff","65535","0xffff"
"UltimateSkills","5402","402","GTK","Gigantic Meteor","0x0","0x1","0xffff","0xffff","65535","0xffff"
"UltimateSkills","5410","410","HKI","Sphere of Destruction","0xff","0x1","0xffff","0xffff","65535","0xffff"
"UltimateSkills","5411","411","HKIV","DUAL Sphere of Destruction","0xff","0x6","0xffff","0xffff","65535","0xffff"
"UltimateSkills","5420","420","PAN1","Maiden Blast","0xff","0x1","0xffff","0xffff","65535","0xffff"
"UltimateSkills","5421","421","PANV","DUAL Maiden Blast","0xff","0x6","0xffff","0xffff","65535","0xffff"
"UltimateSkills","5440","440","OBM","Super Great Ape Beam","0x0","0x1","0xffff","0xffff","65535","0xffff"
"UltimateSkills","5441","441","ORD","Gigantic Ki Blast","0x0","0x1","0xffff","0xffff","65535","0xffff"
"UltimateSkills","5480","480","ICN","Ice Cannon","0x0","0x1","0xffff","0xffff","65535","0xffff"
"UltimateSkills","5481","481","ICN","Ice Cannon","0xff","0x1","0xffff","0xffff","65535","0xffff"
"UltimateSkills","5490","490","BSP","Burning Spin","0x0","0x0","0xffff","0xffff","65535","0xffff"
"UltimateSkills","5491","491","BSP","Burning Spin","0xff","0x0","0xffff","0xffff","65535","0xffff"
"UltimateSkills","5500","500","MEP","Minus Energy Power Ball","0xff","0x1","0xffff","0xffff","65535","0xffff"
"UltimateSkills","5501","501","MEPV","DUAL Minus Energy Power Ball","0xff","0x6","0xffff","0xffff","65535","0xffff"
"UltimateSkills","5510","510","BBK","x100 Big Bang Kamehameha","0xff","0x1","0xffff","0xffff","65535","0xffff"
"UltimateSkills","5511","511","BBKV","DUAL x100 Big Bang Kamehameha","0xff","0x6","0xffff","0xffff","65535","0xffff"
"UltimateSkills","5520","520","QSS","The Savior Has Come","0xff","0x4","0xffff","0xffff","65535","0xffff"
"UltimateSkills","5522","522","QSSV","DUAL The Savior Has Come","0xff","0x8","0xffff","0xffff","65535","0xffff"
"UltimateSkills","5523","523","QSRV","DUAL The Savior Has Come","0xff","0x8","0xffff","0xffff","65535","0xffff"
"UltimateSkills","5530","530","EVL","Villainous Mode","0x0","0x2","0xffff","0xffff","65535","0xffff"
"UltimateSkills","5531","531","BKS","Baked Sphere","0x0","0x1","0xffff","0xffff","65535","0xffff"
"UltimateSkills","5532","532","ENJ","Energy Jet","0x0","0x1","0xffff","0xffff","65535","0xffff"
"UltimateSkills","5533","533","EVS1","Villainous Mode (Super Saiyan)","0x0","0x2","0xffff","0xffff","100","0xffff"
"UltimateSkills","5534","534","EVS2","Villainous Mode (Super Saiyan 2)","0x0","0x2","0xffff","0xffff","101","0xffff"
"UltimateSkills","5535","535","EJR","Energy Jet","0x0","0x1","0xffff","0xffff","65535","0xffff"
"UltimateSkills","5540","540","BRG","Boiling Burg","0x0","0x1","0xffff","0xffff","65535","0xffff"
"UltimateSkills","5620","620","HKD","Serious Bomb","0xff","0x1","0xffff","0xffff","65535","0xffff"
"UltimateSkills","5630","630","KLZ","Energy Zone","0x0","0x4","0xffff","0xffff","65535","0xffff"
"UltimateSkills","5631","631","KLA","Energy Zone","0xff","0x4","0xffff","0xffff","65535","0xffff"
"UltimateSkills","5632","632","KLR","Energy Zone","0xff","0x4","0xffff","0xffff","65535","0xffff"
"UltimateSkills","5635","635","KLM","Energy Zone","0x0","0x4","0xffff","0xffff","65535","0xffff"
"UltimateSkills","5640","640","NRV","Nirvana Cannon","0xff","0x1","0xffff","0xffff","65535","0xffff"
"UltimateSkills","5650","650","KKK","Symphonic Destruction","0xff","0x1","0xffff","0xffff","65535","0xffff"
"UltimateSkills","5651","651","KKKV","DUAL Symphonic Destruction","0xff","0x6","0xffff","0xffff","65535","0xffff"
"UltimateSkills","5670","670","SEC","Super Elite Combo","0x0","0x0","0xffff","0xffff","65535","0xffff"
"UltimateSkills","5671","671","SHC","Super Elite Combo","0xff","0x0","0xffff","0xffff","65535","0xffff"
"UltimateSkills","5672","672","SECV","DUAL Super Elite Combo","0xff","0x5","0xffff","0xffff","65535","0xffff"
"UltimateSkills","5690","690","GBF","Gamma Burst Flash","0xff","0x1","0xffff","0xffff","65535","0xffff"
"UltimateSkills","5691","691","GBB","Gamma Burst Flash","0xff","0x1","0xffff","0xffff","65535","0xffff"
"UltimateSkills","5692","692","UGC","Ultra Galick Gun","0xff","0x1","0xffff","0xffff","65535","0xffff"
"UltimateSkills","5730","730","QSR","The Savior Has Come","0x0","0x1","0xffff","0xffff","65535","0xffff"
"UltimateSkills","5750","750","BYE","Zetsumei Bullet","0x0","0x1","0xffff","0xffff","65535","0xffff"
"UltimateSkills","5800","800","SKM","Warp Kamehameha","0xff","0x1","0xffff","0xffff","65535","0xffff"
"UltimateSkills","5801","801","SKMV","DUAL Warp Kamehameha","0xff","0x6","0xffff","0xffff","65535","0xffff"
"UltimateSkills","5810","810","SGL","Super Galick Gun","0xff","0x1","0xffff","0xffff","65535","0xffff"
"UltimateSkills","5811","811","SGT","Super Galick Gun","0x0","0x1","0xffff","0xffff","65535","0xffff"
"UltimateSkills","5812","812","SGG","Super Galick Gun","0x0","0x1","0xffff","0xffff","65535","0xffff"
"UltimateSkills","5813","813","SGP","Super Galick Gun","0x0","0x1","0xffff","0xffff","65535","0xffff"
"UltimateSkills","5820","820","EDB","Emperor's Death Beam","0xff","0x1","0xffff","0xffff","65535","0xffff"
"UltimateSkills","5821","821","EDA","Emperor's Death Beam","0x0","0x1","0xffff","0xffff","65535","0xffff"
"UltimateSkills","5830","830","HZF","Hell Flash","0xff","0x1","0xffff","0xffff","65535","0xffff"
"UltimateSkills","5831","831","HZFV","DUAL Hell Flash","0xff","0x6","0xffff","0xffff","65535","0xffff"
"UltimateSkills","5832","832","HZC","Hell Flash","0x0","0x1","0xffff","0xffff","65535","0xffff"
"UltimateSkills","5850","850","SPN","Supernova (Cooler)","0xff","0x1","0xffff","0xffff","65535","0xffff"
"UltimateSkills","5851","851","SPNV","DUAL Supernova (Cooler)","0xff","0x6","0xffff","0xffff","65535","0xffff"
"UltimateSkills","5860","860","FKM","One-Handed Kamehameha mk.II","0xff","0x1","0xffff","0xffff","65535","0xffff"
"UltimateSkills","5861","861","SSF","Future Super Saiyan","0x42","0x2","0xffff","0xffff","100","0xffff"
"UltimateSkills","5862","862","FKL","One-Handed Kamehameha","0xff","0x1","0xffff","0xffff","65535","0xffff"
"UltimateSkills","5863","863","OYF","Father-Son Kamehameha","0x0","0x1","0xffff","0xffff","65535","0xffff"
"UltimateSkills","5864","864","FKMV","DUAL One-Handed Kamehameha","0xff","0x6","0xffff","0xffff","65535","0xffff"
"UltimateSkills","5870","870","MTB","Meteor Burst","0xff","0x1","0xffff","0xffff","65535","0xffff"
"UltimateSkills","5871","871","MTBV","DUAL Meteor Burst","0xff","0x6","0xffff","0xffff","65535","0xffff"
"UltimateSkills","5872","872","MTC","Meteor Burst","0x0","0x1","0xffff","0xffff","65535","0xffff"
"UltimateSkills","5880","880","NDL","Dimension Ray","0xff","0x1","0xffff","0xffff","65535","0xffff"
"UltimateSkills","5881","881","NDLV","DUAL Dimension Ray","0xff","0x6","0xffff","0xffff","65535","0xffff"
"UltimateSkills","5882","882","NDQ","","0x0","0x1","0xffff","0xffff","65535","0xffff"
"UltimateSkills","6100","1100","LFO","Lightning Impact","0xff","0x1","0xffff","0xffff","65535","0xffff"
"UltimateSkills","6101","1101","ISB","Innocence Breath","0x0","0x1","0xffff","0xffff","65535","0xffff"
"UltimateSkills","6102","1102","IST","Innocence Breath","0x0","0x1","0xffff","0xffff","65535","0xffff"
"UltimateSkills","6103","1103","LFC","Lightning Impact","0x0","0x1","0xffff","0xffff","65535","0xffff"
"UltimateSkills","6110","1110","EFC","Excellent Full Course","0xff","0x1","0xffff","0xffff","65535","0xffff"
"UltimateSkills","6111","1111","ALC","Appetizing Rush","0x0","0x0","0xffff","0xffff","65535","0xffff"
"UltimateSkills","6120","1120","GTI","Timespace Impact","0xff","0x1","0xffff","0xffff","65535","0xffff"
"UltimateSkills","6121","1121","GCC","Godly Chronos Cannon","0xff","0x1","0xffff","0xffff","65535","0xffff"
"UltimateSkills","6122","1122","GCR","","0x0","0x1","0xffff","0xffff","65535","0xffff"
"UltimateSkills","6130","1130","TFL","Thunder Flash","0xff","0x1","0xffff","0xffff","65535","0xffff"
"UltimateSkills","6131","1131","TFT","Thunder Flash","0x0","0x1","0xffff","0xffff","65535","0xffff"
"UltimateSkills","6140","1140","HZE","Destructive Fission","0xff","0x1","0xffff","0xffff","65535","0xffff"
"UltimateSkills","6141","1141","HZT","Destructive Fission","0x0","0x1","0xffff","0xffff","65535","0xffff"
"UltimateSkills","6150","1150","PWW","Power Wall","0xff","0x1","0xffff","0xffff","65535","0xffff"
"UltimateSkills","6151","1151","PWC","Power Wall","0x0","0x1","0xffff","0xffff","65535","0xffff"
"UltimateSkills","6160","1160","MEX","Meteor Explosion","0xff","0x1","0xffff","0xffff","65535","0xffff"
"UltimateSkills","6161","1161","MEXV","DUAL Meteor Explosion","0xff","0x6","0xffff","0xffff","65535","0xffff"
"UltimateSkills","6162","1162","MEC","Meteor Explosion","0x0","0x1","0xffff","0xffff","65535","0xffff"
"UltimateSkills","6170","1170","CSR","Crush Stream","0xff","0x1","0xffff","0xffff","65535","0xffff"
"UltimateSkills","6171","1171","CSC","Crush Stream","0x0","0x1","0xffff","0xffff","65535","0xffff"
"UltimateSkills","6180","1180","BSR","Blaster Stream","0xff","0x1","0xffff","0xffff","65535","0xffff"
"UltimateSkills","6181","1181","BSC","Blaster Stream","0x0","0x1","0xffff","0xffff","65535","0xffff"
"UltimateSkills","6200","1200","SOL","Soul Punisher","0xff","0x1","0xffff","0xffff","65535","0xffff"
"UltimateSkills","6210","1210","DKR","Darkness Rush (Ranged)","0x4","0x0","0xffff","0xffff","65535","0xffff"
"UltimateSkills","6211","1211","DKA","Darkness Rush (Melee)","0xfb","0x0","0xffff","0xffff","65535","0xffff"
"UltimateSkills","6212","1212","DKRV","DUAL Darkness Rush","0xff","0x5","0xffff","0xffff","65535","0xffff"
"UltimateSkills","6220","1220","ZBB","Elegant Blaster","0xff","0x1","0xffff","0xffff","65535","0xffff"
"UltimateSkills","6221","1221","ZBBV","DUAL Elegant Blaster","0xff","0x6","0xffff","0xffff","65535","0xffff"
"UltimateSkills","6230","1230","LNC","Dodoria Launcher","0xff","0x1","0xffff","0xffff","65535","0xffff"
"UltimateSkills","6231","1231","LNCV","DUAL Dodoria Launcher","0xff","0x6","0xffff","0xffff","65535","0xffff"
"UltimateSkills","6240","1240","MSF","Mystic Flash","0xff","0x1","0xffff","0xffff","65535","0xffff"
"UltimateSkills","6251","1251","CKD","Gigantic Ki Blast","0x0","0x1","0xffff","0xffff","65535","0xffff"
"UltimateSkills","6252","1252","CKA","Gigantic Ki Blast","0xff","0xa","0xffff","0xffff","65535","0xffff"
"UltimateSkills","6260","1260","WLD","Time Skip/Molotov","0xff","0x0","0xffff","0xffff","65535","0xffff"
"UltimateSkills","6261","1261","WLDV","DUAL Time Skip/Molotov","0xff","0x5","0xffff","0xffff","65535","0xffff"
"UltimateSkills","6310","1310","CBK","Super Black Kamehameha","0xff","0x1","0xffff","0xffff","65535","0xffff"
"UltimateSkills","6311","1311","CBC","Super Black Kamehameha","0x0","0x1","0xffff","0xffff","65535","0xffff"
"UltimateSkills","6312","1312","CBKV","DUAL Super Black Kamehameha","0xff","0x6","0xffff","0xffff","65535","0xffff"
"UltimateSkills","6320","1320","STR","Burning Strike","0xff","0x0","0xffff","0xffff","65535","0xffff"
"UltimateSkills","6321","1321","HPE","Sword of Hope","0xff","0x0","0xffff","0xffff","65535","0xffff"
"UltimateSkills","6322","1322","STC","Burning Strike","0x0","0x0","0xffff","0xffff","65535","0xffff"
"UltimateSkills","6323","1323","HPC","Sword of Hope","0x0","0x0","0xffff","0xffff","65535","0xffff"
"UltimateSkills","6324","1324","STRV","DUAL Burning Strike","0xff","0x5","0xffff","0xffff","65535","0xffff"
"UltimateSkills","6325","1325","STG","Burning Strike","0x0","0x0","0xffff","0xffff","65535","0xffff"
"UltimateSkills","6330","1330","PSN","Secret Poison","0xff","0x0","0xffff","0xffff","65535","0xffff"
"UltimateSkills","6331","1331","PST","Secret Poison","0x0","0x0","0xffff","0xffff","65535","0xffff"
"UltimateSkills","6332","1332","PSC","Secret Poison","0xff","0x0","0xffff","0xffff","65535","0xffff"
"UltimateSkills","6340","1340","IMP","Impulse Slash","0xff","0x0","0xffff","0xffff","65535","0xffff"
"UltimateSkills","6341","1341","IMC","Impulse Slash","0x0","0x0","0xffff","0xffff","65535","0xffff"
"UltimateSkills","6360","1360","RQM","Requiem of Destruction","0xff","0x1","0xffff","0xffff","65535","0xffff"
"UltimateSkills","6370","1370","TRT","God of Destruction's Menace","0xff","0x1","0xffff","0xffff","65535","0xffff"
"UltimateSkills","6380","1380","ZRZ","Instant Severance","0xff","0x0","0xffff","0xffff","65535","0xffff"
"UltimateSkills","6381","1381","ZRZV","DUAL Instant Severance","0xff","0x5","0xffff","0xffff","65535","0xffff"
"UltimateSkills","6382","1382","ZRC","Instant Severance","0x0","0x0","0xffff","0xffff","65535","0xffff"
"UltimateSkills","6383","1383","ZMSS","Instant Severance (Festival)","0x0","0x1","0xffff","0xffff","65535","0xffff"
"UltimateSkills","6390","1390","HAI","Divine Lasso","0xff","0x0","0xffff","0xffff","65535","0xffff"
"UltimateSkills","6391","1391","CRK","Super Black Kamehameha Rosé","0xff","0x1","0xffff","0xffff","65535","0xffff"
"UltimateSkills","6392","1392","HAC","Divine Lasso","0x0","0x0","0xffff","0xffff","65535","0xffff"
"UltimateSkills","6393","1393","HAIV","DUAL Divine Lasso","0xff","0x5","0xffff","0xffff","65535","0xffff"
"UltimateSkills","6400","1400","GRD","Grand Smasher","0xff","0x1","0xffff","0xffff","65535","0xffff"
"UltimateSkills","6401","1401","GRDV","DUAL Grand Smasher","0xff","0x6","0xffff","0xffff","65535","0xffff"
"UltimateSkills","6402","1402","GRQ","","0x0","0x1","0xffff","0xffff","65535","0xffff"
"UltimateSkills","6421","1421","GKR","Divine Wrath: Purification","0xff","0x1","0xffff","0xffff","65535","0xffff"
"UltimateSkills","6430","1430","UGK","Flames of Retribution","0x0","0x1","0xffff","0xffff","65535","0xffff"
"UltimateSkills","6440","1440","BUK","Super Kamehameha","0x0","0x1","0xffff","0xffff","65535","0xffff"
"UltimateSkills","6450","1450","EVB","Evil Blast","0xff","0x1","0xffff","0xffff","65535","0xffff"
"UltimateSkills","6451","1451","EVC","Evil Blast","0x0","0x1","0xffff","0xffff","65535","0xffff"
"UltimateSkills","6460","1460","SSD","S.S. Deadly Bomber","0xff","0x1","0xffff","0xffff","65535","0xffff"
"UltimateSkills","6461","1461","SSC","S.S. Deadly Bomber","0x0","0x1","0xffff","0xffff","65535","0xffff"
"UltimateSkills","6462","1462","SSQ","","0x0","0x1","0xffff","0xffff","65535","0xffff"
"UltimateSkills","6470","1470","BVA","Brave Sword Attack","0xff","0x0","0xffff","0xffff","65535","0xffff"
"UltimateSkills","6471","1471","BVAV","DUAL Brave Sword Attack","0xff","0x5","0xffff","0xffff","65535","0xffff"
"UltimateSkills","6490","1490","PRH","Power Rush","0xff","0x0","0x25","0xffff","65535","0xffff"
"UltimateSkills","6491","1491","PRR","Power Rush","0x0","0x0","0x25","0xffff","65535","0xffff"
"UltimateSkills","6492","1492","PRP","Power Rush","0x0","0x0","0x25","0xffff","65535","0xffff"
"UltimateSkills","6493","1493","PRJ","Power Rush","0x0","0x0","0x25","0xffff","65535","0xffff"
"UltimateSkills","6494","1494","PRHV","DUAL Power Rush","0xff","0x5","0xffff","0xffff","65535","0xffff"
"UltimateSkills","6495","1495","BLZ","Blazing Magnetron","0xff","0x1","0xffff","0xffff","65535","0xffff"
"UltimateSkills","6500","1500","DET","Remote Serious Bomb","0xff","0x1","0xffff","0xffff","65535","0xffff"
"UltimateSkills","6501","1501","DETV","DUAL Remote Serious Bomb","0xff","0x6","0xffff","0xffff","65535","0xffff"
"UltimateSkills","6502","1502","DTT","Remote Serious Bomb","0x0","0x1","0xffff","0xffff","65535","0xffff"
"UltimateSkills","6510","1510","GIN","Godly Display","0xff","0x0","0xffff","0xffff","65535","0xffff"
"UltimateSkills","6511","1511","CKS","Super Kamehameha","0xff","0x1","0xffff","0xffff","65535","0xffff"
"UltimateSkills","6520","1520","GBU","Gigantic Burst","0xff","0x1","0xffff","0xffff","65535","0xffff"
"UltimateSkills","6521","1521","GBUV","DUAL Gigantic Burst","0xff","0x6","0xffff","0xffff","65535","0xffff"
"UltimateSkills","6530","1530","RDB","Revenge Death Ball","0xff","0x1","0xffff","0xffff","65535","0xffff"
"UltimateSkills","6531","1531","RDBV","DUAL Revenge Death Ball","0xff","0x6","0xffff","0xffff","65535","0xffff"
"UltimateSkills","6540","1540","CKC","Super Kamehameha","0x0","0x1","0x26","0xffff","65535","0xffff"
"UltimateSkills","6541","1541","GPN","God Punisher","0xff","0x1","0xffff","0xffff","65535","0xffff"
"UltimateSkills","6542","1542","TM0S","God Punisher (Festival)","0x0","0x1","0xffff","0xffff","65535","0xffff"
"UltimateSkills","6550","1550","GRO","Gigantic Roar","0xff","0x1","0xffff","0xffff","65535","0xffff"
"UltimateSkills","6551","1551","GROV","DUAL Gigantic Roar","0xff","0x6","0xffff","0xffff","65535","0xffff"
"UltimateSkills","6560","1560","REL","Ribrianne's Eternal Love","0xff","0x1","0xffff","0xffff","65535","0xffff"
"UltimateSkills","6561","1561","RLS","Lovely Showtime","0x0","0x3","0xffff","0xffff","65535","0xffff"
"UltimateSkills","6570","1570","FEP","Final Explosion","0x0","0x1","0xffff","0xffff","65535","0xffff"
"UltimateSkills","6572","1572","RNB","Final Galick Rush","0x0","0x0","0xffff","0xffff","65535","0xffff"
"UltimateSkills","6580","1580","PRF","Prominence Flash","0xff","0x1","0xffff","0xffff","65535","0xffff"
"UltimateSkills","6581","1581","PRC","Prominence Flash","0x0","0x1","0xffff","0xffff","65535","0xffff"
"UltimateSkills","6582","1582","PRFV","DUAL Prominence Flash","0xff","0x6","0xffff","0xffff","65535","0xffff"
"UltimateSkills","6583","1583","PRG","Prominence Flash","0xff","0x1","0xffff","0xffff","65535","0xffff"
"UltimateSkills","6610","1610","METS","Meteor Smash","0xff","0x0","0xffff","0xffff","65535","0xffff"
"UltimateSkills","7010","2010","KZS","Sign of Awakening","0xff","0x1","0xffff","0xffff","65535","0xffff"
"UltimateSkills","7020","2020","CFL","Circle Flash","0xff","0x1","0xffff","0xffff","65535","0xffff"
"UltimateSkills","7040","2040","BCS","Super Big Bang Crash","0xff","0x1","0xffff","0xffff","65535","0xffff"
"UltimateSkills","7060","2060","SGB","Super Gamma Blast","0xff","0x1","0xffff","0xffff","65535","0xffff"
"UltimateSkills","7061","2061","SGZ","Super Gamma Blast","0x0","0x1","0xffff","0xffff","65535","0xffff"
"UltimateSkills","7070","2070","COR","Core Breaker","0xff","0x0","0xffff","0xffff","65535","0xffff"
"UltimateSkills","7071","2071","COT","Core Breaker","0xff","0x0","0xffff","0xffff","65535","0xffff"
"UltimateSkills","7080","2080","CKG","Super Kamehameha","0x0","0x1","0xffff","0xffff","65535","0xffff"
"UltimateSkills","7081","2081","GRS","Super Dragon Flight","0x0","0x0","0xffff","0xffff","65535","0xffff"
"UltimateSkills","7090","2090","MKB","Special Beam Cannon (Beast)","0xff","0x1","0xffff","0xffff","65535","0xffff"
"UltimateSkills","7091","2091","AXE","Beast Axe Slash","0x0","0x0","0xffff","0xffff","65535","0xffff"
"UltimateSkills","7100","2100","BRY","Evil Explosion","0x0","0x0","0xffff","0xffff","65535","0xffff"
"UltimateSkills","7101","2101","KDY","Light Grenade","0x0","0x1","0xffff","0xffff","65535","0xffff"
"UltimateSkills","7110","2110","DLB","Apocalyptic Burst","0xff","0x0","0xffff","0xffff","65535","0xffff"
"UltimateSkills","7120","2120","SCE","Explosive Scream","0x0","0x1","0xffff","0xffff","65535","0xffff"
"UltimateSkills","7130","2130","UE1","Pendulum Bullet","0xff","0x1","0xffff","0xffff","65535","0xffff"
"UltimateSkills","7140","2140","UV1","Justice Drive","0xff","0x0","0xffff","0xffff","65535","0xffff"
"UltimateSkills","7160","2160","UB1","Gigantic Explosion","0xff","0x1","0xffff","0xffff","65535","0xffff"
"UltimateSkills","7161","2161","UBC","Gigantic Explosion","0x0","0x1","0xffff","0xffff","65535","0xffff"
"UltimateSkills","7162","2162","UBQ","Gigantic Explosion","0x0","0x1","0xffff","0xffff","65535","0xffff"
"UltimateSkills","7170","2170","UG1","Final Rampage","0xff","0x0","0xffff","0xffff","65535","0xffff"
"UltimateSkills","7171","2171","UGC","Final Rampage","0x0","0x0","0xffff","0xffff","65535","0xffff"
"UltimateSkills","7180","2180","UR1","Divine Ray Bomb","0xff","0x1","0xffff","0xffff","65535","0xffff"
"UltimateSkills","7181","2181","URC","Divine Ray Bomb","0x0","0x1","0xffff","0xffff","65535","0xffff"
"UltimateSkills","7210","2210","HKL","God of Destruction's Might","0xff","0x1","0xffff","0xffff","65535","0xffff"
"UltimateSkills","7220","2220","UPI","Full Power Destruction","0xff","0x1","0xffff","0xffff","65535","0xffff"
"UltimateSkills","7221","2221","UPC","Full Power Destruction","0x0","0x1","0xffff","0xffff","65535","0xffff"
"UltimateSkills","7230","2230","TBG","Burst Blitz","0xff","0x0","0xffff","0xffff","65535","0xffff"
"UltimateSkills","7240","2240","CK4","Super Kamehameha (SS4 DAIMA)","0xff","0x1","0xffff","0xffff","65535","0xffff"
"UltimateSkills","7250","2250","FF3","Final Flash (SS3 DAIMA)","0xff","0x1","0xffff","0xffff","65535","0xffff"
"UltimateSkills","7260","2260","GBL","Gigantic Nova","0xff","0x1","0xffff","0xffff","65535","0xffff"
"UltimateSkills","7270","2270","GTF","Chaotic Time Impact","0xff","0x1","0xffff","0xffff","65535","0xffff"
"UltimateSkills","7280","2280","SBF","Last Emperor","0x0","0x1","0xffff","0xffff","65535","0xffff"
"UltimateSkills","7550","2550","GNV","Golden Supernova","0xff","0x1","0xffff","0xffff","65535","0xffff"
"UltimateSkills","7560","2560","IGN","Ignition Slash","0xff","0x0","0xffff","0xffff","65535","0xffff"
"UltimateSkills","7561","2561","PRK","Prominence Kamehameha","0xff","0x1","0xffff","0xffff","65535","0xffff"
"UltimateSkills","7570","2570","DFL","x10 Dragon Flash","0xff","0x1","0xffff","0xffff","65535","0xffff"
"UltimateSkills","7571","2571","CDS","Crimson Dragon Strike","0xff","0x0","0xffff","0xffff","65535","0xffff"
"UltimateSkills","7580","2580","FSS","Final Shining Strike","0xff","0x1","0xffff","0xffff","65535","0xffff"
"UltimateSkills","7581","2581","MXF","Final Galick Thrust","0xff","0x0","0xffff","0xffff","65535","0xffff"
"UltimateSkills","7590","2590","HPF","Hyper Flash","0xff","0x1","0xffff","0xffff","65535","0xffff"
"UltimateSkills","7591","2591","VLT","Whirlwind Blitz","0xff","0x0","0xffff","0xffff","65535","0xffff"
"UltimateSkills","7600","2600","JDG","Soul Judgment","0xff","0x1","0xffff","0xffff","65535","0xffff"
"UltimateSkills","7610","2610","TGS","Triple Golden Supernova","0x0","0x1","0xffff","0xffff","65535","0xffff"
"UltimateSkills","7611","2611","TGC","Triple Golden Supernova","0xff","0x1","0xffff","0xffff","65535","0xffff"
"UltimateSkills","7620","2620","VGR","Vanishing Grenade","0xff","0x1","0xffff","0xffff","65535","0xffff"
"UltimateSkills","7630","2630","PHP","Photon Pulse","0xff","0x1","0xffff","0xffff","65535","0xffff"
"UltimateSkills","7640","2640","PHR","Photon Rush","0xff","0x0","0xffff","0xffff","65535","0xffff"
"UltimateSkills","7650","2650","SDT","Impending Doom","0xff","0x1","0xffff","0xffff","65535","0xffff"
"UltimateSkills","7660","2660","CMO","Cosmic Overload","0xff","0x1","0xffff","0xffff","65535","0xffff"
"UltimateSkills","7670","2670","MXR","Maximum Ruin","0xff","0x1","0xffff","0xffff","65535","0xffff"
"UltimateSkills","7680","2680","DDH","S.S. Deadly Hammer","0xff","0x0","0xffff","0xffff","65535","0xffff"
"UltimateSkills","7690","2690","HTA","Hunting Arrow","0xff","0x1","0xffff","0xffff","65535","0xffff"
"UltimateSkills","7700","2700","MKR","Special Beam Cannon","0x0","0x0","0xffff","0xffff","65535","0xffff"
"UltimateSkills","7710","2710","SPM","Supernova (Mecha)","0xff","0x1","0xffff","0xffff","65535","0xffff"
"UltimateSkills","7720","2720","DSM","Dimensional Slash","0xff","0x0","0xffff","0xffff","65535","0xffff"
"UltimateSkills","7730","2730","SWR","Sweet Rampage","0x0","0x1","0xffff","0xffff","65535","0xffff"
"UltimateSkills","7740","2740","ZAP","Sky Zapper","0x0","0x1","0xffff","0xffff","65535","0xffff"
"UltimateSkills","7780","2780","ANB","Annihilation Gun","0xff","0x1","0xffff","0xffff","65535","0xffff"
"UltimateSkills","7790","2790","LNA","Lightning Arrow","0xff","0x1","0xffff","0xffff","65535","0xffff"
"UltimateSkills","7810","2810","SBR","Salza Blade Rush","0xff","0x0","0xffff","0xffff","65535","0xffff"
"UltimateSkills","7820","2820","DIC","Dirty Criminal","0xff","0x1","0xffff","0xffff","65535","0xffff"
"UltimateSkills","7821","2821","DIR","Dirty Criminal","0xff","0x1","0xffff","0xffff","65535","0xffff"
"UltimateSkills","7822","2822","GLB","Galactic Buster","0xff","0x1","0xffff","0xffff","65535","0xffff"
"UltimateSkills","7830","2830","FSB","Furious Bullet","0xff","0x1","0xffff","0xffff","65535","0xffff"
"UltimateSkills","7840","2840","PGY","Planet Geyser","0xff","0x1","0xffff","0xffff","65535","0xffff"
"UltimateSkills","7850","2850","DIM","Deadly Impact","0xff","0x1","0xffff","0xffff","65535","0xffff"
"UltimateSkills","7870","2870","RSC","Resist Cannon","0xff","0x1","0xffff","0xffff","65535","0xffff"
"UltimateSkills","7880","2880","BRK","Gigantic Wrath","0xff","0x1","0xffff","0xffff","65535","0xffff"
"UltimateSkills","7890","2890","RFL","Rageful Final Flash","0xff","0x1","0xffff","0xffff","65535","0xffff"
"UltimateSkills","7930","2930","GKR","Super Spirit Bomb","0xff","0x1","0xffff","0xffff","65535","0xffff"
"UltimateSkills","7940","2940","RAS","Instant Rasengan","0xff","0x1","0xffff","0xffff","65535","0xffff"
"UltimateSkills","8020","3020","GBK","Genocide Breaker","0xff","0x1","0xffff","0xffff","65535","0xffff"
"EvasiveSkills","10000","0","KAB","Spirit Explosion","0xff","0x0","0xffff","0xffff","65535","0xffff"
"EvasiveSkills","10001","1","KUR","Turn Retreat","0xff","0x0","0xffff","0xffff","65535","0xffff"
"EvasiveSkills","10050","50","BKC","High Tension Turn","0xff","0x0","0xffff","0xffff","65535","0xffff"
"EvasiveSkills","10060","60","KRZ","Spirit Slash","0xff","0x0","0xffff","0xffff","65535","0xffff"
"EvasiveSkills","10090","90","KAN","Super Explosive Wave","0xff","0x1","0xffff","0xffff","65535","0xffff"
"EvasiveSkills","10091","91","EMK","Special Beam Blast","0xff","0x1","0xffff","0xffff","65535","0xffff"
"EvasiveSkills","10101","101","SDK","Spread Shot Retreat","0xff","0x1","0xffff","0xffff","65535","0xffff"
"EvasiveSkills","10102","102","KLLK","Solar Flare (Festival)","0xff","0x4","0xffff","0xffff","65535","0xffff"
"EvasiveSkills","10130","130","SGH","Break Strike","0xff","0x1","0xffff","0xffff","65535","0xffff"
"EvasiveSkills","10160","160","KAI","Explosive Wave","0xff","0x1","0xffff","0xffff","65535","0xffff"
"EvasiveSkills","10180","180","PYN","Psycho Escape","0xff","0x4","0xffff","0xffff","65535","0xffff"
"EvasiveSkills","10181","181","SYG","Miracle Kneel","0xff","0x4","0xffff","0xffff","65535","0xffff"
"EvasiveSkills","10190","190","MDS","Mach Dash","0xff","0x3","0xc9","0xffff","65535","0xffff"
"EvasiveSkills","10200","200","FNP","Final Pose","0xff","0x3","0xca","0xffff","65535","0xffff"
"EvasiveSkills","10210","210","SPN","Spinning Blade","0xff","0x0","0xffff","0xffff","65535","0xffff"
"EvasiveSkills","10240","240","NGH","Psychic Move","0xff","0x0","0xffff","0xffff","65535","0xffff"
"EvasiveSkills","10260","260","AMB","Armored Boost","0xff","0x4","0xffff","0xffff","65535","0xffff"
"EvasiveSkills","10280","280","EFD","Energy Field","0xff","0x1","0xffff","0xffff","65535","0xffff"
"EvasiveSkills","10300","300","RBT","Rolling Bullet","0xff","0x1","0xffff","0xffff","65535","0xffff"
"EvasiveSkills","10310","310","BRI","Energy Barrier","0xff","0x0","0xffff","0xffff","65535","0xffff"
"EvasiveSkills","10331","331","SKJ","Instant Rise","0xff","0x4","0xffff","0xffff","65535","0xffff"
"EvasiveSkills","10340","340","SBJ","Super Back Jump","0xff","0x4","0xffff","0xffff","65535","0xffff"
"EvasiveSkills","10341","341","SFJ","Super Front Jump","0xff","0x4","0xffff","0xffff","65535","0xffff"
"EvasiveSkills","10342","342","SBC","Super Back Jump","0x0","0x4","0xffff","0xffff","65535","0xffff"
"EvasiveSkills","10343","343","VDLK","Eagle Kick (Festival)","0x0","0x0","0xffff","0xffff","65535","0xffff"
"EvasiveSkills","10350","350","CDY","Candy Beam","0x90","0x4","0xffff","0xffff","65535","0xffff"
"EvasiveSkills","10351","351","BUB","Buu Buu Ball","0x90","0x0","0xffff","0xffff","65535","0xffff"
"EvasiveSkills","10360","360","GMB","Dimension Cannon","0xff","0x1","0xffff","0xffff","65535","0xffff"
"EvasiveSkills","10370","370","SUT","Angry Shout","0xff","0x0","0xffff","0xffff","65535","0xffff"
"EvasiveSkills","10380","380","OKS","Victory Cannon","0xff","0x1","0xffff","0xffff","65535","0xffff"
"EvasiveSkills","10390","390","BAR","Force Shield","0xff","0x1","0xffff","0xffff","65535","0xffff"
"EvasiveSkills","10400","400","BSM","Blaster Meteor","0xff","0x1","0xffff","0xffff","65535","0xffff"
"EvasiveSkills","10410","410","DKP","Headshot","0xff","0x0","0xffff","0xffff","65535","0xffff"
"EvasiveSkills","10420","420","OTB","Maiden Burst","0xff","0x1","0xffff","0xffff","65535","0xffff"
"EvasiveSkills","10440","440","HOK","Howl","0x0","0x0","0xffff","0xffff","65535","0xffff"
"EvasiveSkills","10480","480","TMP","Absolute Zero","0xff","0x1","0xffff","0xffff","65535","0xffff"
"EvasiveSkills","10490","490","BRN","Dragon Burn","0xff","0x1","0xffff","0xffff","65535","0xffff"
"EvasiveSkills","10510","510","PNG","Punisher Guard","0xff","0x4","0xffff","0xffff","65535","0xffff"
"EvasiveSkills","10531","531","ARP","Peeler Storm","0xff","0xa","0xffff","0xffff","65535","0xffff"
"EvasiveSkills","10540","540","ENB","Energy Boil","0x0","0x1","0xffff","0xffff","65535","0xffff"
"EvasiveSkills","10630","630","SEV","Science Vanish","0x0","0x4","0xffff","0xffff","65535","0xffff"
"EvasiveSkills","10635","635","SEM","Science Vanish","0x0","0x4","0xffff","0xffff","65535","0xffff"
"EvasiveSkills","10650","650","WRP","Warp","0x0","0x4","0xffff","0xffff","65535","0xffff"
"EvasiveSkills","10670","670","OSC","Elite Barrage","0x0","0x0","0xffff","0xffff","65535","0xffff"
"EvasiveSkills","10690","690","BFL","Burst Flare","0xff","0x1","0xffff","0xffff","65535","0xffff"
"EvasiveSkills","10840","840","TLP","Hyper Movement","0xff","0x0","0xffff","0xffff","65535","0xffff"
"EvasiveSkills","10850","850","FBL","Fake Blast","0xff","0x1","0xffff","0xffff","65535","0xffff"
"EvasiveSkills","10860","860","FBR","Energy Dome","0xff","0x1","0xffff","0xffff","65535","0xffff"
"EvasiveSkills","11100","1100","INB","Brutal Buster","0xff","0x0","0xffff","0xffff","65535","0xffff"
"EvasiveSkills","11110","1110","ADO","Total Evasion","0x0","0x1","0xffff","0xffff","65535","0xffff"
"EvasiveSkills","11120","1120","CHW","Chaos Wall","0xff","0x1","0xffff","0xffff","65535","0xffff"
"EvasiveSkills","11150","1150","BOE","Mighty Explosive Wave","0x0","0x1","0xffff","0xffff","65535","0xffff"
"EvasiveSkills","11220","1220","ZBK","Bloody Counter","0xff","0x0","0xffff","0xffff","65535","0xffff"
"EvasiveSkills","11350","1350","FKE","Time Skip/Tremor Pulse","0xff","0x0","0xffff","0xffff","65535","0xffff"
"EvasiveSkills","11430","1430","GUK","Flames of Retribution","0x0","0x1","0xffff","0xffff","65535","0xffff"
"EvasiveSkills","11510","1510","SJG","Instant Rise","0x0","0x4","0xffff","0xffff","65535","0xffff"
"EvasiveSkills","11520","1520","BSK","Blaster Meteor","0x0","0x1","0xffff","0xffff","65535","0xffff"
"EvasiveSkills","11550","1550","SJB","Instant Rise","0x0","0x4","0xffff","0xffff","65535","0xffff"
"EvasiveSkills","11560","1560","OTR","Maiden Burst","0x0","0x1","0xffff","0xffff","65535","0xffff"
"EvasiveSkills","11570","1570","FSE","Flash Strike","0x0","0x1","0xffff","0xffff","65535","0xffff"
"EvasiveSkills","12010","2010","TEN","Celestial Wave","0xff","0x1","0xffff","0xffff","65535","0xffff"
"EvasiveSkills","12080","2080","KRG","Spirit Slash","0x0","0x0","0xffff","0xffff","65535","0xffff"
"EvasiveSkills","12090","2090","MSE","Evil Whirlwind","0x0","0x0","0xffff","0xffff","65535","0xffff"
"EvasiveSkills","12100","2100","MKE","Evil Flight Strike","0x0","0x0","0xffff","0xffff","65535","0xffff"
"EvasiveSkills","12122","2122","MBA","Max Barrier","0x0","0x0","0xffff","0xffff","65535","0xffff"
"EvasiveSkills","12260","2260","SYB","Saiyan Blaster","0xff","0x1","0xffff","0xffff","65535","0xffff"
"EvasiveSkills","12560","2560","BLB","Nova Barrier","0xff","0x1","0xffff","0xffff","65535","0xffff"
"EvasiveSkills","12590","2590","ENS","Nova Strike","0xff","0x0","0xffff","0xffff","65535","0xffff"
"EvasiveSkills","12600","2600","SED","Super Evasive Dance","0xff","0x0","0xffff","0xffff","65535","0xffff"
"EvasiveSkills","12630","2630","BSH","Barrier Sphere","0xff","0x1","0xffff","0xffff","65535","0xffff"
"EvasiveSkills","12640","2640","EVK","Evading Kamehameha","0xff","0x1","0xffff","0xffff","65535","0xffff"
"EvasiveSkills","12730","2730","TEX","Total Explosion","0xff","0x1","0xffff","0xffff","65535","0xffff"
"EvasiveSkills","12820","2820","EPB","Psycho Barrier","0xff","0x1","0xffff","0xffff","65535","0xffff"
"EvasiveSkills","12840","2840","GBO","Gigantic Bomber","0xff","0x0","0xffff","0xffff","65535","0xffff"
"BlastSkills","20340","340","NML","","0x0","0x1","0xffff","0xffff","65535","0xffff"
"BlastSkills","20400","400","BOM","","0x0","0x1","0xffff","0xffff","65535","0xffff"
"BlastSkills","20520","520","ISI","","0x0","0x0","0xffff","0xffff","65535","0xffff"
"BlastSkills","20600","600","POW","","0x0","0x1","0xffff","0xffff","65535","0xffff"
"BlastSkills","20630","630","PAL","","0x0","0x1","0xffff","0xffff","65535","0xffff"
"BlastSkills","20650","650","HOM","","0x0","0x1","0xffff","0xffff","65535","0xffff"
"BlastSkills","20750","750","POW","","0x0","0x1","0xffff","0xffff","65535","0xffff"
"BlastSkills","20830","830","POW","","0x0","0x1","0xffff","0xffff","65535","0xffff"
"BlastSkills","20860","860","POW","","0x0","0x1","0xffff","0xffff","65535","0xffff"
"BlastSkills","21080","1080","POW","","0xff","0x1","0xffff","0xffff","65535","0xffff"
"BlastSkills","21081","1081","RSH","","0xff","0x1","0xffff","0xffff","65535","0xffff"
"BlastSkills","21082","1082","BOM","","0xff","0x1","0xffff","0xffff","65535","0xffff"
"BlastSkills","21083","1083","HOM","","0xff","0x1","0xffff","0xffff","65535","0xffff"
"BlastSkills","21084","1084","PAL","","0xff","0x1","0xffff","0xffff","65535","0xffff"
"BlastSkills","21085","1085","GBM","","0xff","0x1","0xffff","0xffff","65535","0xffff"
"BlastSkills","21086","1086","MAS","","0xff","0x0","0xffff","0xffff","65535","0xffff"
"BlastSkills","21087","1087","HRS","","0xff","0x1","0xffff","0xffff","65535","0xffff"
"BlastSkills","21088","1088","ISA","","0xff","0x1","0xffff","0xffff","65535","0xffff"
"BlastSkills","21089","1089","GOA","","0xff","0x1","0xffff","0xffff","65535","0xffff"
"BlastSkills","21090","1090","GTA","","0xff","0x1","0xffff","0xffff","65535","0xffff"
"BlastSkills","21091","1091","MGA","","0x0","0x1","0xffff","0xffff","65535","0xffff"
"BlastSkills","21110","1110","RSH","","0xff","0x1","0xffff","0xffff","65535","0xffff"
"BlastSkills","21120","1120","STP","","0x0","0x1","0xffff","0xffff","65535","0xffff"
"BlastSkills","21140","1140","BOM","","0xff","0x1","0xffff","0xffff","65535","0xffff"
"BlastSkills","21180","1180","POW","","0x0","0x1","0xffff","0xffff","65535","0xffff"
"BlastSkills","21260","1260","POW","","0x0","0x1","0xffff","0xffff","65535","0xffff"
"BlastSkills","21350","1350","POW","","0x0","0x1","0xffff","0xffff","65535","0xffff"
"BlastSkills","21360","1360","HOM","","0x0","0x1","0xffff","0xffff","65535","0xffff"
"BlastSkills","21510","1510","POW","","0x0","0x1","0xffff","0xffff","65535","0xffff"
"BlastSkills","21550","1550","BOM","","0x0","0x1","0xffff","0xffff","65535","0xffff"
"BlastSkills","21560","1560","RSH","","0x0","0x1","0xffff","0xffff","65535","0xffff"
"BlastSkills","22060","2060","GLO","","0x0","0x1","0xffff","0xffff","65535","0xffff"
"BlastSkills","22070","2070","GLT","","0x0","0x1","0xffff","0xffff","65535","0xffff"
"BlastSkills","22210","2210","PAL","","0x0","0x1","0xffff","0xffff","65535","0xffff"
"AwakenSkills","25000","0","SSJ","Super Saiyan (1-3)","0x42","0x2","0x1e","0x0","10000","0xffff"
"AwakenSkills","25001","1","KIN","Power Pole Pro","0x21","0x2","0x69","0xb","65535","0xffff"
"AwakenSkills","25002","2","GNT","Giant Form","0x4","0x2","0x6a","0xc","65535","0xffff"
"AwakenSkills","25003","3","GLD","Golden Form","0x8","0x2","0x6b","0xd","65535","0xffff"
"AwakenSkills","25004","4","MAP","Purification","0x90","0x2","0x6c","0xe","0","0x6c"
"AwakenSkills","25005","5","KOK","Kaioken","0xff","0x2","0x2","0x4","65535","0xffff"
"AwakenSkills","25006","6","AWK","Potential Unleashed","0xff","0x2","0x64","0xfc","65535","0xffff"
"AwakenSkills","25007","7","GS1","Super Saiyan","0x0","0x2","0x1e","0x0","100","0xffff"
"AwakenSkills","25008","8","GS2","Super Saiyan (1-2)","0x0","0x2","0x1e","0x0","100","0xffff"
"AwakenSkills","25009","9","GS3","Super Saiyan (1-3)","0x0","0x2","0x1e","0x0","100","0xffff"
"AwakenSkills","25030","30","SGM","Super Saiyan God","0x2","0x2","0x2720","0x34","10003","0xffff"
"AwakenSkills","25031","31","SGF","Super Saiyan God","0x40","0x2","0x2720","0x34","10003","0xffff"
"AwakenSkills","25040","40","GS4","Super Saiyan (1/3)","0x0","0x2","0x1e","0x0","100","0xffff"
"AwakenSkills","25070","70","GH2","Super Saiyan 2","0x0","0x2","0x1f","0x1","101","0xffff"
"AwakenSkills","25080","80","ULT","Potential Unleashed","0x0","0x2","0x271c","0x3","102","0xffff"
"AwakenSkills","25160","160","VS1","Super Saiyan (Vegeta)","0x0","0x2","0x271b","0x0","100","0xffff"
"AwakenSkills","25161","161","VS2","Super Saiyan (1-2) (Vegeta)","0x0","0x2","0x22","0x0","100","0xffff"
"AwakenSkills","25162","162","VSA","Super Saiyan (1-2) (Vegeta)","0x42","0x2","0x22","0x0","10000","0xffff"
"AwakenSkills","25240","240","TGD","True Golden Form","0x8","0x2","0x2712","0x38","100","0xffff"
"AwakenSkills","25320","320","VL1","Supervillain (Giant)","0x0","0x2","0xffff","0x10","1","0xffff"
"AwakenSkills","25321","321","VL2","Supervillain (Giant)","0x0","0x2","0xffff","0x10","2","0xffff"
"AwakenSkills","25322","322","VL3","Supervillain (Giant)","0x0","0x2","0xffff","0x10","3","0xffff"
"AwakenSkills","25323","323","VML","","0x0","0x2","0xffff","0xf","65535","0xffff"
"AwakenSkills","25324","324","VMA","","0x0","0x2","0xffff","0xf","65535","0xffff"
"AwakenSkills","25325","325","VMS","","0x42","0x2","0xffff","0xf","102","0xffff"
"AwakenSkills","25326","326","VMG","","0x8","0x2","0xffff","0xf","65535","0xffff"
"AwakenSkills","25327","327","VMT","","0x0","0x2","0xffff","0xf","65535","0xffff"
"AwakenSkills","25328","328","VMF","","0x0","0x2","0xffff","0x1d","65535","0xffff"
"AwakenSkills","25330","330","VCG","","0x0","0x2","0xffff","0x20","65535","0xffff"
"AwakenSkills","25331","331","VCB","","0x0","0x2","0xffff","0x21","65535","0xffff"
"AwakenSkills","25390","390","SVT","Super Saiyan (Vegito)","0x0","0x2","0x1e","0x0","100","0xffff"
"AwakenSkills","25400","400","LSS","Legendary Super Saiyan (2/3)","0x0","0x2","0x2713","0x35","100","0xffff"
"AwakenSkills","25410","410","BLP","70% Power","0x0","0x2","0x78","0x40","100","0xffff"
"AwakenSkills","25420","420","SC1","Super Saiyan","0x0","0x2","0x1e","0x0","65535","0xffff"
"AwakenSkills","25800","800","BLK","Super Saiyan Blue Kaioken","0x0","0x2","0x6e","0x14","4","0xffff"
"AwakenSkills","25801","801","SGS","Super Saiyan Blue","0x42","0x2","0x2721","0x18","10004","0xffff"
"AwakenSkills","25860","860","SSF","Super Saiyan (Future)","0x42","0x2","0x24","0x0","100","0xffff"
"AwakenSkills","25861","861","SFA","Super Saiyan (Future)","0x42","0x2","0x24","0x0","10000","0xffff"
"AwakenSkills","26160","1160","SJG","Super Saiyan (Gogeta)","0x0","0x2","0x70","0x0","100","0xffff"
"AwakenSkills","26170","1170","SCS","Super Saiyan (Caulifla)","0x0","0x2","0x1e","0x0","100","0xffff"
"AwakenSkills","26200","1200","GG1S","Super Saiyan 3","0x0","0x2","0x271d","0x2","102","0xffff"
"AwakenSkills","26350","1350","LVU","Pure Progress","0x0","0x2","0x73","0x16","65535","0xffff"
"AwakenSkills","26510","1510","MGT","Ultra Instinct","0xff","0x2","0x2723","0xfa","10007","0xffff"
"AwakenSkills","26511","1511","MGQ","","0xff","0x2","0x7a","0xfa","10007","0xffff"
"AwakenSkills","26520","1520","SKF","Super Saiyan (Kefla)","0x0","0x2","0x2710","0x39","65535","0xffff"
"AwakenSkills","26570","1570","SGE","Super Saiyan Blue Evolution","0x42","0x2","0x2722","0x33","10005","0xffff"
"AwakenSkills","26610","1610","FEV","Frieza's Evolution","0x0","0x2","0x84","0x30","0","0x9f"
"AwakenSkills","26611","1611","ZTF","This is my true form!","0x0","0x2","0x81","0x45","0","0xa4"
"AwakenSkills","27020","2020","SFM","Supersonic Mode","0x0","0x2","0x78","0x1b","100","0xffff"
"AwakenSkills","27080","2080","ULG","Potential Unleashed (Gohan)","0x0","0x2","0x271e","0x3","102","0xffff"
"AwakenSkills","27081","2081","BEA","Beast","0xff","0x2","0x79","0xfb","10006","0xffff"
"AwakenSkills","27082","2082","BEQ","","0xff","0x2","0x79","0xfb","10006","0xffff"
"AwakenSkills","27100","2100","PAW","Power Awakening","0x0","0x2","0x271f","0x3f","100","0xffff"
"AwakenSkills","27160","2160","MB1","Restrained Super Saiyan","0x0","0x2","0x7c","0x1f","0","0xdb"
"AwakenSkills","27161","2161","MB1","Super Saiyan (Broly)","0x0","0x2","0x7c","0x41","1","0xdb"
"AwakenSkills","27260","2260","SSB","Super Saiyan","0x0","0x2","0x82","0x23","0","0xe6"
"AwakenSkills","27500","2500","STR","Super Saiyan (Future) (1-Grade 3)","0x0","0x2","0x2716","0x3b","103","0xffff"
"AwakenSkills","27501","2501","ST1","Super Saiyan","0x42","0x2","0x24","0x0","105","0xffff"
"AwakenSkills","27510","2510","SVG","Super Saiyan (1-Grade 2)","0x0","0x2","0x2718","0x3d","100","0xffff"
"AwakenSkills","27520","2520","SG1","Super Saiyan","0x0","0x2","0x1e","0x0","150","0xffff"
"AwakenSkills","27521","2521","GS2S","Super Saiyan (1-2)","0x0","0x2","0x1e","0x42","100","0xffff"
